{
  "type": "FeatureCollection",
  "name": "Control Zones",
  "features": [
    {
      "type": "Feature",
      "properties": {
        "id": "EBAW-CTR",
        "name": "Antwerpen CTR",
        "category": "Civil",
        "lowerLimit": "GND",
        "upperLimit": "2500FT AMSL",
        "airspaceClass": "D",
        "controlUnit": "Antwerpen Tower",
        "hours": "As AD Operator",
        "lateralLimits": "511606N 0041600E - 511606N 0043737E - 511005N 0044746E - 510432N 0041845E - clockwise arc radius 8 NM centred at 511107N 0042600E to 511606N 0041600E.",
        "aipSource": "Belgium & Luxembourg AIP EBAW AD 2.17, AMDT 008/2026",
        "geometryNote": "Published AIP points retained exactly; circular arcs sampled geodesically at no more than one degree."
      },
      "geometry": {
        "type": "Polygon",
        "coordinates": [
          [
            [
              4.266666666666667,
              51.26833333333333
            ],
            [
              4.626944444444445,
              51.26833333333333
            ],
            [
              4.796111111111111,
              51.168055555555554
            ],
            [
              4.3125,
              51.07555555555556
            ],
            [
              4.3095949,
              51.07699971
            ],
            [
              4.3066078,
              51.07836801
            ],
            [
              4.30365893,
              51.07976875
            ],
            [
              4.3007492,
              51.08120149
            ],
            [
              4.29787947,
              51.08266581
            ],
            [
              4.29505063,
              51.08416126
            ],
            [
              4.29226353,
              51.08568739
            ],
            [
              4.28951901,
              51.08724374
            ],
            [
              4.28681791,
              51.08882983
            ],
            [
              4.28416105,
              51.0904452
            ],
            [
              4.28154924,
              51.09208936
            ],
            [
              4.27898326,
              51.09376179
            ],
            [
              4.27646391,
              51.09546202
            ],
            [
              4.27399194,
              51.0971895
            ],
            [
              4.2715681,
              51.09894374
            ],
            [
              4.26919314,
              51.10072419
            ],
            [
              4.26686778,
              51.10253032
            ],
            [
              4.26459273,
              51.10436158
            ],
            [
              4.26236867,
              51.10621742
            ],
            [
              4.2601963,
              51.10809728
            ],
            [
              4.25807626,
              51.11000059
            ],
            [
              4.25600922,
              51.11192677
            ],
            [
              4.25399579,
              51.11387524
            ],
            [
              4.25203661,
              51.11584542
            ],
            [
              4.25013226,
              51.11783671
            ],
            [
              4.24828332,
              51.11984849
            ],
            [
              4.24649038,
              51.12188018
            ],
            [
              4.24475397,
              51.12393114
            ],
            [
              4.24307463,
              51.12600077
            ],
            [
              4.24145287,
              51.12808843
            ],
            [
              4.2398892,
              51.13019349
            ],
            [
              4.23838409,
              51.13231532
            ],
            [
              4.23693801,
              51.13445327
            ],
            [
              4.2355514,
              51.13660669
            ],
            [
              4.2342247,
              51.13877494
            ],
            [
              4.23295831,
              51.14095735
            ],
            [
              4.23175263,
              51.14315327
            ],
            [
              4.23060803,
              51.14536203
            ],
            [
              4.22952486,
              51.14758296
            ],
            [
              4.22850346,
              51.14981539
            ],
            [
              4.22754416,
              51.15205864
            ],
            [
              4.22664724,
              51.15431203
            ],
            [
              4.225813,
              51.15657487
            ],
            [
              4.22504169,
              51.15884649
            ],
            [
              4.22433356,
              51.16112619
            ],
            [
              4.22368883,
              51.16341328
            ],
            [
              4.2231077,
              51.16570706
            ],
            [
              4.22259037,
              51.16800685
            ],
            [
              4.222137,
              51.17031194
            ],
            [
              4.22174773,
              51.17262164
            ],
            [
              4.2214227,
              51.17493523
            ],
            [
              4.22116201,
              51.17725203
            ],
            [
              4.22096575,
              51.17957132
            ],
            [
              4.22083399,
              51.18189241
            ],
            [
              4.22076678,
              51.18421458
            ],
            [
              4.22076416,
              51.18653713
            ],
            [
              4.22082612,
              51.18885936
            ],
            [
              4.22095266,
              51.19118056
            ],
            [
              4.22114376,
              51.19350002
            ],
            [
              4.22139936,
              51.19581705
            ],
            [
              4.2217194,
              51.19813093
            ],
            [
              4.22210379,
              51.20044096
            ],
            [
              4.22255242,
              51.20274644
            ],
            [
              4.22306517,
              51.20504666
            ],
            [
              4.22364188,
              51.20734094
            ],
            [
              4.2242824,
              51.20962857
            ],
            [
              4.22498654,
              51.21190885
            ],
            [
              4.22575408,
              51.21418109
            ],
            [
              4.22658482,
              51.21644459
            ],
            [
              4.2274785,
              51.21869868
            ],
            [
              4.22843486,
              51.22094266
            ],
            [
              4.22945363,
              51.22317585
            ],
            [
              4.23053449,
              51.22539758
            ],
            [
              4.23167713,
              51.22760715
            ],
            [
              4.23288121,
              51.2298039
            ],
            [
              4.23414637,
              51.23198717
            ],
            [
              4.23547223,
              51.23415627
            ],
            [
              4.2368584,
              51.23631057
            ],
            [
              4.23830447,
              51.23844939
            ],
            [
              4.23981,
              51.24057208
            ],
            [
              4.24137454,
              51.24267801
            ],
            [
              4.24299762,
              51.24476651
            ],
            [
              4.24467876,
              51.24683697
            ],
            [
              4.24641745,
              51.24888875
            ],
            [
              4.24821316,
              51.25092121
            ],
            [
              4.25006536,
              51.25293375
            ],
            [
              4.25197349,
              51.25492575
            ],
            [
              4.25393698,
              51.25689659
            ],
            [
              4.25595522,
              51.25884568
            ],
            [
              4.25802762,
              51.26077242
            ],
            [
              4.26015355,
              51.26267623
            ],
            [
              4.26233236,
              51.26455652
            ],
            [
              4.26456339,
              51.26641272
            ],
            [
              4.266666666666667,
              51.26833333333333
            ]
          ]
        ]
      }
    },
    {
      "type": "Feature",
      "properties": {
        "id": "EBBR-CTR",
        "name": "Brussels CTR",
        "category": "Civil",
        "lowerLimit": "GND",
        "upperLimit": "1500FT AMSL",
        "airspaceClass": "D",
        "controlUnit": "Brussels Tower",
        "hours": "H24",
        "lateralLimits": "504434N 0043404E - clockwise arc radius 10 NM centred at 505405N 0042904E to 505203N 0044435E - 504434N 0043404E.",
        "aipSource": "Belgium & Luxembourg AIP EBBR AD 2.17, AMDT 008/2026",
        "geometryNote": "Published AIP points retained exactly; circular arcs sampled geodesically at no more than one degree.",
        "remarks": "Partially class G during EBGB operational hours as specified in the AIP."
      },
      "geometry": {
        "type": "Polygon",
        "coordinates": [
          [
            [
              4.567777777777778,
              50.74277777777778
            ],
            [
              4.56313804,
              50.74242703
            ],
            [
              4.55875563,
              50.74158767
            ],
            [
              4.55435097,
              50.74079651
            ],
            [
              4.54992536,
              50.74005379
            ],
            [
              4.54548015,
              50.73935973
            ],
            [
              4.54101665,
              50.73871455
            ],
            [
              4.53653621,
              50.73811844
            ],
            [
              4.53204016,
              50.73757156
            ],
            [
              4.52752987,
              50.7370741
            ],
            [
              4.52300667,
              50.73662619
            ],
            [
              4.51847192,
              50.73622797
            ],
            [
              4.51392699,
              50.73587956
            ],
            [
              4.50937322,
              50.73558107
            ],
            [
              4.504812,
              50.73533258
            ],
            [
              4.50024467,
              50.73513417
            ],
            [
              4.49567261,
              50.73498589
            ],
            [
              4.49109719,
              50.7348878
            ],
            [
              4.48651978,
              50.73483992
            ],
            [
              4.48194175,
              50.73484226
            ],
            [
              4.47736446,
              50.73489483
            ],
            [
              4.4727893,
              50.73499761
            ],
            [
              4.46821762,
              50.73515057
            ],
            [
              4.46365081,
              50.73535366
            ],
            [
              4.45909022,
              50.73560682
            ],
            [
              4.45453722,
              50.73590998
            ],
            [
              4.44999318,
              50.73626304
            ],
            [
              4.44545945,
              50.7366659
            ],
            [
              4.4409374,
              50.73711844
            ],
            [
              4.43642838,
              50.73762053
            ],
            [
              4.43193374,
              50.738172
            ],
            [
              4.42745482,
              50.73877271
            ],
            [
              4.42299297,
              50.73942246
            ],
            [
              4.41854953,
              50.74012107
            ],
            [
              4.41412582,
              50.74086832
            ],
            [
              4.40972318,
              50.74166399
            ],
            [
              4.40534292,
              50.74250784
            ],
            [
              4.40098636,
              50.74339962
            ],
            [
              4.3966548,
              50.74433907
            ],
            [
              4.39234954,
              50.74532589
            ],
            [
              4.38807187,
              50.7463598
            ],
            [
              4.38382308,
              50.74744048
            ],
            [
              4.37960445,
              50.74856762
            ],
            [
              4.37541723,
              50.74974086
            ],
            [
              4.37126269,
              50.75095987
            ],
            [
              4.36714208,
              50.75222428
            ],
            [
              4.36305662,
              50.7535337
            ],
            [
              4.35900756,
              50.75488775
            ],
            [
              4.3549961,
              50.75628602
            ],
            [
              4.35102345,
              50.75772809
            ],
            [
              4.34709081,
              50.75921352
            ],
            [
              4.34319937,
              50.76074188
            ],
            [
              4.33935028,
              50.7623127
            ],
            [
              4.33554472,
              50.76392551
            ],
            [
              4.33178382,
              50.76557983
            ],
            [
              4.32806872,
              50.76727516
            ],
            [
              4.32440054,
              50.769011
            ],
            [
              4.32078039,
              50.77078682
            ],
            [
              4.31720935,
              50.77260209
            ],
            [
              4.31368851,
              50.77445626
            ],
            [
              4.31021893,
              50.77634879
            ],
            [
              4.30680165,
              50.77827909
            ],
            [
              4.30343771,
              50.78024659
            ],
            [
              4.30012813,
              50.7822507
            ],
            [
              4.2968739,
              50.78429083
            ],
            [
              4.29367601,
              50.78636634
            ],
            [
              4.29053543,
              50.78847663
            ],
            [
              4.28745311,
              50.79062106
            ],
            [
              4.28442999,
              50.79279898
            ],
            [
              4.28146697,
              50.79500974
            ],
            [
              4.27856497,
              50.79725267
            ],
            [
              4.27572486,
              50.7995271
            ],
            [
              4.2729475,
              50.80183236
            ],
            [
              4.27023374,
              50.80416773
            ],
            [
              4.26758441,
              50.80653252
            ],
            [
              4.26500031,
              50.80892603
            ],
            [
              4.26248222,
              50.81134752
            ],
            [
              4.26003092,
              50.81379628
            ],
            [
              4.25764716,
              50.81627156
            ],
            [
              4.25533166,
              50.81877262
            ],
            [
              4.25308513,
              50.8212987
            ],
            [
              4.25090826,
              50.82384906
            ],
            [
              4.24880172,
              50.82642291
            ],
            [
              4.24676614,
              50.82901948
            ],
            [
              4.24480217,
              50.83163799
            ],
            [
              4.24291039,
              50.83427766
            ],
            [
              4.24109139,
              50.83693768
            ],
            [
              4.23934574,
              50.83961726
            ],
            [
              4.23767397,
              50.84231559
            ],
            [
              4.23607661,
              50.84503184
            ],
            [
              4.23455413,
              50.84776522
            ],
            [
              4.23310702,
              50.85051488
            ],
            [
              4.23173572,
              50.85328001
            ],
            [
              4.23044067,
              50.85605976
            ],
            [
              4.22922227,
              50.8588533
            ],
            [
              4.22808089,
              50.86165979
            ],
            [
              4.2270169,
              50.86447837
            ],
            [
              4.22603064,
              50.86730821
            ],
            [
              4.22512241,
              50.87014843
            ],
            [
              4.2242925,
              50.87299819
            ],
            [
              4.22354118,
              50.87585663
            ],
            [
              4.22286869,
              50.87872287
            ],
            [
              4.22227525,
              50.88159606
            ],
            [
              4.22176104,
              50.88447533
            ],
            [
              4.22132625,
              50.8873598
            ],
            [
              4.22097102,
              50.89024861
            ],
            [
              4.22069547,
              50.89314087
            ],
            [
              4.2204997,
              50.89603573
            ],
            [
              4.22038377,
              50.89893229
            ],
            [
              4.22034775,
              50.90182969
            ],
            [
              4.22039166,
              50.90472704
            ],
            [
              4.2205155,
              50.90762347
            ],
            [
              4.22071925,
              50.91051811
            ],
            [
              4.22100285,
              50.91341007
            ],
            [
              4.22136625,
              50.91629848
            ],
            [
              4.22180933,
              50.91918247
            ],
            [
              4.222332,
              50.92206116
            ],
            [
              4.22293409,
              50.92493368
            ],
            [
              4.22361545,
              50.92779916
            ],
            [
              4.22437588,
              50.93065673
            ],
            [
              4.22521516,
              50.93350552
            ],
            [
              4.22613306,
              50.93634468
            ],
            [
              4.22712931,
              50.93917333
            ],
            [
              4.22820363,
              50.94199063
            ],
            [
              4.22935569,
              50.94479571
            ],
            [
              4.23058518,
              50.94758773
            ],
            [
              4.23189171,
              50.95036583
            ],
            [
              4.23327493,
              50.95312918
            ],
            [
              4.23473441,
              50.95587694
            ],
            [
              4.23626973,
              50.95860826
            ],
            [
              4.23788043,
              50.96132233
            ],
            [
              4.23956604,
              50.96401831
            ],
            [
              4.24132606,
              50.9666954
            ],
            [
              4.24315997,
              50.96935276
            ],
            [
              4.24506723,
              50.97198961
            ],
            [
              4.24704725,
              50.97460512
            ],
            [
              4.24909947,
              50.97719852
            ],
            [
              4.25122325,
              50.97976901
            ],
            [
              4.25341798,
              50.98231581
            ],
            [
              4.25568299,
              50.98483814
            ],
            [
              4.25801761,
              50.98733524
            ],
            [
              4.26042113,
              50.98980635
            ],
            [
              4.26289284,
              50.99225072
            ],
            [
              4.265432,
              50.99466759
            ],
            [
              4.26803783,
              50.99705624
            ],
            [
              4.27070957,
              50.99941594
            ],
            [
              4.2734464,
              51.00174597
            ],
            [
              4.2762475,
              51.00404561
            ],
            [
              4.27911203,
              51.00631418
            ],
            [
              4.28203912,
              51.00855097
            ],
            [
              4.28502789,
              51.01075531
            ],
            [
              4.28807745,
              51.01292653
            ],
            [
              4.29118686,
              51.01506396
            ],
            [
              4.29435519,
              51.01716695
            ],
            [
              4.29758148,
              51.01923486
            ],
            [
              4.30086475,
              51.02126706
            ],
            [
              4.30420401,
              51.02326293
            ],
            [
              4.30759825,
              51.02522186
            ],
            [
              4.31104645,
              51.02714325
            ],
            [
              4.31454755,
              51.02902652
            ],
            [
              4.31810049,
              51.0308711
            ],
            [
              4.32170419,
              51.03267641
            ],
            [
              4.32535757,
              51.03444191
            ],
            [
              4.32905951,
              51.03616706
            ],
            [
              4.33280889,
              51.03785134
            ],
            [
              4.33660456,
              51.03949422
            ],
            [
              4.34044538,
              51.04109521
            ],
            [
              4.34433017,
              51.04265382
            ],
            [
              4.34825775,
              51.04416958
            ],
            [
              4.35222693,
              51.04564201
            ],
            [
              4.35623651,
              51.04707067
            ],
            [
              4.36028524,
              51.04845512
            ],
            [
              4.36437192,
              51.04979495
            ],
            [
              4.36849528,
              51.05108973
            ],
            [
              4.37265407,
              51.05233908
            ],
            [
              4.37684703,
              51.05354262
            ],
            [
              4.38107288,
              51.05469997
            ],
            [
              4.38533031,
              51.05581078
            ],
            [
              4.38961805,
              51.05687471
            ],
            [
              4.39393477,
              51.05789144
            ],
            [
              4.39827917,
              51.05886066
            ],
            [
              4.40264991,
              51.05978206
            ],
            [
              4.40704565,
              51.06065538
            ],
            [
              4.41146507,
              51.06148034
            ],
            [
              4.4159068,
              51.06225668
            ],
            [
              4.42036949,
              51.06298418
            ],
            [
              4.42485177,
              51.0636626
            ],
            [
              4.42935228,
              51.06429175
            ],
            [
              4.43386964,
              51.06487143
            ],
            [
              4.43840247,
              51.06540145
            ],
            [
              4.44294938,
              51.06588167
            ],
            [
              4.44750898,
              51.06631193
            ],
            [
              4.45207988,
              51.0666921
            ],
            [
              4.45666068,
              51.06702207
            ],
            [
              4.46124998,
              51.06730173
            ],
            [
              4.46584637,
              51.067531
            ],
            [
              4.47044846,
              51.06770981
            ],
            [
              4.47505483,
              51.0678381
            ],
            [
              4.47966406,
              51.06791583
            ],
            [
              4.48427476,
              51.06794299
            ],
            [
              4.48888552,
              51.06791955
            ],
            [
              4.49349491,
              51.06784554
            ],
            [
              4.49810154,
              51.06772097
            ],
            [
              4.50270398,
              51.06754588
            ],
            [
              4.50730084,
              51.06732032
            ],
            [
              4.51189071,
              51.06704437
            ],
            [
              4.51647219,
              51.0667181
            ],
            [
              4.52104387,
              51.06634162
            ],
            [
              4.52560435,
              51.06591504
            ],
            [
              4.53015224,
              51.0654385
            ],
            [
              4.53468615,
              51.06491213
            ],
            [
              4.53920469,
              51.0643361
            ],
            [
              4.54370649,
              51.06371059
            ],
            [
              4.54819016,
              51.06303578
            ],
            [
              4.55265434,
              51.06231189
            ],
            [
              4.55709766,
              51.06153913
            ],
            [
              4.56151876,
              51.06071775
            ],
            [
              4.5659163,
              51.05984798
            ],
            [
              4.57028892,
              51.05893011
            ],
            [
              4.5746353,
              51.0579644
            ],
            [
              4.57895411,
              51.05695115
            ],
            [
              4.58324402,
              51.05589068
            ],
            [
              4.58750373,
              51.05478331
            ],
            [
              4.59173195,
              51.05362937
            ],
            [
              4.59592737,
              51.05242923
            ],
            [
              4.60008872,
              51.05118324
            ],
            [
              4.60421473,
              51.04989178
            ],
            [
              4.60830415,
              51.04855526
            ],
            [
              4.61235572,
              51.04717407
            ],
            [
              4.61636822,
              51.04574865
            ],
            [
              4.62034041,
              51.04427943
            ],
            [
              4.6242711,
              51.04276685
            ],
            [
              4.62815908,
              51.04121138
            ],
            [
              4.63200317,
              51.03961349
            ],
            [
              4.63580221,
              51.03797367
            ],
            [
              4.63955503,
              51.03629242
            ],
            [
              4.6432605,
              51.03457026
            ],
            [
              4.64691749,
              51.03280771
            ],
            [
              4.65052489,
              51.03100531
            ],
            [
              4.65408161,
              51.02916361
            ],
            [
              4.65758656,
              51.02728317
            ],
            [
              4.66103868,
              51.02536456
            ],
            [
              4.66443693,
              51.02340837
            ],
            [
              4.66778027,
              51.0214152
            ],
            [
              4.6710677,
              51.01938565
            ],
            [
              4.67429822,
              51.01732035
            ],
            [
              4.67747084,
              51.01521992
            ],
            [
              4.68058462,
              51.013085
            ],
            [
              4.68363861,
              51.01091625
            ],
            [
              4.68663189,
              51.00871433
            ],
            [
              4.68956355,
              51.0064799
            ],
            [
              4.69243272,
              51.00421364
            ],
            [
              4.69523852,
              51.00191626
            ],
            [
              4.6979801,
              50.99958845
            ],
            [
              4.70065666,
              50.99723091
            ],
            [
              4.70326737,
              50.99484436
            ],
            [
              4.70581146,
              50.99242954
            ],
            [
              4.70828816,
              50.98998718
            ],
            [
              4.71069672,
              50.98751801
            ],
            [
              4.71303644,
              50.9850228
            ],
            [
              4.71530659,
              50.98250229
            ],
            [
              4.71750652,
              50.97995727
            ],
            [
              4.71963555,
              50.9773885
            ],
            [
              4.72169305,
              50.97479676
            ],
            [
              4.72367841,
              50.97218284
            ],
            [
              4.72559104,
              50.96954754
            ],
            [
              4.72743036,
              50.96689166
            ],
            [
              4.72919584,
              50.964216
            ],
            [
              4.73088695,
              50.96152138
            ],
            [
              4.73250318,
              50.95880861
            ],
            [
              4.73404406,
              50.95607853
            ],
            [
              4.73550914,
              50.95333195
            ],
            [
              4.73689798,
              50.95056972
            ],
            [
              4.73821018,
              50.94779268
            ],
            [
              4.73944534,
              50.94500165
            ],
            [
              4.74060312,
              50.9421975
            ],
            [
              4.74168316,
              50.93938108
            ],
            [
              4.74268517,
              50.93655323
            ],
            [
              4.74360885,
              50.93371482
            ],
            [
              4.74445393,
              50.93086671
            ],
            [
              4.74522017,
              50.92800975
            ],
            [
              4.74590735,
              50.92514483
            ],
            [
              4.74651528,
              50.92227279
            ],
            [
              4.7470438,
              50.91939453
            ],
            [
              4.74749275,
              50.9165109
            ],
            [
              4.74786201,
              50.91362278
            ],
            [
              4.74815149,
              50.91073105
            ],
            [
              4.74836112,
              50.90783658
            ],
            [
              4.74849084,
              50.90494025
            ],
            [
              4.74854063,
              50.90204294
            ],
            [
              4.74851049,
              50.89914552
            ],
            [
              4.74840045,
              50.89624886
            ],
            [
              4.74821055,
              50.89335385
            ],
            [
              4.74794086,
              50.89046137
            ],
            [
              4.74759149,
              50.88757228
            ],
            [
              4.74716255,
              50.88468746
            ],
            [
              4.74665419,
              50.88180778
            ],
            [
              4.74606657,
              50.87893411
            ],
            [
              4.74539989,
              50.87606732
            ],
            [
              4.74465437,
              50.87320828
            ],
            [
              4.74383024,
              50.87035786
            ],
            [
              4.743055555555555,
              50.8675
            ],
            [
              4.567777777777778,
              50.74277777777778
            ]
          ]
        ]
      }
    },
    {
      "type": "Feature",
      "properties": {
        "id": "EBCI-CTR",
        "name": "Charleroi CTR",
        "category": "Civil",
        "lowerLimit": "GND",
        "upperLimit": "2500FT AMSL",
        "airspaceClass": "D",
        "controlUnit": "Charleroi Tower",
        "hours": "As ATS operational hours",
        "lateralLimits": "503339N 0043136E - clockwise arc radius 5.5 NM centred at 502817N 0043335E to 502255N 0043533E - 502010N 0041725E - clockwise arc radius 5.5 NM centred at 502532N 0041525E to 503054N 0041324E - 503339N 0043136E.",
        "aipSource": "Belgium & Luxembourg AIP EBCI AD 2.17, AMDT 008/2026",
        "geometryNote": "Published AIP points retained exactly; circular arcs sampled geodesically at no more than one degree."
      },
      "geometry": {
        "type": "Polygon",
        "coordinates": [
          [
            [
              4.526666666666666,
              50.56083333333333
            ],
            [
              4.52920821,
              50.56091526
            ],
            [
              4.53165947,
              50.56123892
            ],
            [
              4.53411925,
              50.56153545
            ],
            [
              4.53658679,
              50.56180475
            ],
            [
              4.53906134,
              50.56204674
            ],
            [
              4.54154216,
              50.56226135
            ],
            [
              4.54402849,
              50.56244852
            ],
            [
              4.54651958,
              50.56260819
            ],
            [
              4.54901467,
              50.5627403
            ],
            [
              4.55151301,
              50.56284482
            ],
            [
              4.55401383,
              50.56292172
            ],
            [
              4.55651639,
              50.56297098
            ],
            [
              4.55901992,
              50.56299257
            ],
            [
              4.56152366,
              50.5629865
            ],
            [
              4.56402686,
              50.56295276
            ],
            [
              4.56652875,
              50.56289137
            ],
            [
              4.56902857,
              50.56280234
            ],
            [
              4.57152558,
              50.5626857
            ],
            [
              4.57401901,
              50.56254148
            ],
            [
              4.5765081,
              50.56236974
            ],
            [
              4.5789921,
              50.56217051
            ],
            [
              4.58147026,
              50.56194387
            ],
            [
              4.58394183,
              50.56168988
            ],
            [
              4.58640605,
              50.56140862
            ],
            [
              4.58886218,
              50.56110017
            ],
            [
              4.59130948,
              50.56076463
            ],
            [
              4.5937472,
              50.56040209
            ],
            [
              4.59617461,
              50.56001267
            ],
            [
              4.59859097,
              50.55959649
            ],
            [
              4.60099555,
              50.55915367
            ],
            [
              4.60338761,
              50.55868435
            ],
            [
              4.60576644,
              50.55818867
            ],
            [
              4.60813131,
              50.55766677
            ],
            [
              4.61048151,
              50.55711883
            ],
            [
              4.61281632,
              50.55654499
            ],
            [
              4.61513504,
              50.55594545
            ],
            [
              4.61743697,
              50.55532037
            ],
            [
              4.6197214,
              50.55466995
            ],
            [
              4.62198766,
              50.55399439
            ],
            [
              4.62423504,
              50.55329388
            ],
            [
              4.62646288,
              50.55256865
            ],
            [
              4.62867049,
              50.55181891
            ],
            [
              4.63085722,
              50.5510449
            ],
            [
              4.63302239,
              50.55024683
            ],
            [
              4.63516535,
              50.54942496
            ],
            [
              4.63728546,
              50.54857954
            ],
            [
              4.63938208,
              50.54771081
            ],
            [
              4.64145456,
              50.54681905
            ],
            [
              4.64350229,
              50.54590453
            ],
            [
              4.64552464,
              50.54496751
            ],
            [
              4.64752101,
              50.54400829
            ],
            [
              4.64949078,
              50.54302716
            ],
            [
              4.65143338,
              50.54202441
            ],
            [
              4.6533482,
              50.54100034
            ],
            [
              4.65523467,
              50.53995527
            ],
            [
              4.65709223,
              50.53888952
            ],
            [
              4.65892031,
              50.5378034
            ],
            [
              4.66071836,
              50.53669724
            ],
            [
              4.66248584,
              50.53557138
            ],
            [
              4.66422221,
              50.53442616
            ],
            [
              4.66592696,
              50.53326193
            ],
            [
              4.66759957,
              50.53207904
            ],
            [
              4.66923953,
              50.53087784
            ],
            [
              4.67084635,
              50.52965871
            ],
            [
              4.67241955,
              50.528422
            ],
            [
              4.67395866,
              50.5271681
            ],
            [
              4.6754632,
              50.52589737
            ],
            [
              4.67693274,
              50.52461022
            ],
            [
              4.67836682,
              50.52330702
            ],
            [
              4.67976503,
              50.52198817
            ],
            [
              4.68112692,
              50.52065408
            ],
            [
              4.68245211,
              50.51930513
            ],
            [
              4.68374019,
              50.51794175
            ],
            [
              4.68499077,
              50.51656433
            ],
            [
              4.68620348,
              50.51517331
            ],
            [
              4.68737796,
              50.5137691
            ],
            [
              4.68851386,
              50.51235212
            ],
            [
              4.68961082,
              50.5109228
            ],
            [
              4.69066854,
              50.50948158
            ],
            [
              4.69168669,
              50.50802889
            ],
            [
              4.69266496,
              50.50656517
            ],
            [
              4.69360307,
              50.50509086
            ],
            [
              4.69450074,
              50.5036064
            ],
            [
              4.6953577,
              50.50211225
            ],
            [
              4.69617368,
              50.50060886
            ],
            [
              4.69694846,
              50.49909668
            ],
            [
              4.6976818,
              50.49757616
            ],
            [
              4.69837349,
              50.49604777
            ],
            [
              4.69902331,
              50.49451197
            ],
            [
              4.69963108,
              50.49296922
            ],
            [
              4.70019661,
              50.49141998
            ],
            [
              4.70071975,
              50.48986473
            ],
            [
              4.70120034,
              50.48830394
            ],
            [
              4.70163823,
              50.48673807
            ],
            [
              4.7020333,
              50.48516759
            ],
            [
              4.70238543,
              50.48359299
            ],
            [
              4.70269452,
              50.48201474
            ],
            [
              4.70296049,
              50.48043331
            ],
            [
              4.70318325,
              50.47884917
            ],
            [
              4.70336275,
              50.47726282
            ],
            [
              4.70349893,
              50.47567472
            ],
            [
              4.70359176,
              50.47408535
            ],
            [
              4.70364121,
              50.4724952
            ],
            [
              4.70364728,
              50.47090475
            ],
            [
              4.70360996,
              50.46931446
            ],
            [
              4.70352927,
              50.46772483
            ],
            [
              4.70340524,
              50.46613633
            ],
            [
              4.70323792,
              50.46454943
            ],
            [
              4.70302735,
              50.46296463
            ],
            [
              4.70277361,
              50.46138239
            ],
            [
              4.70247677,
              50.45980319
            ],
            [
              4.70213693,
              50.45822752
            ],
            [
              4.70175419,
              50.45665583
            ],
            [
              4.70132869,
              50.45508861
            ],
            [
              4.70086053,
              50.45352633
            ],
            [
              4.70034989,
              50.45196945
            ],
            [
              4.6997969,
              50.45041846
            ],
            [
              4.69920174,
              50.4488738
            ],
            [
              4.6985646,
              50.44733596
            ],
            [
              4.69788567,
              50.44580539
            ],
            [
              4.69716515,
              50.44428255
            ],
            [
              4.69640328,
              50.4427679
            ],
            [
              4.69560028,
              50.4412619
            ],
            [
              4.6947564,
              50.43976499
            ],
            [
              4.69387189,
              50.43827764
            ],
            [
              4.69294703,
              50.43680029
            ],
            [
              4.6919821,
              50.43533337
            ],
            [
              4.69097739,
              50.43387734
            ],
            [
              4.6899332,
              50.43243263
            ],
            [
              4.68884987,
              50.43099968
            ],
            [
              4.6877277,
              50.42957891
            ],
            [
              4.68656706,
              50.42817076
            ],
            [
              4.68536828,
              50.42677564
            ],
            [
              4.68413173,
              50.42539398
            ],
            [
              4.68285779,
              50.42402619
            ],
            [
              4.68154684,
              50.42267268
            ],
            [
              4.68019928,
              50.42133386
            ],
            [
              4.67881552,
              50.42001014
            ],
            [
              4.67739598,
              50.4187019
            ],
            [
              4.67594108,
              50.41740955
            ],
            [
              4.67445126,
              50.41613346
            ],
            [
              4.67292699,
              50.41487404
            ],
            [
              4.67136871,
              50.41363164
            ],
            [
              4.6697769,
              50.41240665
            ],
            [
              4.66815203,
              50.41119943
            ],
            [
              4.66649461,
              50.41001035
            ],
            [
              4.66480512,
              50.40883976
            ],
            [
              4.66308409,
              50.40768801
            ],
            [
              4.66133202,
              50.40655546
            ],
            [
              4.65954944,
              50.40544244
            ],
            [
              4.6577369,
              50.40434928
            ],
            [
              4.65589494,
              50.40327631
            ],
            [
              4.65402411,
              50.40222386
            ],
            [
              4.65212498,
              50.40119224
            ],
            [
              4.65019812,
              50.40018176
            ],
            [
              4.64824411,
              50.39919272
            ],
            [
              4.64626353,
              50.39822542
            ],
            [
              4.64425699,
              50.39728016
            ],
            [
              4.64222509,
              50.3963572
            ],
            [
              4.64016843,
              50.39545684
            ],
            [
              4.63808764,
              50.39457934
            ],
            [
              4.63598334,
              50.39372496
            ],
            [
              4.63385617,
              50.39289397
            ],
            [
              4.63170675,
              50.3920866
            ],
            [
              4.62953575,
              50.39130311
            ],
            [
              4.62734381,
              50.39054372
            ],
            [
              4.62513159,
              50.38980867
            ],
            [
              4.62289975,
              50.38909817
            ],
            [
              4.62064897,
              50.38841245
            ],
            [
              4.61837992,
              50.38775169
            ],
            [
              4.61609328,
              50.38711611
            ],
            [
              4.61378974,
              50.38650589
            ],
            [
              4.61146998,
              50.38592122
            ],
            [
              4.60913471,
              50.38536226
            ],
            [
              4.60678463,
              50.3848292
            ],
            [
              4.60442044,
              50.38432218
            ],
            [
              4.60204285,
              50.38384137
            ],
            [
              4.59965257,
              50.3833869
            ],
            [
              4.59725032,
              50.38295891
            ],
            [
              4.59483682,
              50.38255752
            ],
            [
              4.592499999999999,
              50.38194444444444
            ],
            [
              4.290277777777778,
              50.336111111111116
            ],
            [
              4.28771685,
              50.33607722
            ],
            [
              4.28526627,
              50.33574878
            ],
            [
              4.28280712,
              50.33544762
            ],
            [
              4.28034015,
              50.33517385
            ],
            [
              4.27786609,
              50.33492753
            ],
            [
              4.2753857,
              50.33470876
            ],
            [
              4.27289973,
              50.33451758
            ],
            [
              4.27040893,
              50.33435407
            ],
            [
              4.26791406,
              50.33421826
            ],
            [
              4.26541586,
              50.33411021
            ],
            [
              4.2629151,
              50.33402994
            ],
            [
              4.26041253,
              50.33397748
            ],
            [
              4.25790892,
              50.33395285
            ],
            [
              4.25540501,
              50.33395604
            ],
            [
              4.25290157,
              50.33398707
            ],
            [
              4.25039935,
              50.33404592
            ],
            [
              4.24789911,
              50.33413257
            ],
            [
              4.24540161,
              50.334247
            ],
            [
              4.2429076,
              50.33438917
            ],
            [
              4.24041785,
              50.33455904
            ],
            [
              4.23793309,
              50.33475656
            ],
            [
              4.23545409,
              50.33498166
            ],
            [
              4.23298159,
              50.33523429
            ],
            [
              4.23051635,
              50.33551436
            ],
            [
              4.2280591,
              50.33582179
            ],
            [
              4.2256106,
              50.33615648
            ],
            [
              4.22317159,
              50.33651834
            ],
            [
              4.22074279,
              50.33690726
            ],
            [
              4.21832496,
              50.33732311
            ],
            [
              4.21591881,
              50.33776577
            ],
            [
              4.21352509,
              50.33823512
            ],
            [
              4.21114451,
              50.33873099
            ],
            [
              4.2087778,
              50.33925325
            ],
            [
              4.20642567,
              50.33980174
            ],
            [
              4.20408883,
              50.34037629
            ],
            [
              4.201768,
              50.34097673
            ],
            [
              4.19946388,
              50.34160287
            ],
            [
              4.19717716,
              50.34225453
            ],
            [
              4.19490854,
              50.34293151
            ],
            [
              4.19265871,
              50.3436336
            ],
            [
              4.19042834,
              50.34436059
            ],
            [
              4.18821812,
              50.34511226
            ],
            [
              4.18602871,
              50.34588838
            ],
            [
              4.18386079,
              50.34668872
            ],
            [
              4.181715,
              50.34751304
            ],
            [
              4.179592,
              50.34836108
            ],
            [
              4.17749243,
              50.34923259
            ],
            [
              4.17541693,
              50.35012731
            ],
            [
              4.17336613,
              50.35104496
            ],
            [
              4.17134066,
              50.35198526
            ],
            [
              4.16934112,
              50.35294794
            ],
            [
              4.16736813,
              50.3539327
            ],
            [
              4.16542228,
              50.35493923
            ],
            [
              4.16350417,
              50.35596724
            ],
            [
              4.16161438,
              50.35701642
            ],
            [
              4.15975349,
              50.35808644
            ],
            [
              4.15792205,
              50.35917699
            ],
            [
              4.15612063,
              50.36028772
            ],
            [
              4.15434978,
              50.36141831
            ],
            [
              4.15261004,
              50.36256841
            ],
            [
              4.15090192,
              50.36373768
            ],
            [
              4.14922597,
              50.36492575
            ],
            [
              4.14758267,
              50.36613227
            ],
            [
              4.14597255,
              50.36735687
            ],
            [
              4.14439608,
              50.36859919
            ],
            [
              4.14285375,
              50.36985884
            ],
            [
              4.14134603,
              50.37113544
            ],
            [
              4.13987338,
              50.3724286
            ],
            [
              4.13843624,
              50.37373794
            ],
            [
              4.13703507,
              50.37506305
            ],
            [
              4.13567028,
              50.37640354
            ],
            [
              4.13434229,
              50.37775899
            ],
            [
              4.13305151,
              50.379129
            ],
            [
              4.13179834,
              50.38051314
            ],
            [
              4.13058315,
              50.38191101
            ],
            [
              4.12940633,
              50.38332217
            ],
            [
              4.12826822,
              50.38474619
            ],
            [
              4.12716919,
              50.38618265
            ],
            [
              4.12610956,
              50.38763111
            ],
            [
              4.12508966,
              50.38909113
            ],
            [
              4.12410981,
              50.39056226
            ],
            [
              4.12317031,
              50.39204405
            ],
            [
              4.12227145,
              50.39353607
            ],
            [
              4.1214135,
              50.39503785
            ],
            [
              4.12059672,
              50.39654894
            ],
            [
              4.11982138,
              50.39806887
            ],
            [
              4.1190877,
              50.39959719
            ],
            [
              4.11839593,
              50.40113344
            ],
            [
              4.11774626,
              50.40267714
            ],
            [
              4.11713891,
              50.40422783
            ],
            [
              4.11657406,
              50.40578503
            ],
            [
              4.11605188,
              50.40734828
            ],
            [
              4.11557255,
              50.40891709
            ],
            [
              4.1151362,
              50.41049099
            ],
            [
              4.11474299,
              50.4120695
            ],
            [
              4.11439302,
              50.41365214
            ],
            [
              4.11408642,
              50.41523843
            ],
            [
              4.11382327,
              50.41682789
            ],
            [
              4.11360367,
              50.41842003
            ],
            [
              4.11342769,
              50.42001437
            ],
            [
              4.11329538,
              50.42161042
            ],
            [
              4.11320679,
              50.4232077
            ],
            [
              4.11316194,
              50.42480572
            ],
            [
              4.11316087,
              50.426404
            ],
            [
              4.11320356,
              50.42800205
            ],
            [
              4.11329002,
              50.42959937
            ],
            [
              4.11342023,
              50.4311955
            ],
            [
              4.11359413,
              50.43278993
            ],
            [
              4.1138117,
              50.43438219
            ],
            [
              4.11407286,
              50.43597179
            ],
            [
              4.11437754,
              50.43755824
            ],
            [
              4.11472566,
              50.43914106
            ],
            [
              4.11511711,
              50.44071977
            ],
            [
              4.11555177,
              50.4422939
            ],
            [
              4.11602952,
              50.44386295
            ],
            [
              4.11655021,
              50.44542645
            ],
            [
              4.1171137,
              50.44698392
            ],
            [
              4.11771982,
              50.4485349
            ],
            [
              4.11836837,
              50.4500789
            ],
            [
              4.11905918,
              50.45161546
            ],
            [
              4.11979203,
              50.4531441
            ],
            [
              4.1205667,
              50.45466437
            ],
            [
              4.12138297,
              50.45617579
            ],
            [
              4.12224058,
              50.45767792
            ],
            [
              4.12313929,
              50.45917027
            ],
            [
              4.12407881,
              50.46065242
            ],
            [
              4.12505887,
              50.46212389
            ],
            [
              4.12607917,
              50.46358425
            ],
            [
              4.1271394,
              50.46503304
            ],
            [
              4.12823925,
              50.46646983
            ],
            [
              4.12937838,
              50.46789417
            ],
            [
              4.13055644,
              50.46930563
            ],
            [
              4.13177309,
              50.47070379
            ],
            [
              4.13302795,
              50.4720882
            ],
            [
              4.13432065,
              50.47345846
            ],
            [
              4.13565078,
              50.47481414
            ],
            [
              4.13701796,
              50.47615483
            ],
            [
              4.13842176,
              50.47748012
            ],
            [
              4.13986175,
              50.4787896
            ],
            [
              4.14133752,
              50.48008288
            ],
            [
              4.14284859,
              50.48135956
            ],
            [
              4.14439452,
              50.48261924
            ],
            [
              4.14597484,
              50.48386155
            ],
            [
              4.14758906,
              50.48508611
            ],
            [
              4.1492367,
              50.48629253
            ],
            [
              4.15091725,
              50.48748046
            ],
            [
              4.15263021,
              50.48864953
            ],
            [
              4.15437505,
              50.48979938
            ],
            [
              4.15615124,
              50.49092966
            ],
            [
              4.15795824,
              50.49204002
            ],
            [
              4.1597955,
              50.49313013
            ],
            [
              4.16166246,
              50.49419965
            ],
            [
              4.16355855,
              50.49524826
            ],
            [
              4.1654832,
              50.49627563
            ],
            [
              4.16743581,
              50.49728145
            ],
            [
              4.1694158,
              50.49826542
            ],
            [
              4.17142256,
              50.49922722
            ],
            [
              4.17345547,
              50.50016658
            ],
            [
              4.17551391,
              50.50108319
            ],
            [
              4.17759727,
              50.50197679
            ],
            [
              4.17970489,
              50.50284709
            ],
            [
              4.18183615,
              50.50369383
            ],
            [
              4.18399038,
              50.50451675
            ],
            [
              4.18616693,
              50.50531561
            ],
            [
              4.18836514,
              50.50609015
            ],
            [
              4.19058433,
              50.50684013
            ],
            [
              4.19282383,
              50.50756534
            ],
            [
              4.19508294,
              50.50826554
            ],
            [
              4.19736099,
              50.50894053
            ],
            [
              4.19965727,
              50.50959009
            ],
            [
              4.20197109,
              50.51021403
            ],
            [
              4.20430173,
              50.51081215
            ],
            [
              4.20664848,
              50.51138428
            ],
            [
              4.20901063,
              50.51193024
            ],
            [
              4.21138745,
              50.51244985
            ],
            [
              4.21377821,
              50.51294297
            ],
            [
              4.21618219,
              50.51340944
            ],
            [
              4.21859864,
              50.51384912
            ],
            [
              4.22102683,
              50.51426188
            ],
            [
              4.223333333333334,
              50.515
            ],
            [
              4.526666666666666,
              50.56083333333333
            ]
          ]
        ]
      }
    },
    {
      "type": "Feature",
      "properties": {
        "id": "EBLG-CTR",
        "name": "Liège CTR",
        "category": "Civil",
        "lowerLimit": "GND",
        "upperLimit": "2500FT AMSL",
        "airspaceClass": "D",
        "controlUnit": "Liège Tower",
        "hours": "H24",
        "lateralLimits": "504512N 0052633E - clockwise arc radius 5 NM centred at 504137N 0053205E to 503802N 0053736E - 503113N 0052641E - clockwise arc radius 5 NM centred at 503447N 0052110E to 503821N 0051538E - 504512N 0052633E.",
        "aipSource": "Belgium & Luxembourg AIP EBLG AD 2.17, AMDT 008/2026",
        "geometryNote": "Published AIP points retained exactly; circular arcs sampled geodesically at no more than one degree."
      },
      "geometry": {
        "type": "Polygon",
        "coordinates": [
          [
            [
              5.4425,
              50.75333333333333
            ],
            [
              5.44442202,
              50.75416854
            ],
            [
              5.44610521,
              50.75515751
            ],
            [
              5.4478155,
              50.75612772
            ],
            [
              5.44955236,
              50.75707888
            ],
            [
              5.45131526,
              50.7580107
            ],
            [
              5.45310367,
              50.75892288
            ],
            [
              5.45491704,
              50.75981515
            ],
            [
              5.45675482,
              50.76068725
            ],
            [
              5.45861644,
              50.76153889
            ],
            [
              5.46050134,
              50.76236982
            ],
            [
              5.46240894,
              50.7631798
            ],
            [
              5.46433866,
              50.76396856
            ],
            [
              5.46628992,
              50.76473587
            ],
            [
              5.4682621,
              50.76548149
            ],
            [
              5.47025463,
              50.76620519
            ],
            [
              5.47226687,
              50.76690676
            ],
            [
              5.47429823,
              50.76758598
            ],
            [
              5.47634807,
              50.76824264
            ],
            [
              5.47841578,
              50.76887654
            ],
            [
              5.48050071,
              50.76948749
            ],
            [
              5.48260224,
              50.7700753
            ],
            [
              5.48471972,
              50.77063978
            ],
            [
              5.48685251,
              50.77118077
            ],
            [
              5.48899994,
              50.77169811
            ],
            [
              5.49116137,
              50.77219162
            ],
            [
              5.49333613,
              50.77266117
            ],
            [
              5.49552355,
              50.7731066
            ],
            [
              5.49772298,
              50.77352779
            ],
            [
              5.49993373,
              50.7739246
            ],
            [
              5.50215513,
              50.77429691
            ],
            [
              5.5043865,
              50.7746446
            ],
            [
              5.50662716,
              50.77496758
            ],
            [
              5.50887642,
              50.77526574
            ],
            [
              5.51113358,
              50.77553899
            ],
            [
              5.51339797,
              50.77578725
            ],
            [
              5.51566889,
              50.77601044
            ],
            [
              5.51794565,
              50.77620849
            ],
            [
              5.52022753,
              50.77638134
            ],
            [
              5.52251386,
              50.77652894
            ],
            [
              5.52480392,
              50.77665125
            ],
            [
              5.52709702,
              50.77674822
            ],
            [
              5.52939246,
              50.77681983
            ],
            [
              5.53168952,
              50.77686605
            ],
            [
              5.53398752,
              50.77688688
            ],
            [
              5.53628574,
              50.7768823
            ],
            [
              5.53858348,
              50.77685231
            ],
            [
              5.54088004,
              50.77679693
            ],
            [
              5.54317471,
              50.77671617
            ],
            [
              5.5454668,
              50.77661006
            ],
            [
              5.54775559,
              50.77647863
            ],
            [
              5.5500404,
              50.77632191
            ],
            [
              5.55232052,
              50.77613997
            ],
            [
              5.55459524,
              50.77593284
            ],
            [
              5.55686389,
              50.7757006
            ],
            [
              5.55912575,
              50.77544332
            ],
            [
              5.56138015,
              50.77516108
            ],
            [
              5.56362638,
              50.77485396
            ],
            [
              5.56586377,
              50.77452206
            ],
            [
              5.56809162,
              50.77416547
            ],
            [
              5.57030926,
              50.77378431
            ],
            [
              5.57251601,
              50.7733787
            ],
            [
              5.57471118,
              50.77294875
            ],
            [
              5.57689412,
              50.7724946
            ],
            [
              5.57906415,
              50.77201639
            ],
            [
              5.5812206,
              50.77151427
            ],
            [
              5.58336283,
              50.77098839
            ],
            [
              5.58549017,
              50.77043891
            ],
            [
              5.58760197,
              50.76986599
            ],
            [
              5.58969759,
              50.76926982
            ],
            [
              5.59177638,
              50.76865057
            ],
            [
              5.59383772,
              50.76800844
            ],
            [
              5.59588097,
              50.76734362
            ],
            [
              5.5979055,
              50.76665632
            ],
            [
              5.59991071,
              50.76594674
            ],
            [
              5.60189597,
              50.7652151
            ],
            [
              5.60386067,
              50.76446163
            ],
            [
              5.60580423,
              50.76368656
            ],
            [
              5.60772604,
              50.76289012
            ],
            [
              5.60962552,
              50.76207256
            ],
            [
              5.6115021,
              50.76123413
            ],
            [
              5.61335518,
              50.76037508
            ],
            [
              5.61518422,
              50.75949568
            ],
            [
              5.61698865,
              50.75859619
            ],
            [
              5.61876792,
              50.7576769
            ],
            [
              5.62052149,
              50.75673807
            ],
            [
              5.62224883,
              50.75578001
            ],
            [
              5.62394941,
              50.754803
            ],
            [
              5.6256227,
              50.75380734
            ],
            [
              5.62726821,
              50.75279333
            ],
            [
              5.62888543,
              50.75176129
            ],
            [
              5.63047386,
              50.75071153
            ],
            [
              5.63203303,
              50.74964437
            ],
            [
              5.63356245,
              50.74856014
            ],
            [
              5.63506167,
              50.74745917
            ],
            [
              5.63653023,
              50.7463418
            ],
            [
              5.63796768,
              50.74520836
            ],
            [
              5.63937358,
              50.7440592
            ],
            [
              5.64074751,
              50.74289468
            ],
            [
              5.64208905,
              50.74171515
            ],
            [
              5.64339779,
              50.74052097
            ],
            [
              5.64467333,
              50.73931251
            ],
            [
              5.64591529,
              50.73809013
            ],
            [
              5.6471233,
              50.7368542
            ],
            [
              5.64829698,
              50.73560512
            ],
            [
              5.64943597,
              50.73434325
            ],
            [
              5.65053995,
              50.73306898
            ],
            [
              5.65160856,
              50.7317827
            ],
            [
              5.65264149,
              50.73048481
            ],
            [
              5.65363842,
              50.72917569
            ],
            [
              5.65459906,
              50.72785576
            ],
            [
              5.65552311,
              50.72652541
            ],
            [
              5.65641029,
              50.72518504
            ],
            [
              5.65726034,
              50.72383507
            ],
            [
              5.65807301,
              50.72247592
            ],
            [
              5.65884803,
              50.72110798
            ],
            [
              5.65958519,
              50.71973169
            ],
            [
              5.66028426,
              50.71834746
            ],
            [
              5.66094504,
              50.71695572
            ],
            [
              5.66156731,
              50.71555688
            ],
            [
              5.6621509,
              50.71415137
            ],
            [
              5.66269564,
              50.71273963
            ],
            [
              5.66320135,
              50.71132208
            ],
            [
              5.6636679,
              50.70989916
            ],
            [
              5.66409513,
              50.7084713
            ],
            [
              5.66448293,
              50.70703893
            ],
            [
              5.66483117,
              50.70560249
            ],
            [
              5.66513977,
              50.70416243
            ],
            [
              5.66540862,
              50.70271917
            ],
            [
              5.66563765,
              50.70127316
            ],
            [
              5.66582679,
              50.69982484
            ],
            [
              5.66597598,
              50.69837464
            ],
            [
              5.6660852,
              50.69692302
            ],
            [
              5.6661544,
              50.69547042
            ],
            [
              5.66618357,
              50.69401727
            ],
            [
              5.66617271,
              50.69256402
            ],
            [
              5.66612181,
              50.69111111
            ],
            [
              5.66603091,
              50.68965898
            ],
            [
              5.66590003,
              50.68820808
            ],
            [
              5.66572921,
              50.68675885
            ],
            [
              5.66551852,
              50.68531172
            ],
            [
              5.66526801,
              50.68386715
            ],
            [
              5.66497777,
              50.68242556
            ],
            [
              5.6646479,
              50.6809874
            ],
            [
              5.66427849,
              50.67955311
            ],
            [
              5.66386966,
              50.67812312
            ],
            [
              5.66342153,
              50.67669787
            ],
            [
              5.66293426,
              50.67527778
            ],
            [
              5.66240799,
              50.6738633
            ],
            [
              5.66184288,
              50.67245485
            ],
            [
              5.66123911,
              50.67105286
            ],
            [
              5.66059687,
              50.66965776
            ],
            [
              5.65991635,
              50.66826997
            ],
            [
              5.65919777,
              50.66688992
            ],
            [
              5.65844135,
              50.66551802
            ],
            [
              5.65764732,
              50.66415468
            ],
            [
              5.65681592,
              50.66280034
            ],
            [
              5.65594741,
              50.66145539
            ],
            [
              5.65504206,
              50.66012024
            ],
            [
              5.65410015,
              50.6587953
            ],
            [
              5.65312197,
              50.65748098
            ],
            [
              5.65210781,
              50.65617767
            ],
            [
              5.65105798,
              50.65488577
            ],
            [
              5.64997282,
              50.65360567
            ],
            [
              5.64885265,
              50.65233776
            ],
            [
              5.64769781,
              50.65108243
            ],
            [
              5.64650866,
              50.64984005
            ],
            [
              5.64528557,
              50.64861101
            ],
            [
              5.6440289,
              50.64739567
            ],
            [
              5.64273904,
              50.64619441
            ],
            [
              5.64141638,
              50.64500759
            ],
            [
              5.64006134,
              50.64383557
            ],
            [
              5.63867431,
              50.64267871
            ],
            [
              5.63725573,
              50.64153735
            ],
            [
              5.63580603,
              50.64041185
            ],
            [
              5.63432565,
              50.63930255
            ],
            [
              5.63281504,
              50.63820978
            ],
            [
              5.63127467,
              50.63713387
            ],
            [
              5.629705,
              50.63607515
            ],
            [
              5.6281065,
              50.63503395
            ],
            [
              5.626666666666667,
              50.63388888888889
            ],
            [
              5.4447222222222225,
              50.52027777777778
            ],
            [
              5.44300862,
              50.5193242
            ],
            [
              5.44134525,
              50.51833873
            ],
            [
              5.43965529,
              50.51737175
            ],
            [
              5.43793926,
              50.51642353
            ],
            [
              5.43619767,
              50.51549438
            ],
            [
              5.43443104,
              50.51458456
            ],
            [
              5.43263991,
              50.51369435
            ],
            [
              5.43082482,
              50.51282401
            ],
            [
              5.42898632,
              50.51197382
            ],
            [
              5.42712494,
              50.51114401
            ],
            [
              5.42524127,
              50.51033485
            ],
            [
              5.42333585,
              50.50954657
            ],
            [
              5.42140927,
              50.50877941
            ],
            [
              5.4194621,
              50.5080336
            ],
            [
              5.41749493,
              50.50730936
            ],
            [
              5.41550834,
              50.50660692
            ],
            [
              5.41350295,
              50.50592648
            ],
            [
              5.41147934,
              50.50526825
            ],
            [
              5.40943813,
              50.50463242
            ],
            [
              5.40737992,
              50.50401918
            ],
            [
              5.40530534,
              50.50342872
            ],
            [
              5.40321501,
              50.50286122
            ],
            [
              5.40110956,
              50.50231684
            ],
            [
              5.39898961,
              50.50179576
            ],
            [
              5.39685581,
              50.50129811
            ],
            [
              5.39470879,
              50.50082406
            ],
            [
              5.3925492,
              50.50037375
            ],
            [
              5.39037769,
              50.49994731
            ],
            [
              5.38819491,
              50.49954487
            ],
            [
              5.38600151,
              50.49916655
            ],
            [
              5.38379814,
              50.49881246
            ],
            [
              5.38158548,
              50.49848271
            ],
            [
              5.37936418,
              50.4981774
            ],
            [
              5.37713492,
              50.49789662
            ],
            [
              5.37489835,
              50.49764045
            ],
            [
              5.37265515,
              50.49740897
            ],
            [
              5.37040599,
              50.49720226
            ],
            [
              5.36815155,
              50.49702036
            ],
            [
              5.3658925,
              50.49686334
            ],
            [
              5.36362952,
              50.49673125
            ],
            [
              5.36136329,
              50.49662412
            ],
            [
              5.35909449,
              50.49654198
            ],
            [
              5.35682379,
              50.49648487
            ],
            [
              5.35455187,
              50.49645279
            ],
            [
              5.35227943,
              50.49644576
            ],
            [
              5.35000714,
              50.49646378
            ],
            [
              5.34773567,
              50.49650684
            ],
            [
              5.34546572,
              50.49657493
            ],
            [
              5.34319796,
              50.49666803
            ],
            [
              5.34093307,
              50.49678611
            ],
            [
              5.33867173,
              50.49692914
            ],
            [
              5.33641462,
              50.49709708
            ],
            [
              5.33416241,
              50.49728987
            ],
            [
              5.33191578,
              50.49750745
            ],
            [
              5.32967541,
              50.49774977
            ],
            [
              5.32744196,
              50.49801674
            ],
            [
              5.32521611,
              50.49830829
            ],
            [
              5.32299852,
              50.49862433
            ],
            [
              5.32078985,
              50.49896477
            ],
            [
              5.31859078,
              50.4993295
            ],
            [
              5.31640195,
              50.49971841
            ],
            [
              5.31422403,
              50.5001314
            ],
            [
              5.31205767,
              50.50056832
            ],
            [
              5.30990351,
              50.50102906
            ],
            [
              5.30776221,
              50.50151348
            ],
            [
              5.30563441,
              50.50202142
            ],
            [
              5.30352074,
              50.50255275
            ],
            [
              5.30142184,
              50.50310729
            ],
            [
              5.29933835,
              50.50368488
            ],
            [
              5.29727087,
              50.50428535
            ],
            [
              5.29522004,
              50.50490852
            ],
            [
              5.29318648,
              50.5055542
            ],
            [
              5.29117078,
              50.50622219
            ],
            [
              5.28917356,
              50.50691231
            ],
            [
              5.28719542,
              50.50762434
            ],
            [
              5.28523695,
              50.50835806
            ],
            [
              5.28329874,
              50.50911326
            ],
            [
              5.28138137,
              50.50988971
            ],
            [
              5.27948541,
              50.51068718
            ],
            [
              5.27761145,
              50.51150543
            ],
            [
              5.27576004,
              50.51234421
            ],
            [
              5.27393173,
              50.51320327
            ],
            [
              5.27212709,
              50.51408235
            ],
            [
              5.27034664,
              50.5149812
            ],
            [
              5.26859093,
              50.51589953
            ],
            [
              5.26686048,
              50.51683708
            ],
            [
              5.26515582,
              50.51779356
            ],
            [
              5.26347746,
              50.51876869
            ],
            [
              5.2618259,
              50.51976217
            ],
            [
              5.26020165,
              50.52077371
            ],
            [
              5.25860518,
              50.52180299
            ],
            [
              5.25703699,
              50.52284972
            ],
            [
              5.25549754,
              50.52391358
            ],
            [
              5.2539873,
              50.52499425
            ],
            [
              5.25250672,
              50.5260914
            ],
            [
              5.25105626,
              50.5272047
            ],
            [
              5.24963634,
              50.52833383
            ],
            [
              5.2482474,
              50.52947843
            ],
            [
              5.24688986,
              50.53063818
            ],
            [
              5.24556413,
              50.53181271
            ],
            [
              5.2442706,
              50.53300168
            ],
            [
              5.24300967,
              50.53420473
            ],
            [
              5.24178172,
              50.5354215
            ],
            [
              5.24058712,
              50.53665161
            ],
            [
              5.23942623,
              50.53789472
            ],
            [
              5.23829941,
              50.53915043
            ],
            [
              5.237207,
              50.54041837
            ],
            [
              5.23614932,
              50.54169816
            ],
            [
              5.2351267,
              50.54298942
            ],
            [
              5.23413945,
              50.54429175
            ],
            [
              5.23318786,
              50.54560478
            ],
            [
              5.23227224,
              50.54692809
            ],
            [
              5.23139285,
              50.5482613
            ],
            [
              5.23054996,
              50.54960399
            ],
            [
              5.22974383,
              50.55095578
            ],
            [
              5.2289747,
              50.55231625
            ],
            [
              5.22824281,
              50.553685
            ],
            [
              5.22754839,
              50.5550616
            ],
            [
              5.22689164,
              50.55644565
            ],
            [
              5.22627277,
              50.55783673
            ],
            [
              5.22569197,
              50.55923443
            ],
            [
              5.2251494,
              50.56063831
            ],
            [
              5.22464525,
              50.56204797
            ],
            [
              5.22417967,
              50.56346297
            ],
            [
              5.22375279,
              50.56488289
            ],
            [
              5.22336476,
              50.5663073
            ],
            [
              5.22301568,
              50.56773577
            ],
            [
              5.22270568,
              50.56916787
            ],
            [
              5.22243484,
              50.57060318
            ],
            [
              5.22220326,
              50.57204126
            ],
            [
              5.222011,
              50.57348167
            ],
            [
              5.22185813,
              50.57492398
            ],
            [
              5.22174469,
              50.57636776
            ],
            [
              5.22167074,
              50.57781258
            ],
            [
              5.22163628,
              50.57925799
            ],
            [
              5.22164133,
              50.58070357
            ],
            [
              5.2216859,
              50.58214887
            ],
            [
              5.22176998,
              50.58359346
            ],
            [
              5.22189355,
              50.58503691
            ],
            [
              5.22205656,
              50.58647877
            ],
            [
              5.22225899,
              50.58791863
            ],
            [
              5.22250076,
              50.58935603
            ],
            [
              5.22278181,
              50.59079056
            ],
            [
              5.22310206,
              50.59222177
            ],
            [
              5.22346141,
              50.59364923
            ],
            [
              5.22385976,
              50.59507252
            ],
            [
              5.224297,
              50.5964912
            ],
            [
              5.224773,
              50.59790485
            ],
            [
              5.2252876,
              50.59931304
            ],
            [
              5.22584068,
              50.60071534
            ],
            [
              5.22643205,
              50.60211134
            ],
            [
              5.22706155,
              50.60350061
            ],
            [
              5.22772898,
              50.60488273
            ],
            [
              5.22843416,
              50.60625728
            ],
            [
              5.22917686,
              50.60762385
            ],
            [
              5.22995688,
              50.60898204
            ],
            [
              5.23077398,
              50.61033142
            ],
            [
              5.2316279,
              50.61167158
            ],
            [
              5.23251841,
              50.61300214
            ],
            [
              5.23344524,
              50.61432268
            ],
            [
              5.23440809,
              50.6156328
            ],
            [
              5.2354067,
              50.61693211
            ],
            [
              5.23644076,
              50.61822022
            ],
            [
              5.23750996,
              50.61949674
            ],
            [
              5.23861398,
              50.62076127
            ],
            [
              5.23975249,
              50.62201345
            ],
            [
              5.24092515,
              50.62325289
            ],
            [
              5.24213161,
              50.62447922
            ],
            [
              5.2433715,
              50.62569206
            ],
            [
              5.24464445,
              50.62689106
            ],
            [
              5.24595009,
              50.62807584
            ],
            [
              5.24728801,
              50.62924605
            ],
            [
              5.24865783,
              50.63040134
            ],
            [
              5.25005911,
              50.63154136
            ],
            [
              5.25149145,
              50.63266575
            ],
            [
              5.25295442,
              50.63377419
            ],
            [
              5.25444756,
              50.63486634
            ],
            [
              5.25597044,
              50.63594186
            ],
            [
              5.2575226,
              50.63700044
            ],
            [
              5.25910356,
              50.63804174
            ],
            [
              5.260555555555555,
              50.63916666666667
            ],
            [
              5.4425,
              50.75333333333333
            ]
          ]
        ]
      }
    },
    {
      "type": "Feature",
      "properties": {
        "id": "ELLX-CTR",
        "name": "Luxembourg CTR",
        "category": "Civil",
        "lowerLimit": "GND",
        "upperLimit": "2500FT AMSL",
        "airspaceClass": "D",
        "controlUnit": "Luxembourg Tower",
        "hours": "H24",
        "lateralLimits": "494311N 0061213E - clockwise arc radius 5 NM centred at 493850N 0061603E to 493429N 0061952E - 493041N 0060939E - clockwise arc radius 5 NM centred at 493502N 0060549E to 493923N 0060159E - 494311N 0061213E.",
        "aipSource": "Belgium & Luxembourg AIP ELLX AD 2.17, AMDT 008/2026",
        "geometryNote": "Published AIP points retained exactly; circular arcs sampled geodesically at no more than one degree."
      },
      "geometry": {
        "type": "Polygon",
        "coordinates": [
          [
            [
              6.203611111111111,
              49.719722222222224
            ],
            [
              6.20570011,
              49.72027205
            ],
            [
              6.2076703,
              49.72095562
            ],
            [
              6.2096586,
              49.72161694
            ],
            [
              6.21166441,
              49.72225581
            ],
            [
              6.21368713,
              49.72287203
            ],
            [
              6.21572613,
              49.72346544
            ],
            [
              6.21778081,
              49.72403583
            ],
            [
              6.21985055,
              49.72458305
            ],
            [
              6.22193471,
              49.72510692
            ],
            [
              6.22403266,
              49.72560729
            ],
            [
              6.22614378,
              49.726084
            ],
            [
              6.22826742,
              49.72653691
            ],
            [
              6.23040294,
              49.72696589
            ],
            [
              6.23254969,
              49.7273708
            ],
            [
              6.23470703,
              49.72775152
            ],
            [
              6.2368743,
              49.72810793
            ],
            [
              6.23905084,
              49.72843994
            ],
            [
              6.241236,
              49.72874743
            ],
            [
              6.24342911,
              49.72903031
            ],
            [
              6.24562951,
              49.72928851
            ],
            [
              6.24783654,
              49.72952193
            ],
            [
              6.25004952,
              49.72973051
            ],
            [
              6.25226778,
              49.72991419
            ],
            [
              6.25449066,
              49.73007291
            ],
            [
              6.25671748,
              49.73020662
            ],
            [
              6.25894757,
              49.73031528
            ],
            [
              6.26118024,
              49.73039886
            ],
            [
              6.26341483,
              49.73045734
            ],
            [
              6.26565066,
              49.73049069
            ],
            [
              6.26788704,
              49.73049891
            ],
            [
              6.27012331,
              49.73048199
            ],
            [
              6.27235879,
              49.73043994
            ],
            [
              6.27459279,
              49.73037277
            ],
            [
              6.27682465,
              49.73028051
            ],
            [
              6.27905368,
              49.73016317
            ],
            [
              6.28127921,
              49.7300208
            ],
            [
              6.28350057,
              49.72985344
            ],
            [
              6.28571708,
              49.72966113
            ],
            [
              6.28792807,
              49.72944394
            ],
            [
              6.29013288,
              49.72920194
            ],
            [
              6.29233084,
              49.72893519
            ],
            [
              6.29452127,
              49.72864378
            ],
            [
              6.29670352,
              49.72832779
            ],
            [
              6.29887693,
              49.72798733
            ],
            [
              6.30104083,
              49.72762249
            ],
            [
              6.30319458,
              49.72723338
            ],
            [
              6.30533752,
              49.72682013
            ],
            [
              6.307469,
              49.72638285
            ],
            [
              6.30958838,
              49.72592168
            ],
            [
              6.31169501,
              49.72543677
            ],
            [
              6.31378826,
              49.72492825
            ],
            [
              6.3158675,
              49.72439628
            ],
            [
              6.31793209,
              49.72384102
            ],
            [
              6.31998142,
              49.72326264
            ],
            [
              6.32201486,
              49.72266132
            ],
            [
              6.32403179,
              49.72203723
            ],
            [
              6.32603161,
              49.72139057
            ],
            [
              6.32801371,
              49.72072153
            ],
            [
              6.3299775,
              49.72003031
            ],
            [
              6.33192237,
              49.71931713
            ],
            [
              6.33384774,
              49.71858219
            ],
            [
              6.33575304,
              49.71782573
            ],
            [
              6.33763768,
              49.71704797
            ],
            [
              6.33950109,
              49.71624914
            ],
            [
              6.34134272,
              49.7154295
            ],
            [
              6.343162,
              49.71458927
            ],
            [
              6.34495838,
              49.71372873
            ],
            [
              6.34673133,
              49.71284813
            ],
            [
              6.34848031,
              49.71194773
            ],
            [
              6.35020479,
              49.71102781
            ],
            [
              6.35190425,
              49.71008865
            ],
            [
              6.35357818,
              49.70913053
            ],
            [
              6.35522607,
              49.70815374
            ],
            [
              6.35684743,
              49.70715858
            ],
            [
              6.35844176,
              49.70614535
            ],
            [
              6.36000859,
              49.70511435
            ],
            [
              6.36154745,
              49.7040659
            ],
            [
              6.36305787,
              49.70300031
            ],
            [
              6.36453939,
              49.7019179
            ],
            [
              6.36599158,
              49.70081901
            ],
            [
              6.36741399,
              49.69970396
            ],
            [
              6.36880619,
              49.6985731
            ],
            [
              6.37016778,
              49.69742675
            ],
            [
              6.37149833,
              49.69626528
            ],
            [
              6.37279744,
              49.69508903
            ],
            [
              6.37406474,
              49.69389835
            ],
            [
              6.37529983,
              49.69269362
            ],
            [
              6.37650235,
              49.69147518
            ],
            [
              6.37767193,
              49.69024341
            ],
            [
              6.37880823,
              49.68899868
            ],
            [
              6.3799109,
              49.68774137
            ],
            [
              6.38097961,
              49.68647186
            ],
            [
              6.38201405,
              49.68519052
            ],
            [
              6.3830139,
              49.68389776
            ],
            [
              6.38397886,
              49.68259395
            ],
            [
              6.38490865,
              49.68127949
            ],
            [
              6.38580298,
              49.67995478
            ],
            [
              6.3866616,
              49.67862022
            ],
            [
              6.38748424,
              49.67727621
            ],
            [
              6.38827066,
              49.67592316
            ],
            [
              6.38902062,
              49.67456147
            ],
            [
              6.3897339,
              49.67319156
            ],
            [
              6.39041029,
              49.67181384
            ],
            [
              6.39104959,
              49.67042872
            ],
            [
              6.39165161,
              49.66903663
            ],
            [
              6.39221617,
              49.66763798
            ],
            [
              6.3927431,
              49.6662332
            ],
            [
              6.39323225,
              49.66482271
            ],
            [
              6.39368347,
              49.66340693
            ],
            [
              6.39409663,
              49.6619863
            ],
            [
              6.3944716,
              49.66056123
            ],
            [
              6.39480829,
              49.65913217
            ],
            [
              6.39510659,
              49.65769954
            ],
            [
              6.39536641,
              49.65626377
            ],
            [
              6.39558768,
              49.6548253
            ],
            [
              6.39577033,
              49.65338455
            ],
            [
              6.39591432,
              49.65194198
            ],
            [
              6.39601961,
              49.650498
            ],
            [
              6.39608616,
              49.64905305
            ],
            [
              6.39611396,
              49.64760758
            ],
            [
              6.396103,
              49.64616201
            ],
            [
              6.3960533,
              49.64471678
            ],
            [
              6.39596486,
              49.64327232
            ],
            [
              6.39583773,
              49.64182908
            ],
            [
              6.39567193,
              49.64038749
            ],
            [
              6.39546753,
              49.63894797
            ],
            [
              6.39522459,
              49.63751097
            ],
            [
              6.39494319,
              49.63607692
            ],
            [
              6.39462341,
              49.63464624
            ],
            [
              6.39426536,
              49.63321938
            ],
            [
              6.39386914,
              49.63179675
            ],
            [
              6.39343488,
              49.63037879
            ],
            [
              6.39296271,
              49.62896593
            ],
            [
              6.39245277,
              49.62755858
            ],
            [
              6.39190523,
              49.62615718
            ],
            [
              6.39132026,
              49.62476214
            ],
            [
              6.39069802,
              49.62337389
            ],
            [
              6.39003872,
              49.62199284
            ],
            [
              6.38934255,
              49.62061941
            ],
            [
              6.38860973,
              49.619254
            ],
            [
              6.38784047,
              49.61789704
            ],
            [
              6.38703502,
              49.61654893
            ],
            [
              6.38619362,
              49.61521008
            ],
            [
              6.38531652,
              49.61388088
            ],
            [
              6.384404,
              49.61256174
            ],
            [
              6.38345632,
              49.61125306
            ],
            [
              6.38247378,
              49.60995522
            ],
            [
              6.38145668,
              49.60866862
            ],
            [
              6.38040531,
              49.60739365
            ],
            [
              6.37932002,
              49.60613068
            ],
            [
              6.37820111,
              49.6048801
            ],
            [
              6.37704893,
              49.60364229
            ],
            [
              6.37586383,
              49.60241761
            ],
            [
              6.37464616,
              49.60120644
            ],
            [
              6.37339631,
              49.60000913
            ],
            [
              6.37211463,
              49.59882605
            ],
            [
              6.37080153,
              49.59765755
            ],
            [
              6.36945739,
              49.59650399
            ],
            [
              6.36808263,
              49.5953657
            ],
            [
              6.36667765,
              49.59424304
            ],
            [
              6.36524289,
              49.59313634
            ],
            [
              6.36377878,
              49.59204593
            ],
            [
              6.36228575,
              49.59097214
            ],
            [
              6.36076425,
              49.58991529
            ],
            [
              6.35921476,
              49.5888757
            ],
            [
              6.35763772,
              49.58785368
            ],
            [
              6.35603363,
              49.58684954
            ],
            [
              6.35440296,
              49.58586358
            ],
            [
              6.3527462,
              49.58489609
            ],
            [
              6.35106385,
              49.58394737
            ],
            [
              6.34935641,
              49.5830177
            ],
            [
              6.34762441,
              49.58210736
            ],
            [
              6.34586837,
              49.58121663
            ],
            [
              6.3440888,
              49.58034576
            ],
            [
              6.34228625,
              49.57949503
            ],
            [
              6.34046126,
              49.57866468
            ],
            [
              6.33861438,
              49.57785497
            ],
            [
              6.33674616,
              49.57706613
            ],
            [
              6.33485716,
              49.57629842
            ],
            [
              6.33294796,
              49.57555205
            ],
            [
              6.3311111111111105,
              49.57472222222223
            ],
            [
              6.160833333333334,
              49.51138888888889
            ],
            [
              6.15870921,
              49.51088797
            ],
            [
              6.15674725,
              49.51020363
            ],
            [
              6.15476734,
              49.50954148
            ],
            [
              6.15277007,
              49.50890171
            ],
            [
              6.15075604,
              49.50828453
            ],
            [
              6.14872587,
              49.50769011
            ],
            [
              6.14668015,
              49.50711864
            ],
            [
              6.1446195,
              49.50657028
            ],
            [
              6.14254455,
              49.5060452
            ],
            [
              6.14045592,
              49.50554356
            ],
            [
              6.13835422,
              49.50506551
            ],
            [
              6.1362401,
              49.5046112
            ],
            [
              6.13411419,
              49.50418075
            ],
            [
              6.13197713,
              49.5037743
            ],
            [
              6.12982955,
              49.50339196
            ],
            [
              6.1276721,
              49.50303387
            ],
            [
              6.12550544,
              49.50270011
            ],
            [
              6.12333021,
              49.5023908
            ],
            [
              6.12114706,
              49.50210602
            ],
            [
              6.11895665,
              49.50184586
            ],
            [
              6.11675963,
              49.5016104
            ],
            [
              6.11455667,
              49.50139971
            ],
            [
              6.11234843,
              49.50121385
            ],
            [
              6.11013556,
              49.50105288
            ],
            [
              6.10791874,
              49.50091684
            ],
            [
              6.10569862,
              49.50080579
            ],
            [
              6.10347588,
              49.50071974
            ],
            [
              6.10125118,
              49.50065873
            ],
            [
              6.09902518,
              49.50062277
            ],
            [
              6.09679857,
              49.50061188
            ],
            [
              6.09457199,
              49.50062605
            ],
            [
              6.09234613,
              49.50066529
            ],
            [
              6.09012165,
              49.50072959
            ],
            [
              6.08789921,
              49.50081891
            ],
            [
              6.08567949,
              49.50093325
            ],
            [
              6.08346315,
              49.50107255
            ],
            [
              6.08125085,
              49.50123679
            ],
            [
              6.07904326,
              49.5014259
            ],
            [
              6.07684104,
              49.50163984
            ],
            [
              6.07464485,
              49.50187854
            ],
            [
              6.07245536,
              49.50214193
            ],
            [
              6.07027321,
              49.50242993
            ],
            [
              6.06809906,
              49.50274245
            ],
            [
              6.06593356,
              49.5030794
            ],
            [
              6.06377738,
              49.50344068
            ],
            [
              6.06163114,
              49.50382618
            ],
            [
              6.0594955,
              49.50423578
            ],
            [
              6.0573711,
              49.50466937
            ],
            [
              6.05525857,
              49.5051268
            ],
            [
              6.05315855,
              49.50560795
            ],
            [
              6.05107167,
              49.50611267
            ],
            [
              6.04899856,
              49.50664081
            ],
            [
              6.04693984,
              49.5071922
            ],
            [
              6.04489612,
              49.50776669
            ],
            [
              6.04286802,
              49.5083641
            ],
            [
              6.04085616,
              49.50898426
            ],
            [
              6.03886113,
              49.50962697
            ],
            [
              6.03688354,
              49.51029204
            ],
            [
              6.03492397,
              49.51097927
            ],
            [
              6.03298303,
              49.51168847
            ],
            [
              6.03106128,
              49.51241941
            ],
            [
              6.02915931,
              49.51317187
            ],
            [
              6.0272777,
              49.51394563
            ],
            [
              6.025417,
              49.51474046
            ],
            [
              6.02357778,
              49.51555612
            ],
            [
              6.02176059,
              49.51639236
            ],
            [
              6.01996598,
              49.51724893
            ],
            [
              6.01819448,
              49.51812557
            ],
            [
              6.01644663,
              49.51902203
            ],
            [
              6.01472296,
              49.51993803
            ],
            [
              6.01302399,
              49.5208733
            ],
            [
              6.01135022,
              49.52182755
            ],
            [
              6.00970217,
              49.52280051
            ],
            [
              6.00808032,
              49.52379187
            ],
            [
              6.00648517,
              49.52480134
            ],
            [
              6.0049172,
              49.52582861
            ],
            [
              6.00337688,
              49.52687339
            ],
            [
              6.00186468,
              49.52793535
            ],
            [
              6.00038104,
              49.52901417
            ],
            [
              5.99892643,
              49.53010953
            ],
            [
              5.99750127,
              49.53122111
            ],
            [
              5.99610601,
              49.53234856
            ],
            [
              5.99474105,
              49.53349155
            ],
            [
              5.99340682,
              49.53464973
            ],
            [
              5.99210371,
              49.53582276
            ],
            [
              5.99083213,
              49.53701028
            ],
            [
              5.98959245,
              49.53821194
            ],
            [
              5.98838505,
              49.53942738
            ],
            [
              5.98721029,
              49.54065623
            ],
            [
              5.98606854,
              49.54189811
            ],
            [
              5.98496013,
              49.54315267
            ],
            [
              5.98388541,
              49.54441951
            ],
            [
              5.98284469,
              49.54569826
            ],
            [
              5.9818383,
              49.54698853
            ],
            [
              5.98086654,
              49.54828994
            ],
            [
              5.9799297,
              49.5496021
            ],
            [
              5.97902808,
              49.5509246
            ],
            [
              5.97816194,
              49.55225706
            ],
            [
              5.97733155,
              49.55359906
            ],
            [
              5.97653715,
              49.55495022
            ],
            [
              5.975779,
              49.55631011
            ],
            [
              5.97505733,
              49.55767833
            ],
            [
              5.97437235,
              49.55905447
            ],
            [
              5.97372427,
              49.56043812
            ],
            [
              5.9731133,
              49.56182885
            ],
            [
              5.97253961,
              49.56322625
            ],
            [
              5.97200339,
              49.5646299
            ],
            [
              5.9715048,
              49.56603938
            ],
            [
              5.97104399,
              49.56745425
            ],
            [
              5.97062111,
              49.5688741
            ],
            [
              5.97023628,
              49.5702985
            ],
            [
              5.96988963,
              49.57172701
            ],
            [
              5.96958126,
              49.57315921
            ],
            [
              5.96931128,
              49.57459467
            ],
            [
              5.96907975,
              49.57603295
            ],
            [
              5.96888676,
              49.57747362
            ],
            [
              5.96873238,
              49.57891625
            ],
            [
              5.96861664,
              49.5803604
            ],
            [
              5.96853959,
              49.58180563
            ],
            [
              5.96850125,
              49.58325151
            ],
            [
              5.96850164,
              49.58469761
            ],
            [
              5.96854076,
              49.58614348
            ],
            [
              5.96861861,
              49.58758869
            ],
            [
              5.96873516,
              49.58903281
            ],
            [
              5.96889038,
              49.5904754
            ],
            [
              5.96908424,
              49.59191603
            ],
            [
              5.96931666,
              49.59335425
            ],
            [
              5.9695876,
              49.59478964
            ],
            [
              5.96989696,
              49.59622177
            ],
            [
              5.97024466,
              49.5976502
            ],
            [
              5.97063059,
              49.59907449
            ],
            [
              5.97105465,
              49.60049423
            ],
            [
              5.97151671,
              49.60190898
            ],
            [
              5.97201664,
              49.60331831
            ],
            [
              5.97255428,
              49.6047218
            ],
            [
              5.97312947,
              49.60611903
            ],
            [
              5.97374205,
              49.60750957
            ],
            [
              5.97439184,
              49.60889301
            ],
            [
              5.97507863,
              49.61026892
            ],
            [
              5.97580224,
              49.61163689
            ],
            [
              5.97656243,
              49.61299651
            ],
            [
              5.97735899,
              49.61434737
            ],
            [
              5.97819168,
              49.61568905
            ],
            [
              5.97906024,
              49.61702116
            ],
            [
              5.97996442,
              49.61834328
            ],
            [
              5.98090396,
              49.61965503
            ],
            [
              5.98187856,
              49.62095601
            ],
            [
              5.98288793,
              49.62224581
            ],
            [
              5.98393178,
              49.62352406
            ],
            [
              5.98500979,
              49.62479036
            ],
            [
              5.98612164,
              49.62604434
            ],
            [
              5.98726699,
              49.6272856
            ],
            [
              5.98844551,
              49.62851379
            ],
            [
              5.98965682,
              49.62972852
            ],
            [
              5.99090059,
              49.63092944
            ],
            [
              5.99217642,
              49.63211617
            ],
            [
              5.99348393,
              49.63328835
            ],
            [
              5.99482274,
              49.63444564
            ],
            [
              5.99619244,
              49.63558769
            ],
            [
              5.99759261,
              49.63671414
            ],
            [
              5.99902284,
              49.63782465
            ],
            [
              6.0004827,
              49.6389189
            ],
            [
              6.00197174,
              49.63999655
            ],
            [
              6.00348952,
              49.64105727
            ],
            [
              6.00503558,
              49.64210074
            ],
            [
              6.00660945,
              49.64312666
            ],
            [
              6.00821066,
              49.64413469
            ],
            [
              6.00983872,
              49.64512455
            ],
            [
              6.01149315,
              49.64609593
            ],
            [
              6.01317345,
              49.64704854
            ],
            [
              6.01487911,
              49.64798209
            ],
            [
              6.0166096,
              49.64889629
            ],
            [
              6.01836442,
              49.64979088
            ],
            [
              6.02014304,
              49.65066557
            ],
            [
              6.0219449,
              49.65152011
            ],
            [
              6.02376948,
              49.65235423
            ],
            [
              6.02561621,
              49.65316769
            ],
            [
              6.02748454,
              49.65396023
            ],
            [
              6.02937391,
              49.65473162
            ],
            [
              6.03128374,
              49.65548162
            ],
            [
              6.033055555555555,
              49.656388888888884
            ],
            [
              6.203611111111111,
              49.719722222222224
            ]
          ]
        ]
      }
    },
    {
      "type": "Feature",
      "properties": {
        "id": "EHBK-CTR",
        "name": "Maastricht CTR",
        "category": "Civil",
        "lowerLimit": "GND",
        "upperLimit": "3000FT AMSL",
        "airspaceClass": "C",
        "controlUnit": "Beek Tower",
        "hours": "0500-2300 (0400-2200)",
        "lateralLimits": "510201N 0055238E - Dutch-German border - 505442N 0060506E - 505445N 0055840E - 505125N 0055513E - clockwise arc radius 6.5 NM centred at 505457N 0054637E to 504829N 0054538E - 504637N 0054343E - 504724N 0054146E - Dutch-Belgian border - 505956N 0054601E - 510317N 0054932E - 510201N 0055238E.",
        "aipSource": "Netherlands AIP EHBK AD 2.17, AIRAC AMDT 08/2026",
        "geometryNote": "Published AIP points retained exactly; circular arcs sampled geodesically at no more than one degree.",
        "remarks": "The Dutch-German and northern Dutch-Belgian border segments reuse the identical detailed boundary paths from Maastricht TMA 1. Parts outside Amsterdam FIR are subject to the German and Belgian AIPs."
      },
      "geometry": {
        "type": "Polygon",
        "coordinates": [
          [
            [
              5.87722222,
              51.03361111
            ],
            [
              5.8770557,
              51.0320597
            ],
            [
              5.8755265,
              51.0278397
            ],
            [
              5.880425,
              51.0167611
            ],
            [
              5.8941604,
              51.0113147
            ],
            [
              5.896577,
              51.0047533
            ],
            [
              5.9016786,
              51.0025506
            ],
            [
              5.9048247,
              51.0011922
            ],
            [
              5.9032344,
              50.9876748
            ],
            [
              5.8996239,
              50.9847652
            ],
            [
              5.8938015,
              50.9800731
            ],
            [
              5.8971978,
              50.9748454
            ],
            [
              5.918462,
              50.9777698
            ],
            [
              5.9309952,
              50.9834537
            ],
            [
              5.9352608,
              50.9853882
            ],
            [
              5.9534997,
              50.9878065
            ],
            [
              5.955399,
              50.986372
            ],
            [
              5.957233,
              50.9849869
            ],
            [
              5.9683062,
              50.9799865
            ],
            [
              5.9803515,
              50.9826178
            ],
            [
              6.0113208,
              50.9826326
            ],
            [
              6.0257443,
              50.9826395
            ],
            [
              6.0161169,
              50.9636684
            ],
            [
              6.0113249,
              50.9607537
            ],
            [
              6.0060872,
              50.9575679
            ],
            [
              6.0109569,
              50.9549986
            ],
            [
              6.0155297,
              50.9525859
            ],
            [
              6.0150871,
              50.9477855
            ],
            [
              6.0156293,
              50.9454294
            ],
            [
              6.0161834,
              50.9430219
            ],
            [
              6.0181114,
              50.9345161
            ],
            [
              6.0428396,
              50.9306195
            ],
            [
              6.0518708,
              50.9291964
            ],
            [
              6.0524444,
              50.9283164
            ],
            [
              6.0565323,
              50.922045
            ],
            [
              6.073561,
              50.9227515
            ],
            [
              6.0808801,
              50.9214979
            ],
            [
              6.0920361,
              50.919587
            ],
            [
              6.0869476,
              50.913135
            ],
            [
              6.085,
              50.91166667
            ],
            [
              5.977777777777778,
              50.9125
            ],
            [
              5.920277777777778,
              50.856944444444444
            ],
            [
              5.91910066,
              50.85519221
            ],
            [
              5.91741471,
              50.8536503
            ],
            [
              5.91568686,
              50.85212701
            ],
            [
              5.91391763,
              50.8506228
            ],
            [
              5.91210755,
              50.84913812
            ],
            [
              5.91025715,
              50.84767341
            ],
            [
              5.90836701,
              50.84622911
            ],
            [
              5.90643768,
              50.84480564
            ],
            [
              5.90446974,
              50.84340344
            ],
            [
              5.90246378,
              50.84202291
            ],
            [
              5.90042041,
              50.84066448
            ],
            [
              5.89834024,
              50.83932855
            ],
            [
              5.89622389,
              50.83801551
            ],
            [
              5.89407199,
              50.83672575
            ],
            [
              5.89188519,
              50.83545967
            ],
            [
              5.88966414,
              50.83421763
            ],
            [
              5.88740951,
              50.83300001
            ],
            [
              5.88512197,
              50.83180717
            ],
            [
              5.8828022,
              50.83063947
            ],
            [
              5.8804509,
              50.82949725
            ],
            [
              5.87806878,
              50.82838086
            ],
            [
              5.87565654,
              50.82729062
            ],
            [
              5.8732149,
              50.82622686
            ],
            [
              5.87074459,
              50.8251899
            ],
            [
              5.86824635,
              50.82418005
            ],
            [
              5.86572093,
              50.8231976
            ],
            [
              5.86316908,
              50.82224286
            ],
            [
              5.86059156,
              50.8213161
            ],
            [
              5.85798913,
              50.8204176
            ],
            [
              5.85536259,
              50.81954762
            ],
            [
              5.8527127,
              50.81870643
            ],
            [
              5.85004026,
              50.81789428
            ],
            [
              5.84734606,
              50.81711141
            ],
            [
              5.84463091,
              50.81635805
            ],
            [
              5.84189562,
              50.81563442
            ],
            [
              5.83914101,
              50.81494075
            ],
            [
              5.83636788,
              50.81427723
            ],
            [
              5.83357707,
              50.81364407
            ],
            [
              5.83076941,
              50.81304145
            ],
            [
              5.82794574,
              50.81246956
            ],
            [
              5.82510689,
              50.81192855
            ],
            [
              5.82225372,
              50.8114186
            ],
            [
              5.81938706,
              50.81093986
            ],
            [
              5.81650778,
              50.81049246
            ],
            [
              5.81361673,
              50.81007655
            ],
            [
              5.81071477,
              50.80969224
            ],
            [
              5.80780277,
              50.80933964
            ],
            [
              5.80488158,
              50.80901888
            ],
            [
              5.80195209,
              50.80873003
            ],
            [
              5.79901516,
              50.80847318
            ],
            [
              5.79607166,
              50.80824842
            ],
            [
              5.79312247,
              50.80805581
            ],
            [
              5.79016847,
              50.8078954
            ],
            [
              5.78721054,
              50.80776725
            ],
            [
              5.78424956,
              50.80767139
            ],
            [
              5.7812864,
              50.80760784
            ],
            [
              5.77832195,
              50.80757664
            ],
            [
              5.77535709,
              50.80757778
            ],
            [
              5.7723927,
              50.80761128
            ],
            [
              5.76942967,
              50.80767711
            ],
            [
              5.76646887,
              50.80777526
            ],
            [
              5.76351119,
              50.8079057
            ],
            [
              5.760555555555555,
              50.808055555555555
            ],
            [
              5.728611111111111,
              50.776944444444446
            ],
            [
              5.69611111,
              50.79
            ],
            [
              5.6375,
              50.81416667
            ],
            [
              5.64916667,
              50.82638889
            ],
            [
              5.649506083000063,
              50.83154054000005
            ],
            [
              5.64512425700002,
              50.837104915000054
            ],
            [
              5.639799555000025,
              50.84703154600004
            ],
            [
              5.642348810000044,
              50.86382981600008
            ],
            [
              5.644531236000034,
              50.86552073400003
            ],
            [
              5.645963781000034,
              50.86663065400006
            ],
            [
              5.648137919000021,
              50.86831515100005
            ],
            [
              5.645754966000027,
              50.87208110500006
            ],
            [
              5.668625071000065,
              50.880984898000065
            ],
            [
              5.67446807500005,
              50.88124371600003
            ],
            [
              5.679131849000044,
              50.88145029900005
            ],
            [
              5.680642223000063,
              50.884408965000034
            ],
            [
              5.682338654000034,
              50.88773209900006
            ],
            [
              5.68779117400004,
              50.89163836700004
            ],
            [
              5.694290815000045,
              50.89629480800005
            ],
            [
              5.696616650000067,
              50.90269316300004
            ],
            [
              5.699221677000025,
              50.90985957300006
            ],
            [
              5.707244655000068,
              50.91150315200008
            ],
            [
              5.709965837000027,
              50.910501553000074
            ],
            [
              5.715379520000056,
              50.90850891200006
            ],
            [
              5.723732659000063,
              50.910526608000055
            ],
            [
              5.725549551000029,
              50.916257975000065
            ],
            [
              5.728361023000048,
              50.92512673500005
            ],
            [
              5.745539220000069,
              50.943509050000046
            ],
            [
              5.749882454000044,
              50.94646466300003
            ],
            [
              5.757608016000063,
              50.95172198200004
            ],
            [
              5.753896867000037,
              50.958323146000055
            ],
            [
              5.745614197000066,
              50.96089462100008
            ],
            [
              5.738547800000049,
              50.95862581700004
            ],
            [
              5.728954790000046,
              50.955545794000045
            ],
            [
              5.722445042000061,
              50.95790987600003
            ],
            [
              5.72109623800003,
              50.961649856000065
            ],
            [
              5.738007233000076,
              50.97841447600007
            ],
            [
              5.745662737000032,
              50.98127095000007
            ],
            [
              5.748910982000041,
              50.98248295800005
            ],
            [
              5.765072018000069,
              50.99722077800004
            ],
            [
              5.76694444,
              50.99888889
            ],
            [
              5.825555555555555,
              51.05472222222222
            ],
            [
              5.877222222222223,
              51.03361111111111
            ],
            [
              5.87722222,
              51.03361111
            ]
          ]
        ]
      }
    },
    {
      "type": "Feature",
      "properties": {
        "id": "EBOS-CTR",
        "name": "Oostende CTR",
        "category": "Civil",
        "lowerLimit": "GND",
        "upperLimit": "1500FT AMSL",
        "airspaceClass": "D",
        "controlUnit": "Oostende Tower",
        "hours": "H24",
        "lateralLimits": "511412N 0030716E - clockwise arc radius 5 NM centred at 511305N 0025929E to 510812N 0030119E - 510635N 0025022E - 511145N 0023423E - counterclockwise arc radius 5 NM centred at 510717N 0023045E to 511124N 0022612E - 511935N 0024500E - 512018N 0025304E - clockwise arc radius 8 NM centred at 511221N 0025450E to 511412N 0030716E.",
        "aipSource": "Belgium & Luxembourg AIP EBOS AD 2.17, AMDT 008/2026",
        "geometryNote": "Published AIP points retained exactly; circular arcs sampled geodesically at no more than one degree."
      },
      "geometry": {
        "type": "Polygon",
        "coordinates": [
          [
            [
              3.121111111111111,
              51.236666666666665
            ],
            [
              3.12150694,
              51.23523747
            ],
            [
              3.12196254,
              51.23381727
            ],
            [
              3.1223786,
              51.23239232
            ],
            [
              3.12275499,
              51.23096306
            ],
            [
              3.1230916,
              51.22952991
            ],
            [
              3.12338833,
              51.22809331
            ],
            [
              3.12364509,
              51.22665369
            ],
            [
              3.12386182,
              51.22521149
            ],
            [
              3.12403844,
              51.22376716
            ],
            [
              3.12417492,
              51.22232111
            ],
            [
              3.1242712,
              51.2208738
            ],
            [
              3.12432727,
              51.21942566
            ],
            [
              3.12434312,
              51.21797712
            ],
            [
              3.12431873,
              51.21652863
            ],
            [
              3.12425413,
              51.21508063
            ],
            [
              3.12414934,
              51.21363355
            ],
            [
              3.12400439,
              51.21218783
            ],
            [
              3.12381933,
              51.21074391
            ],
            [
              3.12359422,
              51.20930222
            ],
            [
              3.12332913,
              51.20786321
            ],
            [
              3.12302415,
              51.2064273
            ],
            [
              3.12267936,
              51.20499492
            ],
            [
              3.12229489,
              51.20356653
            ],
            [
              3.12187085,
              51.20214253
            ],
            [
              3.12140736,
              51.20072337
            ],
            [
              3.12090459,
              51.19930948
            ],
            [
              3.12036267,
              51.19790128
            ],
            [
              3.11978178,
              51.19649919
            ],
            [
              3.1191621,
              51.19510364
            ],
            [
              3.11850381,
              51.19371506
            ],
            [
              3.11780712,
              51.19233386
            ],
            [
              3.11707225,
              51.19096045
            ],
            [
              3.11629942,
              51.18959526
            ],
            [
              3.11548886,
              51.1882387
            ],
            [
              3.11464083,
              51.18689117
            ],
            [
              3.11375558,
              51.18555309
            ],
            [
              3.11283338,
              51.18422485
            ],
            [
              3.11187452,
              51.18290686
            ],
            [
              3.11087929,
              51.18159951
            ],
            [
              3.10984799,
              51.18030321
            ],
            [
              3.10878093,
              51.17901833
            ],
            [
              3.10767845,
              51.17774528
            ],
            [
              3.10654087,
              51.17648443
            ],
            [
              3.10536854,
              51.17523616
            ],
            [
              3.10416183,
              51.17400085
            ],
            [
              3.10292109,
              51.17277888
            ],
            [
              3.1016467,
              51.17157061
            ],
            [
              3.10033905,
              51.1703764
            ],
            [
              3.09899854,
              51.16919662
            ],
            [
              3.09762558,
              51.16803163
            ],
            [
              3.09622057,
              51.16688177
            ],
            [
              3.09478395,
              51.16574739
            ],
            [
              3.09331616,
              51.16462883
            ],
            [
              3.09181763,
              51.16352643
            ],
            [
              3.09028882,
              51.16244052
            ],
            [
              3.08873019,
              51.16137143
            ],
            [
              3.08714223,
              51.16031949
            ],
            [
              3.08552539,
              51.15928501
            ],
            [
              3.08388019,
              51.15826829
            ],
            [
              3.08220711,
              51.15726965
            ],
            [
              3.08050665,
              51.1562894
            ],
            [
              3.07877934,
              51.15532781
            ],
            [
              3.0770257,
              51.15438519
            ],
            [
              3.07524625,
              51.15346182
            ],
            [
              3.07344154,
              51.15255797
            ],
            [
              3.07161211,
              51.15167392
            ],
            [
              3.0697585,
              51.15080993
            ],
            [
              3.06788129,
              51.14996627
            ],
            [
              3.06598104,
              51.14914319
            ],
            [
              3.06405832,
              51.14834094
            ],
            [
              3.0621137,
              51.14755975
            ],
            [
              3.06014779,
              51.14679987
            ],
            [
              3.05816117,
              51.14606152
            ],
            [
              3.05615445,
              51.14534493
            ],
            [
              3.05412821,
              51.1446503
            ],
            [
              3.05208309,
              51.14397786
            ],
            [
              3.05001969,
              51.1433278
            ],
            [
              3.04793863,
              51.14270031
            ],
            [
              3.04584055,
              51.1420956
            ],
            [
              3.04372608,
              51.14151383
            ],
            [
              3.04159585,
              51.14095519
            ],
            [
              3.0394505,
              51.14041984
            ],
            [
              3.03729068,
              51.13990794
            ],
            [
              3.03511705,
              51.13941966
            ],
            [
              3.03293025,
              51.13895512
            ],
            [
              3.03073095,
              51.13851449
            ],
            [
              3.0285198,
              51.13809787
            ],
            [
              3.02629748,
              51.13770542
            ],
            [
              3.02406466,
              51.13733723
            ],
            [
              3.0219444444444443,
              51.13666666666666
            ],
            [
              2.8394444444444447,
              51.109722222222224
            ],
            [
              2.5730555555555554,
              51.19583333333333
            ],
            [
              2.5707764,
              51.19621704
            ],
            [
              2.56869386,
              51.19684109
            ],
            [
              2.56659429,
              51.19744235
            ],
            [
              2.56447831,
              51.19802062
            ],
            [
              2.56234657,
              51.19857574
            ],
            [
              2.56019971,
              51.19910753
            ],
            [
              2.55803839,
              51.19961583
            ],
            [
              2.55586326,
              51.2001005
            ],
            [
              2.55367498,
              51.20056137
            ],
            [
              2.55147421,
              51.20099832
            ],
            [
              2.54926161,
              51.20141121
            ],
            [
              2.54703787,
              51.20179991
            ],
            [
              2.54480365,
              51.20216431
            ],
            [
              2.54255964,
              51.20250429
            ],
            [
              2.54030651,
              51.20281976
            ],
            [
              2.53804494,
              51.20311061
            ],
            [
              2.53577562,
              51.20337677
            ],
            [
              2.53349924,
              51.20361814
            ],
            [
              2.53121649,
              51.20383466
            ],
            [
              2.52892807,
              51.20402625
            ],
            [
              2.52663466,
              51.20419287
            ],
            [
              2.52433696,
              51.20433446
            ],
            [
              2.52203568,
              51.20445098
            ],
            [
              2.5197315,
              51.20454239
            ],
            [
              2.51742512,
              51.20460866
            ],
            [
              2.51511725,
              51.20464978
            ],
            [
              2.51280859,
              51.20466573
            ],
            [
              2.51049983,
              51.20465651
            ],
            [
              2.50819168,
              51.20462212
            ],
            [
              2.50588484,
              51.20456256
            ],
            [
              2.50358001,
              51.20447787
            ],
            [
              2.50127788,
              51.20436806
            ],
            [
              2.49897915,
              51.20423317
            ],
            [
              2.49668453,
              51.20407324
            ],
            [
              2.4943947,
              51.20388832
            ],
            [
              2.49211037,
              51.20367845
            ],
            [
              2.48983222,
              51.20344372
            ],
            [
              2.48756095,
              51.20318418
            ],
            [
              2.48529724,
              51.20289992
            ],
            [
              2.48304179,
              51.20259102
            ],
            [
              2.48079527,
              51.20225758
            ],
            [
              2.47855836,
              51.2018997
            ],
            [
              2.47633176,
              51.20151748
            ],
            [
              2.47411612,
              51.20111105
            ],
            [
              2.47191212,
              51.20068052
            ],
            [
              2.46972044,
              51.20022603
            ],
            [
              2.46754172,
              51.19974771
            ],
            [
              2.46537665,
              51.19924571
            ],
            [
              2.46322586,
              51.19872018
            ],
            [
              2.46109002,
              51.19817129
            ],
            [
              2.45896976,
              51.19759918
            ],
            [
              2.45686574,
              51.19700406
            ],
            [
              2.45477859,
              51.19638608
            ],
            [
              2.45270893,
              51.19574544
            ],
            [
              2.45065741,
              51.19508233
            ],
            [
              2.44862464,
              51.19439696
            ],
            [
              2.44661123,
              51.19368952
            ],
            [
              2.44461779,
              51.19296025
            ],
            [
              2.44264494,
              51.19220935
            ],
            [
              2.44069325,
              51.19143705
            ],
            [
              2.43876334,
              51.1906436
            ],
            [
              2.436666666666667,
              51.19
            ],
            [
              2.75,
              51.32638888888889
            ],
            [
              2.8844444444444446,
              51.33833333333334
            ],
            [
              2.88822937,
              51.33810606
            ],
            [
              2.89190485,
              51.33836489
            ],
            [
              2.89558699,
              51.33858376
            ],
            [
              2.89927469,
              51.33876258
            ],
            [
              2.90296682,
              51.33890132
            ],
            [
              2.90666227,
              51.33899991
            ],
            [
              2.91035991,
              51.33905835
            ],
            [
              2.91405861,
              51.3390766
            ],
            [
              2.91775727,
              51.33905466
            ],
            [
              2.92145475,
              51.33899254
            ],
            [
              2.92514994,
              51.33889026
            ],
            [
              2.92884171,
              51.33874784
            ],
            [
              2.93252895,
              51.33856534
            ],
            [
              2.93621053,
              51.3383428
            ],
            [
              2.93988534,
              51.3380803
            ],
            [
              2.94355226,
              51.33777791
            ],
            [
              2.94721019,
              51.33743573
            ],
            [
              2.95085801,
              51.33705386
            ],
            [
              2.95449461,
              51.33663241
            ],
            [
              2.9581189,
              51.33617152
            ],
            [
              2.96172977,
              51.33567132
            ],
            [
              2.96532613,
              51.33513196
            ],
            [
              2.9689069,
              51.33455362
            ],
            [
              2.97247097,
              51.33393645
            ],
            [
              2.97601728,
              51.33328066
            ],
            [
              2.97954475,
              51.33258644
            ],
            [
              2.98305231,
              51.33185399
            ],
            [
              2.9865389,
              51.33108355
            ],
            [
              2.99000346,
              51.33027535
            ],
            [
              2.99344494,
              51.32942963
            ],
            [
              2.99686231,
              51.32854664
            ],
            [
              3.00025451,
              51.32762666
            ],
            [
              3.00362054,
              51.32666996
            ],
            [
              3.00695937,
              51.32567684
            ],
            [
              3.01026999,
              51.32464759
            ],
            [
              3.0135514,
              51.32358253
            ],
            [
              3.0168026,
              51.32248198
            ],
            [
              3.02002262,
              51.32134627
            ],
            [
              3.02321047,
              51.32017576
            ],
            [
              3.0263652,
              51.31897078
            ],
            [
              3.02948586,
              51.31773171
            ],
            [
              3.0325715,
              51.31645892
            ],
            [
              3.03562118,
              51.3151528
            ],
            [
              3.03863399,
              51.31381375
            ],
            [
              3.04160903,
              51.31244216
            ],
            [
              3.04454538,
              51.31103846
            ],
            [
              3.04744217,
              51.30960307
            ],
            [
              3.05029852,
              51.30813642
            ],
            [
              3.05311357,
              51.30663896
            ],
            [
              3.05588648,
              51.30511115
            ],
            [
              3.05861641,
              51.30355343
            ],
            [
              3.06130253,
              51.3019663
            ],
            [
              3.06394403,
              51.30035022
            ],
            [
              3.06654014,
              51.29870569
            ],
            [
              3.06909005,
              51.2970332
            ],
            [
              3.07159301,
              51.29533325
            ],
            [
              3.07404827,
              51.29360637
            ],
            [
              3.07645508,
              51.29185308
            ],
            [
              3.07881273,
              51.2900739
            ],
            [
              3.0811205,
              51.28826938
            ],
            [
              3.08337772,
              51.28644006
            ],
            [
              3.08558369,
              51.28458648
            ],
            [
              3.08773776,
              51.28270923
            ],
            [
              3.08983928,
              51.28080885
            ],
            [
              3.09188763,
              51.27888593
            ],
            [
              3.09388219,
              51.27694104
            ],
            [
              3.09582237,
              51.27497477
            ],
            [
              3.09770759,
              51.27298773
            ],
            [
              3.09953728,
              51.2709805
            ],
            [
              3.1013109,
              51.2689537
            ],
            [
              3.10302793,
              51.26690793
            ],
            [
              3.10468785,
              51.26484381
            ],
            [
              3.10629017,
              51.26276198
            ],
            [
              3.1078344,
              51.26066305
            ],
            [
              3.10932011,
              51.25854765
            ],
            [
              3.11074683,
              51.25641644
            ],
            [
              3.11211416,
              51.25427005
            ],
            [
              3.11342169,
              51.25210912
            ],
            [
              3.11466903,
              51.24993431
            ],
            [
              3.11585581,
              51.24774628
            ],
            [
              3.11698168,
              51.24554569
            ],
            [
              3.11804632,
              51.2433332
            ],
            [
              3.11904941,
              51.24110947
            ],
            [
              3.11999066,
              51.23887518
            ],
            [
              3.121111111111111,
              51.236666666666665
            ]
          ]
        ]
      }
    },
    {
      "type": "Feature",
      "properties": {
        "id": "EBBE-CTR",
        "name": "Beauvechain CTR",
        "category": "Military",
        "lowerLimit": "GND",
        "upperLimit": "2500FT AMSL",
        "airspaceClass": "D",
        "controlUnit": "Beauvechain Tower",
        "hours": "As ATS operational hours",
        "lateralLimits": "504151N 0043016E - 505718N 0045201E - 505356N 0050240E - clockwise arc radius 7.7 NM centred at 504654N 0045728E to 504836N 0050925E - 504157N 0045525E - 503941N 0044955E - 503502N 0044248E - clockwise arc radius 10.6 NM centred at 504528N 0044601E to 504151N 0043016E.",
        "aipSource": "Belgium & Luxembourg AIP EBBE AD 2.17, AMDT 008/2026",
        "geometryNote": "Published AIP points retained exactly; circular arcs sampled geodesically at no more than one degree."
      },
      "geometry": {
        "type": "Polygon",
        "coordinates": [
          [
            [
              4.504444444444444,
              50.6975
            ],
            [
              4.866944444444445,
              50.955000000000005
            ],
            [
              5.044444444444444,
              50.89888888888889
            ],
            [
              5.04684702,
              50.89692069
            ],
            [
              5.04997658,
              50.89593473
            ],
            [
              5.05307866,
              50.89491487
            ],
            [
              5.05615232,
              50.89386142
            ],
            [
              5.05919665,
              50.89277469
            ],
            [
              5.06221074,
              50.891655
            ],
            [
              5.06519371,
              50.8905027
            ],
            [
              5.06814465,
              50.88931813
            ],
            [
              5.07106271,
              50.88810162
            ],
            [
              5.07394699,
              50.88685356
            ],
            [
              5.07679666,
              50.88557431
            ],
            [
              5.07961087,
              50.88426426
            ],
            [
              5.08238877,
              50.88292378
            ],
            [
              5.08512955,
              50.88155329
            ],
            [
              5.08783238,
              50.88015319
            ],
            [
              5.09049648,
              50.8787239
            ],
            [
              5.09312105,
              50.87726584
            ],
            [
              5.09570531,
              50.87577945
            ],
            [
              5.0982485,
              50.87426517
            ],
            [
              5.10074985,
              50.87272345
            ],
            [
              5.10320864,
              50.87115475
            ],
            [
              5.10562414,
              50.86955954
            ],
            [
              5.10799562,
              50.86793829
            ],
            [
              5.1103224,
              50.86629149
            ],
            [
              5.11260377,
              50.86461962
            ],
            [
              5.11483907,
              50.86292318
            ],
            [
              5.11702764,
              50.86120268
            ],
            [
              5.11916883,
              50.85945864
            ],
            [
              5.12126201,
              50.85769156
            ],
            [
              5.12330656,
              50.85590197
            ],
            [
              5.12530187,
              50.85409041
            ],
            [
              5.12724738,
              50.85225741
            ],
            [
              5.12914249,
              50.85040353
            ],
            [
              5.13098665,
              50.8485293
            ],
            [
              5.13277932,
              50.8466353
            ],
            [
              5.13451998,
              50.84472207
            ],
            [
              5.13620811,
              50.8427902
            ],
            [
              5.13784321,
              50.84084025
            ],
            [
              5.13942482,
              50.8388728
            ],
            [
              5.14095246,
              50.83688844
            ],
            [
              5.14242568,
              50.83488776
            ],
            [
              5.14384407,
              50.83287135
            ],
            [
              5.14520719,
              50.83083981
            ],
            [
              5.14651467,
              50.82879375
            ],
            [
              5.14776611,
              50.82673376
            ],
            [
              5.14896115,
              50.82466047
            ],
            [
              5.15009944,
              50.82257449
            ],
            [
              5.15118066,
              50.82047644
            ],
            [
              5.15220448,
              50.81836693
            ],
            [
              5.15317063,
              50.81624661
            ],
            [
              5.1540788,
              50.81411608
            ],
            [
              5.15492875,
              50.811976
            ],
            [
              5.156944444444445,
              50.809999999999995
            ],
            [
              4.923611111111112,
              50.69916666666666
            ],
            [
              4.831944444444444,
              50.66138888888889
            ],
            [
              4.713333333333334,
              50.58388888888889
            ],
            [
              4.70884062,
              50.58511349
            ],
            [
              4.70417497,
              50.58577062
            ],
            [
              4.69952766,
              50.58647838
            ],
            [
              4.69490005,
              50.58723656
            ],
            [
              4.69029349,
              50.58804495
            ],
            [
              4.68570933,
              50.5889033
            ],
            [
              4.68114891,
              50.58981136
            ],
            [
              4.67661356,
              50.59076888
            ],
            [
              4.67210461,
              50.59177556
            ],
            [
              4.66762338,
              50.59283112
            ],
            [
              4.66317119,
              50.59393524
            ],
            [
              4.65874933,
              50.59508761
            ],
            [
              4.65435909,
              50.59628789
            ],
            [
              4.65000178,
              50.59753572
            ],
            [
              4.64567865,
              50.59883075
            ],
            [
              4.64139099,
              50.60017258
            ],
            [
              4.63714004,
              50.60156084
            ],
            [
              4.63292706,
              50.60299511
            ],
            [
              4.62875327,
              50.60447498
            ],
            [
              4.62461991,
              50.60600001
            ],
            [
              4.62052818,
              50.60756975
            ],
            [
              4.61647929,
              50.60918375
            ],
            [
              4.61247443,
              50.61084153
            ],
            [
              4.60851477,
              50.61254262
            ],
            [
              4.60460148,
              50.6142865
            ],
            [
              4.6007357,
              50.61607268
            ],
            [
              4.59691858,
              50.61790062
            ],
            [
              4.59315124,
              50.6197698
            ],
            [
              4.58943478,
              50.62167966
            ],
            [
              4.58577031,
              50.62362965
            ],
            [
              4.5821589,
              50.62561919
            ],
            [
              4.57860161,
              50.62764771
            ],
            [
              4.5750995,
              50.6297146
            ],
            [
              4.57165359,
              50.63181927
            ],
            [
              4.56826491,
              50.63396109
            ],
            [
              4.56493446,
              50.63613944
            ],
            [
              4.56166322,
              50.63835369
            ],
            [
              4.55845215,
              50.64060317
            ],
            [
              4.55530221,
              50.64288723
            ],
            [
              4.55221434,
              50.64520521
            ],
            [
              4.54918943,
              50.64755642
            ],
            [
              4.54622841,
              50.64994017
            ],
            [
              4.54333213,
              50.65235576
            ],
            [
              4.54050146,
              50.65480249
            ],
            [
              4.53773724,
              50.65727964
            ],
            [
              4.53504029,
              50.65978647
            ],
            [
              4.53241142,
              50.66232226
            ],
            [
              4.52985141,
              50.66488626
            ],
            [
              4.52736102,
              50.66747771
            ],
            [
              4.52494099,
              50.67009586
            ],
            [
              4.52259205,
              50.67273994
            ],
            [
              4.5203149,
              50.67540916
            ],
            [
              4.51811021,
              50.67810275
            ],
            [
              4.51597866,
              50.68081992
            ],
            [
              4.51392088,
              50.68355986
            ],
            [
              4.51193748,
              50.68632177
            ],
            [
              4.51002907,
              50.68910483
            ],
            [
              4.50819622,
              50.69190824
            ],
            [
              4.50643948,
              50.69473116
            ],
            [
              4.504444444444444,
              50.6975
            ]
          ]
        ]
      }
    },
    {
      "type": "Feature",
      "properties": {
        "id": "EBCV-CTR",
        "name": "Chièvres CTR",
        "category": "Military",
        "lowerLimit": "GND",
        "upperLimit": "2500FT AMSL",
        "airspaceClass": "D",
        "controlUnit": "Chièvres Tower",
        "hours": "As ATS operational hours",
        "lateralLimits": "503454N 0034046E - clockwise arc radius 6 NM centred at 503436N 0035012E to 503652N 0034127E - 503808N 0034737E - 504036N 0040415E - clockwise arc radius 6 NM centred at 503532N 0035910E to 503205N 0040655E - 503039N 0040151E - 502920N 0034840E - 503059N 0034410E - 503454N 0034046E.",
        "aipSource": "Belgium & Luxembourg AIP EBCV AD 2.17, AMDT 008/2026",
        "geometryNote": "Published AIP points retained exactly; circular arcs sampled geodesically at no more than one degree.",
        "remarks": "Operated by USAF."
      },
      "geometry": {
        "type": "Polygon",
        "coordinates": [
          [
            [
              3.6794444444444445,
              50.58166666666667
            ],
            [
              3.6796448,
              50.58334793
            ],
            [
              3.67984182,
              50.58502882
            ],
            [
              3.68008347,
              50.58670736
            ],
            [
              3.6803697,
              50.58838307
            ],
            [
              3.68070042,
              50.59005548
            ],
            [
              3.68107556,
              50.59172411
            ],
            [
              3.68149499,
              50.59338848
            ],
            [
              3.68195862,
              50.59504813
            ],
            [
              3.68246632,
              50.59670257
            ],
            [
              3.68301794,
              50.59835134
            ],
            [
              3.68361332,
              50.59999396
            ],
            [
              3.68425232,
              50.60162997
            ],
            [
              3.68493474,
              50.60325891
            ],
            [
              3.68566041,
              50.60488031
            ],
            [
              3.68642911,
              50.6064937
            ],
            [
              3.68724063,
              50.60809862
            ],
            [
              3.68809474,
              50.60969463
            ],
            [
              3.68899122,
              50.61128126
            ],
            [
              3.68992979,
              50.61285807
            ],
            [
              3.6908333333333334,
              50.614444444444445
            ],
            [
              3.793611111111111,
              50.635555555555555
            ],
            [
              4.070833333333333,
              50.67666666666666
            ],
            [
              4.07299449,
              50.67558669
            ],
            [
              4.07526481,
              50.6746163
            ],
            [
              4.0775081,
              50.67362103
            ],
            [
              4.07972368,
              50.67260119
            ],
            [
              4.08191089,
              50.67155707
            ],
            [
              4.08406906,
              50.670489
            ],
            [
              4.08619754,
              50.6693973
            ],
            [
              4.08829569,
              50.6682823
            ],
            [
              4.09036287,
              50.66714434
            ],
            [
              4.09239847,
              50.66598376
            ],
            [
              4.09440186,
              50.66480092
            ],
            [
              4.09637244,
              50.66359617
            ],
            [
              4.09830962,
              50.66236989
            ],
            [
              4.10021281,
              50.66112243
            ],
            [
              4.10208144,
              50.65985418
            ],
            [
              4.10391495,
              50.65856552
            ],
            [
              4.10571278,
              50.65725685
            ],
            [
              4.10747439,
              50.65592855
            ],
            [
              4.10919925,
              50.65458104
            ],
            [
              4.11088685,
              50.65321471
            ],
            [
              4.11253667,
              50.65182999
            ],
            [
              4.11414822,
              50.65042729
            ],
            [
              4.11572101,
              50.64900704
            ],
            [
              4.11725458,
              50.64756966
            ],
            [
              4.11874846,
              50.64611559
            ],
            [
              4.1202022,
              50.64464528
            ],
            [
              4.12161537,
              50.64315916
            ],
            [
              4.12298754,
              50.64165769
            ],
            [
              4.12431831,
              50.64014132
            ],
            [
              4.12560726,
              50.63861051
            ],
            [
              4.12685403,
              50.63706572
            ],
            [
              4.12805823,
              50.63550742
            ],
            [
              4.1292195,
              50.63393608
            ],
            [
              4.13033751,
              50.63235217
            ],
            [
              4.13141191,
              50.63075618
            ],
            [
              4.13244238,
              50.62914859
            ],
            [
              4.13342862,
              50.62752988
            ],
            [
              4.13437033,
              50.62590054
            ],
            [
              4.13526724,
              50.62426107
            ],
            [
              4.13611907,
              50.62261196
            ],
            [
              4.13692558,
              50.6209537
            ],
            [
              4.13768653,
              50.61928681
            ],
            [
              4.13840168,
              50.61761178
            ],
            [
              4.13907084,
              50.61592912
            ],
            [
              4.1396938,
              50.61423933
            ],
            [
              4.14027038,
              50.61254294
            ],
            [
              4.14080041,
              50.61084044
            ],
            [
              4.14128373,
              50.60913236
            ],
            [
              4.14172021,
              50.60741921
            ],
            [
              4.14210971,
              50.6057015
            ],
            [
              4.14245213,
              50.60397976
            ],
            [
              4.14274737,
              50.6022545
            ],
            [
              4.14299535,
              50.60052625
            ],
            [
              4.14319598,
              50.59879553
            ],
            [
              4.14334923,
              50.59706286
            ],
            [
              4.14345504,
              50.59532876
            ],
            [
              4.14351339,
              50.59359375
            ],
            [
              4.14352427,
              50.59185836
            ],
            [
              4.14348769,
              50.59012311
            ],
            [
              4.14340364,
              50.58838853
            ],
            [
              4.14327218,
              50.58665514
            ],
            [
              4.14309334,
              50.58492346
            ],
            [
              4.14286718,
              50.58319401
            ],
            [
              4.14259377,
              50.58146731
            ],
            [
              4.14227321,
              50.57974389
            ],
            [
              4.14190559,
              50.57802426
            ],
            [
              4.14149103,
              50.57630894
            ],
            [
              4.14102966,
              50.57459845
            ],
            [
              4.14052163,
              50.57289331
            ],
            [
              4.13996708,
              50.57119402
            ],
            [
              4.1393662,
              50.5695011
            ],
            [
              4.13871917,
              50.56781506
            ],
            [
              4.1380262,
              50.56613641
            ],
            [
              4.13728748,
              50.56446565
            ],
            [
              4.13650325,
              50.56280328
            ],
            [
              4.13567376,
              50.56114981
            ],
            [
              4.13479925,
              50.55950573
            ],
            [
              4.13388,
              50.55787154
            ],
            [
              4.13291628,
              50.55624773
            ],
            [
              4.13190839,
              50.55463479
            ],
            [
              4.13085664,
              50.5530332
            ],
            [
              4.12976135,
              50.55144345
            ],
            [
              4.12862285,
              50.54986601
            ],
            [
              4.12744148,
              50.54830136
            ],
            [
              4.12621762,
              50.54674997
            ],
            [
              4.12495163,
              50.5452123
            ],
            [
              4.12364389,
              50.54368882
            ],
            [
              4.1222948,
              50.54217999
            ],
            [
              4.12090478,
              50.54068625
            ],
            [
              4.11947424,
              50.53920806
            ],
            [
              4.11800362,
              50.53774587
            ],
            [
              4.11649336,
              50.5363001
            ],
            [
              4.115277777777777,
              50.53472222222222
            ],
            [
              4.030833333333334,
              50.51083333333333
            ],
            [
              3.811111111111111,
              50.48888888888889
            ],
            [
              3.736111111111111,
              50.51638888888889
            ],
            [
              3.6794444444444445,
              50.58166666666667
            ]
          ]
        ]
      }
    },
    {
      "type": "Feature",
      "properties": {
        "id": "EBFS-CTR",
        "name": "Florennes CTR",
        "category": "Military",
        "lowerLimit": "GND",
        "upperLimit": "3500FT AMSL",
        "airspaceClass": "D",
        "controlUnit": "Florennes Tower",
        "hours": "As ATS operational hours",
        "lateralLimits": "501816N 0044404E - 501918N 0045328E - 501320N 0045527E - 501218N 0044540E - clockwise arc radius 5 NM centred at 501436N 0043845E to 501059N 0043322E - 500957N 0042355E - 501547N 0042210E - 501653N 0043149E - clockwise arc radius 5 NM centred at 501436N 0043845E to 501816N 0044404E.",
        "aipSource": "Belgium & Luxembourg AIP EBFS AD 2.17, AMDT 008/2026",
        "geometryNote": "Published AIP points retained exactly; circular arcs sampled geodesically at no more than one degree."
      },
      "geometry": {
        "type": "Polygon",
        "coordinates": [
          [
            [
              4.734444444444445,
              50.30444444444444
            ],
            [
              4.891111111111111,
              50.32166666666667
            ],
            [
              4.924166666666667,
              50.22222222222222
            ],
            [
              4.761111111111111,
              50.205000000000005
            ],
            [
              4.76027012,
              50.20365357
            ],
            [
              4.75917738,
              50.20239154
            ],
            [
              4.75805071,
              50.20114181
            ],
            [
              4.75689044,
              50.19990476
            ],
            [
              4.75569692,
              50.19868074
            ],
            [
              4.75447051,
              50.19747013
            ],
            [
              4.75321158,
              50.19627329
            ],
            [
              4.75192052,
              50.19509057
            ],
            [
              4.7505977,
              50.19392234
            ],
            [
              4.74924353,
              50.19276895
            ],
            [
              4.74785841,
              50.19163073
            ],
            [
              4.74644277,
              50.19050802
            ],
            [
              4.74499702,
              50.18940117
            ],
            [
              4.74352161,
              50.18831051
            ],
            [
              4.74201697,
              50.18723636
            ],
            [
              4.74048356,
              50.18617903
            ],
            [
              4.73892183,
              50.18513886
            ],
            [
              4.73733227,
              50.18411615
            ],
            [
              4.73571533,
              50.1831112
            ],
            [
              4.73407152,
              50.18212432
            ],
            [
              4.73240132,
              50.1811558
            ],
            [
              4.73070523,
              50.18020593
            ],
            [
              4.72898377,
              50.179275
            ],
            [
              4.72723744,
              50.17836328
            ],
            [
              4.72546678,
              50.17747105
            ],
            [
              4.72367231,
              50.17659857
            ],
            [
              4.72185457,
              50.1757461
            ],
            [
              4.7200141,
              50.1749139
            ],
            [
              4.71815146,
              50.17410222
            ],
            [
              4.71626721,
              50.17331129
            ],
            [
              4.7143619,
              50.17254137
            ],
            [
              4.71243612,
              50.17179267
            ],
            [
              4.71049043,
              50.17106542
            ],
            [
              4.70852541,
              50.17035984
            ],
            [
              4.70654167,
              50.16967613
            ],
            [
              4.70453978,
              50.16901451
            ],
            [
              4.70252035,
              50.16837517
            ],
            [
              4.70048399,
              50.1677583
            ],
            [
              4.69843129,
              50.16716408
            ],
            [
              4.69636288,
              50.1665927
            ],
            [
              4.69427938,
              50.16604433
            ],
            [
              4.6921814,
              50.16551912
            ],
            [
              4.69006958,
              50.16501723
            ],
            [
              4.68794454,
              50.16453882
            ],
            [
              4.68580692,
              50.16408403
            ],
            [
              4.68365736,
              50.16365299
            ],
            [
              4.68149651,
              50.16324583
            ],
            [
              4.679325,
              50.16286267
            ],
            [
              4.67714349,
              50.16250364
            ],
            [
              4.67495262,
              50.16216882
            ],
            [
              4.67275306,
              50.16185834
            ],
            [
              4.67054546,
              50.16157227
            ],
            [
              4.66833048,
              50.1613107
            ],
            [
              4.66610878,
              50.16107372
            ],
            [
              4.66388102,
              50.16086139
            ],
            [
              4.66164788,
              50.16067378
            ],
            [
              4.65941001,
              50.16051093
            ],
            [
              4.65716809,
              50.16037291
            ],
            [
              4.65492278,
              50.16025975
            ],
            [
              4.65267476,
              50.16017148
            ],
            [
              4.65042469,
              50.16010814
            ],
            [
              4.64817326,
              50.16006974
            ],
            [
              4.64592112,
              50.16005629
            ],
            [
              4.64366896,
              50.16006779
            ],
            [
              4.64141744,
              50.16010425
            ],
            [
              4.63916725,
              50.16016565
            ],
            [
              4.63691904,
              50.16025197
            ],
            [
              4.6346735,
              50.1603632
            ],
            [
              4.63243129,
              50.16049928
            ],
            [
              4.63019308,
              50.16066019
            ],
            [
              4.62795954,
              50.16084588
            ],
            [
              4.62573134,
              50.16105628
            ],
            [
              4.62350915,
              50.16129135
            ],
            [
              4.62129362,
              50.161551
            ],
            [
              4.61908542,
              50.16183516
            ],
            [
              4.61688521,
              50.16214374
            ],
            [
              4.61469364,
              50.16247666
            ],
            [
              4.61251138,
              50.16283382
            ],
            [
              4.61033907,
              50.16321509
            ],
            [
              4.60817736,
              50.16362039
            ],
            [
              4.60602689,
              50.16404957
            ],
            [
              4.60388832,
              50.16450252
            ],
            [
              4.60176228,
              50.16497909
            ],
            [
              4.5996494,
              50.16547915
            ],
            [
              4.59755032,
              50.16600255
            ],
            [
              4.59546567,
              50.16654913
            ],
            [
              4.59339606,
              50.16711872
            ],
            [
              4.59134212,
              50.16771116
            ],
            [
              4.58930446,
              50.16832627
            ],
            [
              4.58728369,
              50.16896387
            ],
            [
              4.58528041,
              50.16962376
            ],
            [
              4.58329523,
              50.17030575
            ],
            [
              4.58132873,
              50.17100963
            ],
            [
              4.57938152,
              50.1717352
            ],
            [
              4.57745416,
              50.17248224
            ],
            [
              4.57554723,
              50.17325052
            ],
            [
              4.57366132,
              50.17403981
            ],
            [
              4.57179698,
              50.17484988
            ],
            [
              4.56995476,
              50.17568049
            ],
            [
              4.56813523,
              50.17653139
            ],
            [
              4.56633893,
              50.17740232
            ],
            [
              4.56456639,
              50.17829302
            ],
            [
              4.56281815,
              50.17920323
            ],
            [
              4.56109472,
              50.18013268
            ],
            [
              4.55939664,
              50.18108108
            ],
            [
              4.5577244,
              50.18204816
            ],
            [
              4.556111111111111,
              50.183055555555555
            ],
            [
              4.398611111111111,
              50.16583333333333
            ],
            [
              4.3694444444444445,
              50.26305555555555
            ],
            [
              4.530277777777778,
              50.28138888888889
            ],
            [
              4.53108068,
              50.28275144
            ],
            [
              4.53216788,
              50.2840201
            ],
            [
              4.53328946,
              50.28527649
            ],
            [
              4.53444509,
              50.28652024
            ],
            [
              4.53563441,
              50.28775095
            ],
            [
              4.53685706,
              50.28896828
            ],
            [
              4.53811268,
              50.29017184
            ],
            [
              4.5394009,
              50.29136127
            ],
            [
              4.54072132,
              50.29253621
            ],
            [
              4.54207355,
              50.2936963
            ],
            [
              4.54345718,
              50.2948412
            ],
            [
              4.5448718,
              50.29597056
            ],
            [
              4.54631697,
              50.29708404
            ],
            [
              4.54779227,
              50.29818129
            ],
            [
              4.54929724,
              50.299262
            ],
            [
              4.55083144,
              50.30032582
            ],
            [
              4.55239441,
              50.30137244
            ],
            [
              4.55398566,
              50.30240154
            ],
            [
              4.55560472,
              50.30341282
            ],
            [
              4.55725111,
              50.30440595
            ],
            [
              4.55892433,
              50.30538065
            ],
            [
              4.56062386,
              50.30633661
            ],
            [
              4.5623492,
              50.30727356
            ],
            [
              4.56409983,
              50.30819119
            ],
            [
              4.56587522,
              50.30908925
            ],
            [
              4.56767482,
              50.30996744
            ],
            [
              4.56949811,
              50.31082552
            ],
            [
              4.57134452,
              50.31166321
            ],
            [
              4.5732135,
              50.31248027
            ],
            [
              4.57510448,
              50.31327644
            ],
            [
              4.57701689,
              50.31405149
            ],
            [
              4.57895016,
              50.31480518
            ],
            [
              4.58090369,
              50.31553729
            ],
            [
              4.5828769,
              50.31624758
            ],
            [
              4.58486919,
              50.31693585
            ],
            [
              4.58687996,
              50.31760188
            ],
            [
              4.5889086,
              50.31824548
            ],
            [
              4.59095449,
              50.31886645
            ],
            [
              4.59301701,
              50.3194646
            ],
            [
              4.59509554,
              50.32003975
            ],
            [
              4.59718946,
              50.32059173
            ],
            [
              4.59929812,
              50.32112037
            ],
            [
              4.60142088,
              50.3216255
            ],
            [
              4.60355711,
              50.32210698
            ],
            [
              4.60570616,
              50.32256466
            ],
            [
              4.60786738,
              50.32299839
            ],
            [
              4.6100401,
              50.32340806
            ],
            [
              4.61222368,
              50.32379353
            ],
            [
              4.61441745,
              50.32415469
            ],
            [
              4.61662074,
              50.32449143
            ],
            [
              4.61883289,
              50.32480364
            ],
            [
              4.62105323,
              50.32509124
            ],
            [
              4.62328109,
              50.32535413
            ],
            [
              4.62551578,
              50.32559223
            ],
            [
              4.62775663,
              50.32580548
            ],
            [
              4.63000297,
              50.3259938
            ],
            [
              4.6322541,
              50.32615714
            ],
            [
              4.63450936,
              50.32629546
            ],
            [
              4.63676804,
              50.3264087
            ],
            [
              4.63902948,
              50.32649684
            ],
            [
              4.64129298,
              50.32655985
            ],
            [
              4.64355785,
              50.32659771
            ],
            [
              4.64582342,
              50.3266104
            ],
            [
              4.64808899,
              50.32659793
            ],
            [
              4.65035388,
              50.32656029
            ],
            [
              4.65261739,
              50.3264975
            ],
            [
              4.65487885,
              50.32640958
            ],
            [
              4.65713756,
              50.32629656
            ],
            [
              4.65939285,
              50.32615846
            ],
            [
              4.66164402,
              50.32599534
            ],
            [
              4.6638904,
              50.32580723
            ],
            [
              4.66613131,
              50.3255942
            ],
            [
              4.66836606,
              50.32535632
            ],
            [
              4.67059397,
              50.32509364
            ],
            [
              4.67281438,
              50.32480627
            ],
            [
              4.67502661,
              50.32449427
            ],
            [
              4.67722998,
              50.32415774
            ],
            [
              4.67942384,
              50.3237968
            ],
            [
              4.6816075,
              50.32341154
            ],
            [
              4.68378033,
              50.32300208
            ],
            [
              4.68594165,
              50.32256856
            ],
            [
              4.6880908,
              50.32211109
            ],
            [
              4.69022715,
              50.32162982
            ],
            [
              4.69235004,
              50.32112489
            ],
            [
              4.69445882,
              50.32059646
            ],
            [
              4.69655287,
              50.32004469
            ],
            [
              4.69863154,
              50.31946974
            ],
            [
              4.70069421,
              50.31887179
            ],
            [
              4.70274024,
              50.31825102
            ],
            [
              4.70476903,
              50.31760761
            ],
            [
              4.70677996,
              50.31694177
            ],
            [
              4.70877241,
              50.3162537
            ],
            [
              4.71074579,
              50.3155436
            ],
            [
              4.7126995,
              50.31481168
            ],
            [
              4.71463295,
              50.31405818
            ],
            [
              4.71654555,
              50.31328332
            ],
            [
              4.71843672,
              50.31248733
            ],
            [
              4.72030589,
              50.31167045
            ],
            [
              4.7221525,
              50.31083294
            ],
            [
              4.72397599,
              50.30997504
            ],
            [
              4.72577581,
              50.30909702
            ],
            [
              4.72755141,
              50.30819913
            ],
            [
              4.72930226,
              50.30728167
            ],
            [
              4.73102782,
              50.30634489
            ],
            [
              4.73272758,
              50.30538909
            ],
            [
              4.734444444444445,
              50.30444444444444
            ]
          ]
        ]
      }
    },
    {
      "type": "Feature",
      "properties": {
        "id": "EBBL-CTR-1",
        "name": "Kleine-Brogel CTR One",
        "category": "Military",
        "lowerLimit": "GND",
        "upperLimit": "2500FT AMSL",
        "airspaceClass": "D",
        "controlUnit": "Kleine-Brogel Tower",
        "hours": "As ATS operational hours",
        "lateralLimits": "511052N 0054231E - Belgian-Dutch border - 511743N 0053057E - 510810N 0051238E - counterclockwise arc radius 5 NM centred at 510445N 0051827E to 510120N 0052414E - 511052N 0054231E.",
        "aipSource": "Belgium & Luxembourg AIP EBBL AD 2.17, AMDT 008/2026",
        "geometryNote": "Published AIP points retained exactly; circular arcs sampled geodesically at no more than one degree.",
        "remarks": "The Belgian-Dutch segment uses the shared detailed national boundary. EBR05A is excluded when activated.",
        "parentGroup": "Kleine-Brogel CTR"
      },
      "geometry": {
        "type": "Polygon",
        "coordinates": [
          [
            [
              5.708611111111111,
              51.18111111111111
            ],
            [
              5.688936011000067,
              51.18499722300004
            ],
            [
              5.658263781000073,
              51.18475949200007
            ],
            [
              5.651352744000064,
              51.19253095000005
            ],
            [
              5.651935920000028,
              51.194034110000075
            ],
            [
              5.653097358000025,
              51.19702776500003
            ],
            [
              5.566283615000032,
              51.220836500000075
            ],
            [
              5.560063487000036,
              51.22287434700007
            ],
            [
              5.555609869000023,
              51.24377622900005
            ],
            [
              5.556271699000035,
              51.25711701700004
            ],
            [
              5.556669157000044,
              51.265128735000076
            ],
            [
              5.539176901000076,
              51.27603341000008
            ],
            [
              5.523077389000036,
              51.28606984700008
            ],
            [
              5.520148881000068,
              51.28977637000003
            ],
            [
              5.515833333333333,
              51.29527777777778
            ],
            [
              5.210555555555556,
              51.13611111111111
            ],
            [
              5.2090765,
              51.13498978
            ],
            [
              5.20754054,
              51.13390245
            ],
            [
              5.20603511,
              51.13279845
            ],
            [
              5.20456068,
              51.13167812
            ],
            [
              5.20311769,
              51.13054179
            ],
            [
              5.20170659,
              51.12938982
            ],
            [
              5.2003278,
              51.12822256
            ],
            [
              5.19898173,
              51.12704037
            ],
            [
              5.19766881,
              51.1258436
            ],
            [
              5.19638942,
              51.12463263
            ],
            [
              5.19514396,
              51.12340781
            ],
            [
              5.1939328,
              51.12216953
            ],
            [
              5.19275631,
              51.12091817
            ],
            [
              5.19161485,
              51.1196541
            ],
            [
              5.19050875,
              51.11837771
            ],
            [
              5.18943837,
              51.11708939
            ],
            [
              5.18840401,
              51.11578953
            ],
            [
              5.18740599,
              51.11447854
            ],
            [
              5.18644462,
              51.1131568
            ],
            [
              5.18552018,
              51.11182473
            ],
            [
              5.18463296,
              51.11048274
            ],
            [
              5.18378321,
              51.10913122
            ],
            [
              5.1829712,
              51.10777059
            ],
            [
              5.18219717,
              51.10640127
            ],
            [
              5.18146135,
              51.10502367
            ],
            [
              5.18076397,
              51.10363822
            ],
            [
              5.18010523,
              51.10224534
            ],
            [
              5.17948533,
              51.10084544
            ],
            [
              5.17890446,
              51.09943897
            ],
            [
              5.17836278,
              51.09802634
            ],
            [
              5.17786047,
              51.096608
            ],
            [
              5.17739766,
              51.09518436
            ],
            [
              5.17697451,
              51.09375586
            ],
            [
              5.17659112,
              51.09232295
            ],
            [
              5.17624763,
              51.09088605
            ],
            [
              5.17594412,
              51.08944561
            ],
            [
              5.17568068,
              51.08800205
            ],
            [
              5.1754574,
              51.08655583
            ],
            [
              5.17527434,
              51.08510739
            ],
            [
              5.17513154,
              51.08365715
            ],
            [
              5.17502905,
              51.08220557
            ],
            [
              5.17496689,
              51.08075309
            ],
            [
              5.17494509,
              51.07930015
            ],
            [
              5.17496364,
              51.0778472
            ],
            [
              5.17502254,
              51.07639466
            ],
            [
              5.17512175,
              51.074943
            ],
            [
              5.17526126,
              51.07349264
            ],
            [
              5.17544101,
              51.07204403
            ],
            [
              5.17566094,
              51.07059761
            ],
            [
              5.17592098,
              51.06915382
            ],
            [
              5.17622105,
              51.06771311
            ],
            [
              5.17656106,
              51.0662759
            ],
            [
              5.1769409,
              51.06484263
            ],
            [
              5.17736044,
              51.06341375
            ],
            [
              5.17781957,
              51.06198968
            ],
            [
              5.17831812,
              51.06057087
            ],
            [
              5.17885596,
              51.05915773
            ],
            [
              5.17943291,
              51.0577507
            ],
            [
              5.18004879,
              51.05635021
            ],
            [
              5.18070341,
              51.05495669
            ],
            [
              5.18139657,
              51.05357055
            ],
            [
              5.18212806,
              51.05219222
            ],
            [
              5.18289764,
              51.05082212
            ],
            [
              5.18370509,
              51.04946066
            ],
            [
              5.18455016,
              51.04810826
            ],
            [
              5.18543258,
              51.04676533
            ],
            [
              5.18635208,
              51.04543227
            ],
            [
              5.18730838,
              51.04410949
            ],
            [
              5.18830118,
              51.0427974
            ],
            [
              5.18933019,
              51.04149639
            ],
            [
              5.19039509,
              51.04020686
            ],
            [
              5.19149554,
              51.03892919
            ],
            [
              5.19263122,
              51.03766378
            ],
            [
              5.19380177,
              51.03641101
            ],
            [
              5.19500684,
              51.03517126
            ],
            [
              5.19624606,
              51.03394491
            ],
            [
              5.19751904,
              51.03273233
            ],
            [
              5.19882541,
              51.03153388
            ],
            [
              5.20016476,
              51.03034994
            ],
            [
              5.20153668,
              51.02918085
            ],
            [
              5.20294076,
              51.02802698
            ],
            [
              5.20437656,
              51.02688868
            ],
            [
              5.20584365,
              51.02576629
            ],
            [
              5.20734158,
              51.02466015
            ],
            [
              5.20886989,
              51.02357059
            ],
            [
              5.21042812,
              51.02249795
            ],
            [
              5.21201579,
              51.02144256
            ],
            [
              5.21363242,
              51.02040473
            ],
            [
              5.21527752,
              51.01938477
            ],
            [
              5.21695058,
              51.018383
            ],
            [
              5.21865111,
              51.01739972
            ],
            [
              5.22037857,
              51.01643524
            ],
            [
              5.22213244,
              51.01548983
            ],
            [
              5.2239122,
              51.01456379
            ],
            [
              5.2257173,
              51.0136574
            ],
            [
              5.22754719,
              51.01277093
            ],
            [
              5.22940131,
              51.01190465
            ],
            [
              5.23127911,
              51.01105883
            ],
            [
              5.23318001,
              51.01023372
            ],
            [
              5.23510343,
              51.00942957
            ],
            [
              5.23704879,
              51.00864662
            ],
            [
              5.23901551,
              51.00788512
            ],
            [
              5.24100297,
              51.00714529
            ],
            [
              5.24301059,
              51.00642736
            ],
            [
              5.24503774,
              51.00573154
            ],
            [
              5.24708382,
              51.00505804
            ],
            [
              5.2491482,
              51.00440708
            ],
            [
              5.25123026,
              51.00377884
            ],
            [
              5.25332937,
              51.00317352
            ],
            [
              5.25544489,
              51.0025913
            ],
            [
              5.25757617,
              51.00203236
            ],
            [
              5.25972258,
              51.00149686
            ],
            [
              5.26188346,
              51.00098497
            ],
            [
              5.26405816,
              51.00049684
            ],
            [
              5.26624602,
              51.00003262
            ],
            [
              5.26844636,
              50.99959246
            ],
            [
              5.27065854,
              50.99917648
            ],
            [
              5.27288188,
              50.99878481
            ],
            [
              5.2751157,
              50.99841757
            ],
            [
              5.27735932,
              50.99807488
            ],
            [
              5.27961208,
              50.99775682
            ],
            [
              5.28187327,
              50.99746351
            ],
            [
              5.28414223,
              50.99719503
            ],
            [
              5.28641827,
              50.99695146
            ],
            [
              5.28870068,
              50.99673287
            ],
            [
              5.29098879,
              50.99653933
            ],
            [
              5.2932819,
              50.99637091
            ],
            [
              5.29557931,
              50.99622764
            ],
            [
              5.29788034,
              50.99610958
            ],
            [
              5.30018427,
              50.99601676
            ],
            [
              5.30249042,
              50.9959492
            ],
            [
              5.30479809,
              50.99590693
            ],
            [
              5.30710658,
              50.99588997
            ],
            [
              5.30941518,
              50.99589831
            ],
            [
              5.31172321,
              50.99593195
            ],
            [
              5.31402995,
              50.99599089
            ],
            [
              5.31633472,
              50.9960751
            ],
            [
              5.31863682,
              50.99618457
            ],
            [
              5.32093554,
              50.99631925
            ],
            [
              5.32323019,
              50.99647911
            ],
            [
              5.32552008,
              50.99666409
            ],
            [
              5.32780452,
              50.99687415
            ],
            [
              5.3300828,
              50.99710921
            ],
            [
              5.33235425,
              50.99736921
            ],
            [
              5.33461817,
              50.99765407
            ],
            [
              5.33687388,
              50.9979637
            ],
            [
              5.33912069,
              50.99829801
            ],
            [
              5.34135793,
              50.9986569
            ],
            [
              5.34358491,
              50.99904025
            ],
            [
              5.34580097,
              50.99944796
            ],
            [
              5.34800543,
              50.9998799
            ],
            [
              5.35019761,
              51.00033593
            ],
            [
              5.35237687,
              51.00081593
            ],
            [
              5.35454253,
              51.00131973
            ],
            [
              5.35669395,
              51.0018472
            ],
            [
              5.35883046,
              51.00239818
            ],
            [
              5.36095142,
              51.00297248
            ],
            [
              5.3630562,
              51.00356995
            ],
            [
              5.36514414,
              51.0041904
            ],
            [
              5.36721462,
              51.00483364
            ],
            [
              5.36926701,
              51.00549948
            ],
            [
              5.37130068,
              51.00618771
            ],
            [
              5.37331502,
              51.00689813
            ],
            [
              5.37530942,
              51.00763052
            ],
            [
              5.37728327,
              51.00838467
            ],
            [
              5.37923598,
              51.00916033
            ],
            [
              5.38116694,
              51.00995728
            ],
            [
              5.38307559,
              51.01077527
            ],
            [
              5.38496132,
              51.01161407
            ],
            [
              5.38682358,
              51.0124734
            ],
            [
              5.38866179,
              51.01335302
            ],
            [
              5.3904754,
              51.01425265
            ],
            [
              5.39226385,
              51.01517202
            ],
            [
              5.39402661,
              51.01611086
            ],
            [
              5.39576314,
              51.01706888
            ],
            [
              5.3974729,
              51.01804579
            ],
            [
              5.39915538,
              51.01904129
            ],
            [
              5.40081007,
              51.02005508
            ],
            [
              5.40243646,
              51.02108685
            ],
            [
              5.403888888888889,
              51.02222222222222
            ],
            [
              5.708611111111111,
              51.18111111111111
            ]
          ]
        ]
      }
    },
    {
      "type": "Feature",
      "properties": {
        "id": "EBBL-CTR-2",
        "name": "Kleine-Brogel CTR Two",
        "category": "Military",
        "lowerLimit": "GND",
        "upperLimit": "3000FT AMSL",
        "airspaceClass": "D",
        "controlUnit": "Kleine-Brogel Tower",
        "hours": "HO",
        "lateralLimits": "511743N 0053057E - clockwise arc radius 5 NM centred at 511421N 0053650E to 511052N 0054231E - Belgian-Dutch border - 511743N 0053057E.",
        "aipSource": "Belgium & Luxembourg AIP ENR 2.2, AMDT 008/2026",
        "geometryNote": "Published AIP points retained exactly; circular arcs sampled geodesically at no more than one degree.",
        "remarks": "The Belgian-Dutch segment uses the same detailed national boundary as CTR One. ATZ and AFIZ Budel excluded when active.",
        "parentGroup": "Kleine-Brogel CTR"
      },
      "geometry": {
        "type": "Polygon",
        "coordinates": [
          [
            [
              5.515833333333333,
              51.29527777777778
            ],
            [
              5.51725479,
              51.29643273
            ],
            [
              5.51886548,
              51.29747903
            ],
            [
              5.52050518,
              51.29850758
            ],
            [
              5.52217338,
              51.29951808
            ],
            [
              5.52386959,
              51.30051021
            ],
            [
              5.52559329,
              51.30148367
            ],
            [
              5.52734394,
              51.30243816
            ],
            [
              5.52912103,
              51.30337339
            ],
            [
              5.530924,
              51.30428908
            ],
            [
              5.53275231,
              51.30518495
            ],
            [
              5.53460541,
              51.30606072
            ],
            [
              5.53648272,
              51.30691612
            ],
            [
              5.53838367,
              51.30775089
            ],
            [
              5.54030769,
              51.30856479
            ],
            [
              5.54225419,
              51.30935755
            ],
            [
              5.54422257,
              51.31012895
            ],
            [
              5.54621224,
              51.31087873
            ],
            [
              5.54822259,
              51.31160668
            ],
            [
              5.550253,
              51.31231257
            ],
            [
              5.55230286,
              51.31299618
            ],
            [
              5.55437154,
              51.31365731
            ],
            [
              5.5564584,
              51.31429575
            ],
            [
              5.55856282,
              51.31491132
            ],
            [
              5.56068415,
              51.31550381
            ],
            [
              5.56282173,
              51.31607305
            ],
            [
              5.56497493,
              51.31661887
            ],
            [
              5.56714308,
              51.3171411
            ],
            [
              5.56932551,
              51.31763957
            ],
            [
              5.57152157,
              51.31811415
            ],
            [
              5.57373058,
              51.31856467
            ],
            [
              5.57595186,
              51.31899101
            ],
            [
              5.57818474,
              51.31939304
            ],
            [
              5.58042854,
              51.31977062
            ],
            [
              5.58268257,
              51.32012365
            ],
            [
              5.58494614,
              51.32045202
            ],
            [
              5.58721855,
              51.32075562
            ],
            [
              5.58949913,
              51.32103437
            ],
            [
              5.59178715,
              51.32128817
            ],
            [
              5.59408194,
              51.32151696
            ],
            [
              5.59638278,
              51.32172066
            ],
            [
              5.59868898,
              51.32189921
            ],
            [
              5.60099982,
              51.32205256
            ],
            [
              5.6033146,
              51.32218065
            ],
            [
              5.60563262,
              51.32228345
            ],
            [
              5.60795316,
              51.32236092
            ],
            [
              5.61027551,
              51.32241306
            ],
            [
              5.61259897,
              51.32243982
            ],
            [
              5.61492283,
              51.32244122
            ],
            [
              5.61724637,
              51.32241725
            ],
            [
              5.61956888,
              51.32236791
            ],
            [
              5.62188966,
              51.32229322
            ],
            [
              5.62420799,
              51.32219321
            ],
            [
              5.62652316,
              51.3220679
            ],
            [
              5.62883447,
              51.32191734
            ],
            [
              5.63114121,
              51.32174156
            ],
            [
              5.63344268,
              51.32154063
            ],
            [
              5.63573816,
              51.3213146
            ],
            [
              5.63802697,
              51.32106355
            ],
            [
              5.6403084,
              51.32078754
            ],
            [
              5.64258175,
              51.32048667
            ],
            [
              5.64484632,
              51.32016103
            ],
            [
              5.64710144,
              51.31981071
            ],
            [
              5.64934639,
              51.31943583
            ],
            [
              5.65158051,
              51.31903649
            ],
            [
              5.65380311,
              51.31861282
            ],
            [
              5.6560135,
              51.31816496
            ],
            [
              5.65821102,
              51.31769302
            ],
            [
              5.66039499,
              51.31719717
            ],
            [
              5.66256474,
              51.31667755
            ],
            [
              5.66471962,
              51.31613433
            ],
            [
              5.66685896,
              51.31556766
            ],
            [
              5.6689821,
              51.31497771
            ],
            [
              5.67108842,
              51.31436468
            ],
            [
              5.67317725,
              51.31372875
            ],
            [
              5.67524796,
              51.31307011
            ],
            [
              5.67729992,
              51.31238897
            ],
            [
              5.6793325,
              51.31168552
            ],
            [
              5.68134509,
              51.31095999
            ],
            [
              5.68333707,
              51.3102126
            ],
            [
              5.68530783,
              51.30944358
            ],
            [
              5.68725677,
              51.30865315
            ],
            [
              5.68918329,
              51.30784158
            ],
            [
              5.69108681,
              51.30700909
            ],
            [
              5.69296676,
              51.30615594
            ],
            [
              5.69482254,
              51.30528241
            ],
            [
              5.69665361,
              51.30438874
            ],
            [
              5.6984594,
              51.30347522
            ],
            [
              5.70023937,
              51.30254213
            ],
            [
              5.70199296,
              51.30158974
            ],
            [
              5.70371965,
              51.30061836
            ],
            [
              5.70541892,
              51.29962827
            ],
            [
              5.70709023,
              51.29861978
            ],
            [
              5.70873309,
              51.2975932
            ],
            [
              5.710347,
              51.29654884
            ],
            [
              5.71193147,
              51.29548702
            ],
            [
              5.71348601,
              51.29440807
            ],
            [
              5.71501014,
              51.2933123
            ],
            [
              5.71650342,
              51.29220006
            ],
            [
              5.71796539,
              51.29107169
            ],
            [
              5.71939559,
              51.28992753
            ],
            [
              5.7207936,
              51.28876793
            ],
            [
              5.722159,
              51.28759325
            ],
            [
              5.72349136,
              51.28640384
            ],
            [
              5.72479029,
              51.28520006
            ],
            [
              5.72605539,
              51.28398228
            ],
            [
              5.72728628,
              51.28275088
            ],
            [
              5.72848259,
              51.28150623
            ],
            [
              5.72964395,
              51.28024871
            ],
            [
              5.73077001,
              51.2789787
            ],
            [
              5.73186043,
              51.27769659
            ],
            [
              5.73291489,
              51.27640277
            ],
            [
              5.73393306,
              51.27509763
            ],
            [
              5.73491464,
              51.27378158
            ],
            [
              5.73585933,
              51.27245501
            ],
            [
              5.73676684,
              51.27111833
            ],
            [
              5.73763691,
              51.26977195
            ],
            [
              5.73846927,
              51.26841627
            ],
            [
              5.73926367,
              51.26705172
            ],
            [
              5.74001987,
              51.26567869
            ],
            [
              5.74073765,
              51.26429762
            ],
            [
              5.74141679,
              51.26290893
            ],
            [
              5.74205708,
              51.26151303
            ],
            [
              5.74265834,
              51.26011035
            ],
            [
              5.74322039,
              51.25870132
            ],
            [
              5.74374305,
              51.25728637
            ],
            [
              5.74422618,
              51.25586593
            ],
            [
              5.74466963,
              51.25444044
            ],
            [
              5.74507326,
              51.25301031
            ],
            [
              5.74543696,
              51.251576
            ],
            [
              5.74576062,
              51.25013794
            ],
            [
              5.74604416,
              51.24869656
            ],
            [
              5.74628747,
              51.2472523
            ],
            [
              5.7464905,
              51.24580561
            ],
            [
              5.74665319,
              51.24435692
            ],
            [
              5.74677549,
              51.24290668
            ],
            [
              5.74685736,
              51.24145532
            ],
            [
              5.74689879,
              51.24000329
            ],
            [
              5.74689977,
              51.23855102
            ],
            [
              5.7468603,
              51.23709897
            ],
            [
              5.74678039,
              51.23564757
            ],
            [
              5.74666009,
              51.23419726
            ],
            [
              5.74649941,
              51.23274848
            ],
            [
              5.74629843,
              51.23130168
            ],
            [
              5.74605719,
              51.2298573
            ],
            [
              5.74577579,
              51.22841577
            ],
            [
              5.74545431,
              51.22697752
            ],
            [
              5.74509284,
              51.22554301
            ],
            [
              5.74469152,
              51.22411266
            ],
            [
              5.74425045,
              51.22268691
            ],
            [
              5.74376978,
              51.22126619
            ],
            [
              5.74324965,
              51.21985094
            ],
            [
              5.74269024,
              51.21844158
            ],
            [
              5.74209171,
              51.21703854
            ],
            [
              5.74145424,
              51.21564224
            ],
            [
              5.74077804,
              51.21425312
            ],
            [
              5.74006332,
              51.2128716
            ],
            [
              5.73931028,
              51.21149808
            ],
            [
              5.73851918,
              51.210133
            ],
            [
              5.73769024,
              51.20877676
            ],
            [
              5.73682373,
              51.20742977
            ],
            [
              5.73591991,
              51.20609245
            ],
            [
              5.73497906,
              51.2047652
            ],
            [
              5.73400146,
              51.20344842
            ],
            [
              5.73298742,
              51.20214252
            ],
            [
              5.73193725,
              51.20084788
            ],
            [
              5.73085127,
              51.19956491
            ],
            [
              5.72972981,
              51.19829399
            ],
            [
              5.72857322,
              51.1970355
            ],
            [
              5.72738184,
              51.19578983
            ],
            [
              5.72615605,
              51.19455736
            ],
            [
              5.72489621,
              51.19333846
            ],
            [
              5.72360271,
              51.1921335
            ],
            [
              5.72227595,
              51.19094284
            ],
            [
              5.72091634,
              51.18976684
            ],
            [
              5.71952427,
              51.18860587
            ],
            [
              5.71810019,
              51.18746027
            ],
            [
              5.71664452,
              51.1863304
            ],
            [
              5.71515771,
              51.18521658
            ],
            [
              5.71364021,
              51.18411917
            ],
            [
              5.71209249,
              51.1830385
            ],
            [
              5.71051501,
              51.18197488
            ],
            [
              5.708611111111111,
              51.18111111111111
            ],
            [
              5.688936011000067,
              51.18499722300004
            ],
            [
              5.658263781000073,
              51.18475949200007
            ],
            [
              5.651352744000064,
              51.19253095000005
            ],
            [
              5.651935920000028,
              51.194034110000075
            ],
            [
              5.653097358000025,
              51.19702776500003
            ],
            [
              5.566283615000032,
              51.220836500000075
            ],
            [
              5.560063487000036,
              51.22287434700007
            ],
            [
              5.555609869000023,
              51.24377622900005
            ],
            [
              5.556271699000035,
              51.25711701700004
            ],
            [
              5.556669157000044,
              51.265128735000076
            ],
            [
              5.539176901000076,
              51.27603341000008
            ],
            [
              5.523077389000036,
              51.28606984700008
            ],
            [
              5.520148881000068,
              51.28977637000003
            ],
            [
              5.515833333333333,
              51.29527777777778
            ]
          ]
        ]
      }
    },
    {
      "type": "Feature",
      "properties": {
        "id": "EBFN-CTR",
        "name": "Koksijde CTR",
        "category": "Military",
        "lowerLimit": "GND",
        "upperLimit": "FL055",
        "airspaceClass": "D",
        "controlUnit": "Koksijde Tower",
        "hours": "As ATS operational hours",
        "lateralLimits": "510227N 0022840E - clockwise arc radius 5 NM centred at 510717N 0023045E to 511145N 0023423E - 510357N 0025825E - 505900N 0024917E - 510227N 0022840E.",
        "aipSource": "Belgium & Luxembourg AIP EBFN AD 2.17, AMDT 008/2026",
        "geometryNote": "Published AIP points retained exactly; circular arcs sampled geodesically at no more than one degree.",
        "remarks": "Partially situated in France; the LFAK exclusion and delegated ATS conditions remain as published in the AIP."
      },
      "geometry": {
        "type": "Polygon",
        "coordinates": [
          [
            [
              2.477777777777778,
              51.04083333333333
            ],
            [
              2.47562818,
              51.04139811
            ],
            [
              2.47341514,
              51.04181383
            ],
            [
              2.47121393,
              51.0422537
            ],
            [
              2.46902522,
              51.0427176
            ],
            [
              2.46684965,
              51.04320539
            ],
            [
              2.4646879,
              51.04371692
            ],
            [
              2.46254061,
              51.04425202
            ],
            [
              2.46040845,
              51.04481055
            ],
            [
              2.45829204,
              51.04539234
            ],
            [
              2.45619204,
              51.0459972
            ],
            [
              2.45410908,
              51.04662495
            ],
            [
              2.45204378,
              51.04727541
            ],
            [
              2.44999679,
              51.04794837
            ],
            [
              2.44796871,
              51.04864364
            ],
            [
              2.44596017,
              51.049361
            ],
            [
              2.44397176,
              51.05010023
            ],
            [
              2.4420041,
              51.05086112
            ],
            [
              2.44005778,
              51.05164343
            ],
            [
              2.43813339,
              51.05244692
            ],
            [
              2.43623151,
              51.05327135
            ],
            [
              2.43435273,
              51.05411648
            ],
            [
              2.4324976,
              51.05498204
            ],
            [
              2.4306667,
              51.05586778
            ],
            [
              2.42886058,
              51.05677342
            ],
            [
              2.42707979,
              51.05769869
            ],
            [
              2.42532487,
              51.05864331
            ],
            [
              2.42359635,
              51.059607
            ],
            [
              2.42189476,
              51.06058946
            ],
            [
              2.42022061,
              51.0615904
            ],
            [
              2.41857441,
              51.06260951
            ],
            [
              2.41695668,
              51.06364648
            ],
            [
              2.41536788,
              51.06470101
            ],
            [
              2.41380852,
              51.06577276
            ],
            [
              2.41227906,
              51.06686142
            ],
            [
              2.41077997,
              51.06796665
            ],
            [
              2.40931171,
              51.06908813
            ],
            [
              2.40787472,
              51.0702255
            ],
            [
              2.40646944,
              51.07137843
            ],
            [
              2.4050963,
              51.07254657
            ],
            [
              2.40375572,
              51.07372956
            ],
            [
              2.40244811,
              51.07492704
            ],
            [
              2.40117386,
              51.07613865
            ],
            [
              2.39993337,
              51.07736403
            ],
            [
              2.39872701,
              51.0786028
            ],
            [
              2.39755515,
              51.07985458
            ],
            [
              2.39641816,
              51.08111901
            ],
            [
              2.39531637,
              51.08239568
            ],
            [
              2.39425013,
              51.08368422
            ],
            [
              2.39321976,
              51.08498423
            ],
            [
              2.39222558,
              51.08629533
            ],
            [
              2.3912679,
              51.08761711
            ],
            [
              2.39034699,
              51.08894917
            ],
            [
              2.38946316,
              51.0902911
            ],
            [
              2.38861667,
              51.09164251
            ],
            [
              2.38780778,
              51.09300298
            ],
            [
              2.38703673,
              51.09437209
            ],
            [
              2.38630378,
              51.09574944
            ],
            [
              2.38560913,
              51.09713459
            ],
            [
              2.38495302,
              51.09852715
            ],
            [
              2.38433563,
              51.09992667
            ],
            [
              2.38375716,
              51.10133273
            ],
            [
              2.3832178,
              51.10274492
            ],
            [
              2.3827177,
              51.10416279
            ],
            [
              2.38225702,
              51.10558592
            ],
            [
              2.38183591,
              51.10701388
            ],
            [
              2.3814545,
              51.10844623
            ],
            [
              2.38111291,
              51.10988254
            ],
            [
              2.38081124,
              51.11132237
            ],
            [
              2.38054959,
              51.11276528
            ],
            [
              2.38032805,
              51.11421083
            ],
            [
              2.38014668,
              51.11565859
            ],
            [
              2.38000554,
              51.11710812
            ],
            [
              2.37990469,
              51.11855897
            ],
            [
              2.37984415,
              51.1200107
            ],
            [
              2.37982394,
              51.12146288
            ],
            [
              2.37984409,
              51.12291505
            ],
            [
              2.37990458,
              51.12436679
            ],
            [
              2.3800054,
              51.12581764
            ],
            [
              2.38014652,
              51.12726716
            ],
            [
              2.38032791,
              51.12871493
            ],
            [
              2.38054951,
              51.13016048
            ],
            [
              2.38081126,
              51.13160339
            ],
            [
              2.38111308,
              51.13304322
            ],
            [
              2.38145489,
              51.13447953
            ],
            [
              2.38183658,
              51.13591187
            ],
            [
              2.38225804,
              51.13733982
            ],
            [
              2.38271916,
              51.13876294
            ],
            [
              2.38321978,
              51.14018079
            ],
            [
              2.38375977,
              51.14159295
            ],
            [
              2.38433895,
              51.14299898
            ],
            [
              2.38495717,
              51.14439846
            ],
            [
              2.38561423,
              51.14579097
            ],
            [
              2.38630994,
              51.14717606
            ],
            [
              2.38704408,
              51.14855333
            ],
            [
              2.38781645,
              51.14992236
            ],
            [
              2.3886268,
              51.15128272
            ],
            [
              2.3894749,
              51.15263401
            ],
            [
              2.39036048,
              51.15397581
            ],
            [
              2.39128329,
              51.15530771
            ],
            [
              2.39224304,
              51.15662931
            ],
            [
              2.39323944,
              51.1579402
            ],
            [
              2.39427219,
              51.15923999
            ],
            [
              2.39534099,
              51.16052827
            ],
            [
              2.39644551,
              51.16180466
            ],
            [
              2.39758541,
              51.16306877
            ],
            [
              2.39876035,
              51.16432021
            ],
            [
              2.39996998,
              51.16555859
            ],
            [
              2.40121393,
              51.16678355
            ],
            [
              2.40249182,
              51.1679947
            ],
            [
              2.40380326,
              51.16919169
            ],
            [
              2.40514786,
              51.17037414
            ],
            [
              2.40652522,
              51.17154168
            ],
            [
              2.4079349,
              51.17269398
            ],
            [
              2.40937649,
              51.17383067
            ],
            [
              2.41084954,
              51.17495141
            ],
            [
              2.41235362,
              51.17605586
            ],
            [
              2.41388826,
              51.17714367
            ],
            [
              2.41545299,
              51.17821452
            ],
            [
              2.41704735,
              51.17926808
            ],
            [
              2.41867085,
              51.18030403
            ],
            [
              2.42032298,
              51.18132205
            ],
            [
              2.42200326,
              51.18232184
            ],
            [
              2.42371117,
              51.18330308
            ],
            [
              2.42544618,
              51.18426547
            ],
            [
              2.42720778,
              51.18520873
            ],
            [
              2.42899543,
              51.18613257
            ],
            [
              2.43080857,
              51.18703669
            ],
            [
              2.43264666,
              51.18792084
            ],
            [
              2.43450915,
              51.18878473
            ],
            [
              2.43639545,
              51.1896281
            ],
            [
              2.438305,
              51.1904507
            ],
            [
              2.44023721,
              51.19125227
            ],
            [
              2.4421915,
              51.19203257
            ],
            [
              2.44416727,
              51.19279136
            ],
            [
              2.44616392,
              51.19352841
            ],
            [
              2.44818083,
              51.19424349
            ],
            [
              2.4502174,
              51.19493639
            ],
            [
              2.452273,
              51.19560689
            ],
            [
              2.454347,
              51.19625479
            ],
            [
              2.45643877,
              51.1968799
            ],
            [
              2.45854767,
              51.19748201
            ],
            [
              2.46067307,
              51.19806094
            ],
            [
              2.4628143,
              51.19861653
            ],
            [
              2.46497072,
              51.19914859
            ],
            [
              2.46714166,
              51.19965697
            ],
            [
              2.46932647,
              51.20014151
            ],
            [
              2.47152447,
              51.20060206
            ],
            [
              2.473735,
              51.20103848
            ],
            [
              2.47595738,
              51.20145065
            ],
            [
              2.47819093,
              51.20183842
            ],
            [
              2.48043497,
              51.20220169
            ],
            [
              2.48268881,
              51.20254034
            ],
            [
              2.48495177,
              51.20285428
            ],
            [
              2.48722315,
              51.20314339
            ],
            [
              2.48950225,
              51.2034076
            ],
            [
              2.49178839,
              51.20364682
            ],
            [
              2.49408085,
              51.20386099
            ],
            [
              2.49637895,
              51.20405003
            ],
            [
              2.49868198,
              51.20421389
            ],
            [
              2.50098923,
              51.20435251
            ],
            [
              2.5033,
              51.20446586
            ],
            [
              2.50561359,
              51.20455391
            ],
            [
              2.50792928,
              51.20461661
            ],
            [
              2.51024637,
              51.20465396
            ],
            [
              2.51256415,
              51.20466594
            ],
            [
              2.5148819,
              51.20465256
            ],
            [
              2.51719893,
              51.2046138
            ],
            [
              2.51951453,
              51.2045497
            ],
            [
              2.52182797,
              51.20446025
            ],
            [
              2.52413857,
              51.2043455
            ],
            [
              2.52644561,
              51.20420548
            ],
            [
              2.52874838,
              51.20404022
            ],
            [
              2.53104619,
              51.20384979
            ],
            [
              2.53333832,
              51.20363424
            ],
            [
              2.53562409,
              51.20339363
            ],
            [
              2.53790278,
              51.20312804
            ],
            [
              2.54017371,
              51.20283755
            ],
            [
              2.54243618,
              51.20252225
            ],
            [
              2.54468949,
              51.20218223
            ],
            [
              2.54693297,
              51.2018176
            ],
            [
              2.54916592,
              51.20142847
            ],
            [
              2.55138766,
              51.20101496
            ],
            [
              2.55359752,
              51.2005772
            ],
            [
              2.55579481,
              51.20011531
            ],
            [
              2.55797887,
              51.19962945
            ],
            [
              2.56014903,
              51.19911976
            ],
            [
              2.56230462,
              51.19858639
            ],
            [
              2.56444499,
              51.19802951
            ],
            [
              2.56656949,
              51.19744928
            ],
            [
              2.56867746,
              51.1968459
            ],
            [
              2.57076827,
              51.19621953
            ],
            [
              2.5730555555555554,
              51.19583333333333
            ],
            [
              2.9736111111111114,
              51.06583333333333
            ],
            [
              2.8213888888888885,
              50.983333333333334
            ],
            [
              2.477777777777778,
              51.04083333333333
            ]
          ]
        ]
      }
    }
  ]
}
