{
  "type": "FeatureCollection",
  "name": "Belgium and Luxembourg AIP ENR 5.5 - Aerial Sporting and Recreational Activities",
  "aipSource": "Belgium and Luxembourg AIP ENR 5.5",
  "sourceFile": "EB_ENR_5_5_en.pdf",
  "importedOn": "2026-07-30",
  "notes": "The literal published lateral and vertical limits, restriction/hazard and activity text are retained on every feature. Geometry is a map representation; consult lateralLimits for the authoritative AIP description.",
  "features": [
    {
      "type": "Feature",
      "id": "ENR5-5-BALEN",
      "properties": {
        "id": "ENR5-5-BALEN",
        "name": "BALEN",
        "chapter": "ENR 5.5",
        "upperLimit": "2500FTAMSL",
        "lowerLimit": "GND",
        "verticalLimits": "2500FTAMSL/ GND",
        "lateralLimits": "A circle, 2NM radius, centred on 511051N0051315E.",
        "restrictionOrHazard": "Glider activity. Glider towing. Glider winching up to 2200FT AMSL.",
        "timeOfActivity": "HX. In VMC only ⁽¹⁾",
        "aipSource": "Belgium and Luxembourg AIP ENR 5.5",
        "aipPage": "ENR 5.5-1",
        "amendment": "AMDT 008/2024",
        "effectiveDate": "08-AUG-2024",
        "aipNotes": [
          "(1) OPR HR can be checked with EBKH OPR (see AD 2.PVT-EBKH)."
        ],
        "geometryNote": "Circle sampled every 5 degrees from the published centre and radius.",
        "color": null,
        "colorNote": "No matching colour classification identified on the Brussels FIR Structure chart.",
        "areaType": "recreational",
        "footnoteReferences": {
          "timeOfActivity": [
            1
          ]
        }
      },
      "geometry": {
        "type": "Polygon",
        "coordinates": [
          [
            [
              5.220833333333333,
              51.2141441596057
            ],
            [
              5.225468021705355,
              51.21401731035394
            ],
            [
              5.230067361206303,
              51.213637730085516
            ],
            [
              5.234596274309815,
              51.213008313834266
            ],
            [
              5.239020224042981,
              51.21213386195904
            ],
            [
              5.243305478941557,
              51.21102104330161
            ],
            [
              5.2474193716708,
              51.209678344014186
            ],
            [
              5.251330549285535,
              51.20811600245879
            ],
            [
              5.255009213174766,
              51.20634593068967
            ],
            [
              5.258427346824259,
              51.20438162313483
            ],
            [
              5.261558929634035,
              51.202238053191465
            ],
            [
              5.264380135145608,
              51.199931558544066
            ],
            [
              5.266869512164674,
              51.19747971609997
            ],
            [
              5.269008147407573,
              51.19490120751625
            ],
            [
              5.270779808452609,
              51.192215676362906
            ],
            [
              5.272171065938833,
              51.18944357802916
            ],
            [
              5.2731713941234,
              51.18660602353352
            ],
            [
              5.273773249082689,
              51.18372461844153
            ],
            [
              5.273972124020295,
              51.18082129812993
            ],
            [
              5.273766581325209,
              51.17791816065994
            ],
            [
              5.273158261204466,
              51.17503729853727
            ],
            [
              5.272151866894772,
              51.172200630640845
            ],
            [
              5.270755126635622,
              51.16942973559741
            ],
            [
              5.268978732761002,
              51.16674568786417
            ],
            [
              5.266836258436491,
              51.1641688977575
            ],
            [
              5.264344052732479,
              51.161718956632384
            ],
            [
              5.261521114881056,
              51.159414488375376
            ],
            [
              5.258388948713153,
              51.15727300832299
            ],
            [
              5.254971398412711,
              51.155310790659456
            ],
            [
              5.251294466855348,
              51.15354274528167
            ],
            [
              5.247386117919634,
              51.1519823050467
            ],
            [
              5.2432760642688505,
              51.1506413242381
            ],
            [
              5.238995542199858,
              51.14952998900268
            ],
            [
              5.234577075242771,
              51.14865674041954
            ],
            [
              5.230054228270309,
              51.148028210768956
            ],
            [
              5.2254613539387975,
              51.1476491734708
            ],
            [
              5.220833333333333,
              51.14752250706099
            ],
            [
              5.216205312727869,
              51.1476491734708
            ],
            [
              5.211612438396357,
              51.148028210768956
            ],
            [
              5.2070895914238955,
              51.14865674041954
            ],
            [
              5.202671124466808,
              51.14952998900268
            ],
            [
              5.198390602397816,
              51.1506413242381
            ],
            [
              5.194280548747033,
              51.1519823050467
            ],
            [
              5.190372199811319,
              51.15354274528167
            ],
            [
              5.186695268253956,
              51.155310790659456
            ],
            [
              5.183277717953513,
              51.15727300832299
            ],
            [
              5.180145551785611,
              51.159414488375376
            ],
            [
              5.177322613934187,
              51.161718956632384
            ],
            [
              5.174830408230175,
              51.1641688977575
            ],
            [
              5.172687933905665,
              51.16674568786417
            ],
            [
              5.170911540031044,
              51.16942973559741
            ],
            [
              5.169514799771894,
              51.172200630640845
            ],
            [
              5.168508405462201,
              51.17503729853727
            ],
            [
              5.167900085341458,
              51.17791816065994
            ],
            [
              5.167694542646371,
              51.18082129812993
            ],
            [
              5.1678934175839775,
              51.18372461844153
            ],
            [
              5.168495272543266,
              51.18660602353352
            ],
            [
              5.169495600727833,
              51.18944357802916
            ],
            [
              5.170886858214058,
              51.192215676362906
            ],
            [
              5.172658519259094,
              51.19490120751625
            ],
            [
              5.174797154501992,
              51.19747971609997
            ],
            [
              5.177286531521059,
              51.199931558544066
            ],
            [
              5.180107737032632,
              51.202238053191465
            ],
            [
              5.183239319842407,
              51.20438162313483
            ],
            [
              5.1866574534919,
              51.20634593068967
            ],
            [
              5.190336117381132,
              51.20811600245879
            ],
            [
              5.194247294995867,
              51.209678344014186
            ],
            [
              5.19836118772511,
              51.21102104330161
            ],
            [
              5.202646442623686,
              51.21213386195904
            ],
            [
              5.207070392356852,
              51.213008313834266
            ],
            [
              5.211599305460363,
              51.213637730085516
            ],
            [
              5.216198644961311,
              51.21401731035394
            ],
            [
              5.220833333333333,
              51.2141441596057
            ]
          ]
        ]
      }
    },
    {
      "type": "Feature",
      "id": "ENR5-5-BEAUVECHAIN-CLIMB-OUT-SECTOR-1",
      "properties": {
        "id": "ENR5-5-BEAUVECHAIN-CLIMB-OUT-SECTOR-1",
        "name": "BEAUVECHAIN CLIMB-OUT SECTOR 1",
        "chapter": "ENR 5.5",
        "upperLimit": "4500 FT AMSL",
        "lowerLimit": "3500 FT AMSL",
        "verticalLimits": "4500 FT AMSL / 3500 FT AMSL",
        "lateralLimits": "504139N0045603E- an arc of circle, 40NM radius, centred on position 510954N0041102E and traced clockwise to 503810N0044949E- 504354N0044405E- 504702N0044759E- 504825N0045614E- an arc of circle, 1.7NM radius, centred on position 504654N0045728E and traced counterclockwise to 504740N0045503E- 504341N0045156E- 504139N0045603E.",
        "restrictionOrHazard": "Glider activity.",
        "timeOfActivity": "HX⁽²⁾",
        "aipSource": "Belgium and Luxembourg AIP ENR 5.5",
        "aipPage": "ENR 5.5-1",
        "amendment": "AMDT 008/2024",
        "effectiveDate": "08-AUG-2024",
        "aipNotes": [
          "(1) Airspace class G during activation.",
          "(2) Outside MIL OPR HR and SAT, SUN, HOL from 0800 (0700) till SS only. Activation can be checked with Brussels FIC on FREQ 126.900MHZ or TEL +32 (0) 2 206 29 49."
        ],
        "geometryNote": "Published circular arcs are geodesically sampled at maximum 3 degrees.",
        "color": null,
        "colorNote": "No matching colour classification identified on the Brussels FIR Structure chart.",
        "areaType": "recreational",
        "footnoteReferences": {
          "timeOfActivity": [
            2
          ]
        }
      },
      "geometry": {
        "type": "Polygon",
        "coordinates": [
          [
            [
              4.934166666666667,
              50.69416666666666
            ],
            [
              4.900705608715894,
              50.67398458734295
            ],
            [
              4.865908514407136,
              50.65474145697484
            ],
            [
              4.829841790371248,
              50.63647312523257
            ],
            [
              4.7347222222222225,
              50.73166666666667
            ],
            [
              4.799722222222222,
              50.78388888888889
            ],
            [
              4.937222222222222,
              50.80694444444444
            ],
            [
              4.935306509937466,
              50.80628431879891
            ],
            [
              4.93344377336207,
              50.805566223487155
            ],
            [
              4.931638401228284,
              50.80479185137079
            ],
            [
              4.929894646417822,
              50.80396302789272
            ],
            [
              4.928216615919107,
              50.80308170675458
            ],
            [
              4.926608261136032,
              50.80214996529132
            ],
            [
              4.925073368571295,
              50.80116999955423
            ],
            [
              4.923615550906364,
              50.800144119114194
            ],
            [
              4.922238238499152,
              50.79907474159759
            ],
            [
              4.920944671319386,
              50.79796438696806
            ],
            [
              4.919737891340581,
              50.79681567156779
            ],
            [
              4.918620735406315,
              50.795631301932715
            ],
            [
              4.917595828587393,
              50.79441406839622
            ],
            [
              4.865555555555555,
              50.72805555555556
            ],
            [
              4.934166666666667,
              50.69416666666666
            ]
          ]
        ]
      }
    },
    {
      "type": "Feature",
      "id": "ENR5-5-BEAUVECHAIN-CLIMB-OUT-SECTOR-2-GOETSENHOVEN-GLIDER-AREA",
      "properties": {
        "id": "ENR5-5-BEAUVECHAIN-CLIMB-OUT-SECTOR-2-GOETSENHOVEN-GLIDER-AREA",
        "name": "BEAUVECHAIN CLIMB-OUT SECTOR 2 / GOETSENHOVEN GLIDER AREA",
        "chapter": "ENR 5.5",
        "upperLimit": "FL 055",
        "lowerLimit": "3500 FT AMSL",
        "verticalLimits": "FL 055 / 3500 FT AMSL",
        "lateralLimits": "504848N0050505E- an arc of circle, 40NM radius, centred on position 510954N0041102E and traced clockwise to 504138N0045603E- 504341N0045156E- 504740N0045503E- an arc of circle, 1.7NM radius, centred on position 504654N0045728E and traced clockwise to 504836N0045721E- 504848N0050505E.",
        "restrictionOrHazard": "Glider activity.",
        "timeOfActivity": "HX⁽²⁾",
        "aipSource": "Belgium and Luxembourg AIP ENR 5.5",
        "aipPage": "ENR 5.5-1",
        "amendment": "AMDT 008/2024",
        "effectiveDate": "08-AUG-2024",
        "aipNotes": [
          "(1) Airspace class G during activation.",
          "(2) Outside MIL OPR HR and SAT, SUN, HOL from 0800 (0700) till SS only. Activation can be checked with Brussels FIC on FREQ 126.900MHZ or TEL +32 (0) 2 206 29 49."
        ],
        "geometryNote": "Published circular arcs are geodesically sampled at maximum 3 degrees.",
        "color": null,
        "colorNote": "No matching colour classification identified on the Brussels FIR Structure chart.",
        "areaType": "recreational",
        "footnoteReferences": {
          "timeOfActivity": [
            2
          ]
        }
      },
      "geometry": {
        "type": "Polygon",
        "coordinates": [
          [
            [
              5.084722222222222,
              50.81333333333333
            ],
            [
              5.058016885076653,
              50.78779383166527
            ],
            [
              5.029516184056602,
              50.76304862292957
            ],
            [
              4.999281394519278,
              50.73914849331828
            ],
            [
              4.967377060485852,
              50.71614241964528
            ],
            [
              4.933870852998483,
              50.694077477258254
            ],
            [
              4.865555555555555,
              50.72805555555556
            ],
            [
              4.9175,
              50.794444444444444
            ],
            [
              4.9185729251833274,
              50.795715557303836
            ],
            [
              4.919746201351581,
              50.79695074818526
            ],
            [
              4.921016833033693,
              50.79814685529811
            ],
            [
              4.922381574811487,
              50.79930081665792
            ],
            [
              4.923836939577839,
              50.80040967794879
            ],
            [
              4.925379207423328,
              50.80147060011163
            ],
            [
              4.92700443512896,
              50.8024808666385
            ],
            [
              4.928708466240912,
              50.803437890554
            ],
            [
              4.930486941701637,
              50.80433922106558
            ],
            [
              4.932335311010109,
              50.80518254986527
            ],
            [
              4.934248843882572,
              50.805965717066535
            ],
            [
              4.936222642383707,
              50.80668671676059
            ],
            [
              4.938251653496867,
              50.80734370217767
            ],
            [
              4.9403306821007655,
              50.80793499043988
            ],
            [
              4.942454404318886,
              50.80845906689276
            ],
            [
              4.944617381206811,
              50.808914589004765
            ],
            [
              4.946814072741746,
              50.809300389823896
            ],
            [
              4.949038852077613,
              50.809615480982785
            ],
            [
              4.951286020028392,
              50.809859055244054
            ],
            [
              4.953549819741679,
              50.81003048857949
            ],
            [
              4.9558244515239505,
              50.81012934177741
            ],
            [
              5.084722222222222,
              50.81333333333333
            ]
          ]
        ]
      }
    },
    {
      "type": "Feature",
      "id": "ENR5-5-BELIL",
      "properties": {
        "id": "ENR5-5-BELIL",
        "name": "BELŒIL",
        "chapter": "ENR 5.5",
        "upperLimit": "1000FTAGL",
        "lowerLimit": "GND",
        "verticalLimits": "1000FTAGL / GND",
        "lateralLimits": "502945N0033156E- an arc of circle, 8NM radius, centred on position 503250N0034333E and traced clockwise to 502506N0034014E- along the Belgian- French border- 502945N0033156E.",
        "restrictionOrHazard": "Training area for free manned balloons.",
        "timeOfActivity": "HJ. In VMC only ⁽¹⁾",
        "aipSource": "Belgium and Luxembourg AIP ENR 5.5",
        "aipPage": "ENR 5.5-1",
        "amendment": "AMDT 008/2024",
        "effectiveDate": "08-AUG-2024",
        "aipNotes": [
          "(1) By arrangement with Chièvres TWR and Brussels FIC."
        ],
        "geometryNote": "Published border/coastline/river segments are represented by straight joins between their published anchor points. Published circular arcs are geodesically sampled at maximum 3 degrees.",
        "color": null,
        "colorNote": "No matching colour classification identified on the Brussels FIR Structure chart.",
        "areaType": "recreational",
        "footnoteReferences": {
          "timeOfActivity": [
            1
          ]
        }
      },
      "geometry": {
        "type": "Polygon",
        "coordinates": [
          [
            [
              3.5322222222222224,
              50.49583333333334
            ],
            [
              3.528259231275588,
              50.502318682150324
            ],
            [
              3.5248322872762836,
              50.508926546736994
            ],
            [
              3.5219509166637617,
              50.51563899529728
            ],
            [
              3.5196231760610517,
              50.522437804535414
            ],
            [
              3.5178556280188533,
              50.529304508791405
            ],
            [
              3.5166533206874657,
              50.536220449915554
            ],
            [
              3.5160197714983057,
              50.54316682775033
            ],
            [
              3.515956954927142,
              50.55012475108561
            ],
            [
              3.516465294401095,
              50.55707528895099
            ],
            [
              3.5175436584008755,
              50.56399952210687
            ],
            [
              3.519189360798698,
              50.57087859459465
            ],
            [
              3.521398165460849,
              50.577693765205325
            ],
            [
              3.5241642951320364,
              50.58442645872442
            ],
            [
              3.5274804446063746,
              50.59105831681186
            ],
            [
              3.5313377981773093,
              50.59757124837417
            ],
            [
              3.5357260513459123,
              50.60394747928813
            ],
            [
              3.5406334367538257,
              50.61016960133471
            ],
            [
              3.5460467542938576,
              50.616220620204395
            ],
            [
              3.551951405337739,
              50.62208400243633
            ],
            [
              3.5583314310070047,
              50.62774372115582
            ],
            [
              3.5651695543994077,
              50.633184300477716
            ],
            [
              3.5724472266697083,
              50.638390858446236
            ],
            [
              3.5801446768502947,
              50.64334914838522
            ],
            [
              3.588240965283799,
              50.648045598536854
            ],
            [
              3.5967140405269076,
              50.652467349871486
            ],
            [
              3.605540799571851,
              50.6566022919559
            ],
            [
              3.61469715121977,
              50.66043909677279
            ],
            [
              3.6241580824283446,
              50.663967250389604
            ],
            [
              3.633897727444704,
              50.667177082381556
            ],
            [
              3.6438894395240147,
              50.67005979291933
            ],
            [
              3.65410586502403,
              50.67260747743947
            ],
            [
              3.664519019656611,
              50.67481314882194
            ],
            [
              3.675100366668689,
              50.67667075700739
            ],
            [
              3.685820896717461,
              50.6781752059936
            ],
            [
              3.6966512091978267,
              50.67932236815923
            ],
            [
              3.7075615947741833,
              50.680109095870606
            ],
            [
              3.718522118863887,
              50.68053323033575
            ],
            [
              3.729502705815743,
              50.68059360767842
            ],
            [
              3.74047322352411,
              50.68029006221329
            ],
            [
              3.751403568217402,
              50.6796234269123
            ],
            [
              3.7622637491590543,
              50.678595531060445
            ],
            [
              3.7730239729993875,
              50.67720919510866
            ],
            [
              3.783654727518232,
              50.675468222739305
            ],
            [
              3.7941268645006443,
              50.67337739016897
            ],
            [
              3.8044116814915965,
              50.670942432721645
            ],
            [
              3.8144810021800595,
              50.668170028713426
            ],
            [
              3.824307255168408,
              50.66506778069836
            ],
            [
              3.833863550889616,
              50.66164419413308
            ],
            [
              3.8431237564420506,
              50.65790865352546
            ],
            [
              3.852062568119942,
              50.653871396139856
            ],
            [
              3.860655581426686,
              50.64954348333939
            ],
            [
              3.86887935836791,
              50.64493676965179
            ],
            [
              3.8767114918317516,
              50.640063869652295
            ],
            [
              3.8841306668748823,
              50.6349381227635
            ],
            [
              3.8911167187445237,
              50.629573556077354
            ],
            [
              3.897650687478799,
              50.62398484531033
            ],
            [
              3.903714868940368,
              50.61818727400761
            ],
            [
              3.909292862151192,
              50.61219669111684
            ],
            [
              3.914369612809422,
              50.606029467056125
            ],
            [
              3.9189314528828305,
              50.59970244840436
            ],
            [
              3.9229661361866612,
              50.59323291134598
            ],
            [
              3.926462869867381,
              50.586638514004186
            ],
            [
              3.929412341727343,
              50.57993724779956
            ],
            [
              3.9318067433389112,
              50.57314738797303
            ],
            [
              3.933639788909932,
              50.56628744341302
            ],
            [
              3.9349067298756513,
              50.55937610592834
            ],
            [
              3.9356043652051413,
              50.55243219910859
            ],
            [
              3.9357310474229554,
              50.54547462691404
            ],
            [
              3.935286684359122,
              50.53852232213684
            ],
            [
              3.9342727366525483,
              50.53159419487476
            ],
            [
              3.9326922110445373,
              50.52470908115755
            ],
            [
              3.930549649510259,
              50.517885691864706
            ],
            [
              3.9278511142867902,
              50.511142562071534
            ],
            [
              3.924604168866543,
              50.50449800095847
            ],
            [
              3.920817855034698,
              50.497970042416036
            ],
            [
              3.9165026660385545,
              50.49157639647507
            ],
            [
              3.9116705159854233,
              50.48533440168897
            ],
            [
              3.9063347055740167,
              50.479260978591014
            ],
            [
              3.9005098842720147,
              50.473372584346656
            ],
            [
              3.894212009059747,
              50.46768516871649
            ],
            [
              3.8874582998667204,
              50.46221413144169
            ],
            [
              3.8802671918339646,
              50.45697428115937
            ],
            [
              3.872658284541022,
              50.45197979595077
            ],
            [
              3.86465228834171,
              50.44724418562062
            ],
            [
              3.8562709679577427,
              50.44278025580104
            ],
            [
              3.847537083483735,
              50.438600073968416
            ],
            [
              3.8384743289612437,
              50.43471493745648
            ],
            [
              3.829107268683127,
              50.431135343543524
            ],
            [
              3.8194612713929055,
              50.42787096168654
            ],
            [
              3.80956244254671,
              50.424930607968925
            ],
            [
              3.799437554808102,
              50.42232222182373
            ],
            [
              3.789113976948366,
              50.42005284508779
            ],
            [
              3.7786196013269264,
              50.41812860343708
            ],
            [
              3.7679827701283073,
              50.416554690247246
            ],
            [
              3.7572322005335677,
              50.41533535291786
            ],
            [
              3.746396909005412,
              50.41447388169256
            ],
            [
              3.735506134867195,
              50.413972601001774
            ],
            [
              3.7245892633568682,
              50.41383286334818
            ],
            [
              3.7136757483374696,
              50.41405504574962
            ],
            [
              3.702795034846196,
              50.41463854874746
            ],
            [
              3.6919764816642324,
              50.41558179798323
            ],
            [
              3.681249284089497,
              50.41688224833934
            ],
            [
              3.6706423970942583,
              50.41853639063449
            ],
            [
              3.5322222222222224,
              50.49583333333334
            ]
          ]
        ]
      }
    },
    {
      "type": "Feature",
      "id": "ENR5-5-BERTRIX",
      "properties": {
        "id": "ENR5-5-BERTRIX",
        "name": "BERTRIX",
        "chapter": "ENR 5.5",
        "upperLimit": "4500FTAMSL",
        "lowerLimit": "GND",
        "verticalLimits": "4500FTAMSL / GND",
        "lateralLimits": "A circle, 10NM radius, centred on 495330N0051326E.",
        "restrictionOrHazard": "Glider activity.",
        "timeOfActivity": "HX. In VMC only⁽¹⁾",
        "aipSource": "Belgium and Luxembourg AIP ENR 5.5",
        "aipPage": "ENR 5.5-2",
        "amendment": "AMDT 008/2024",
        "effectiveDate": "08-AUG-2024",
        "aipNotes": [
          "(1) During OPR HR of the Belgian Cadets at EBBX. Activation will be announced by NOTAM"
        ],
        "geometryNote": "Circle sampled every 5 degrees from the published centre and radius.",
        "color": null,
        "colorNote": "No matching colour classification identified on the Brussels FIR Structure chart.",
        "areaType": "recreational",
        "footnoteReferences": {
          "timeOfActivity": [
            1
          ]
        }
      },
      "geometry": {
        "type": "Polygon",
        "coordinates": [
          [
            [
              5.223888888888889,
              50.058220798028444
            ],
            [
              5.246499069695784,
              50.057584816876464
            ],
            [
              5.268935390126793,
              50.05568176397578
            ],
            [
              5.291025367899241,
              50.05252627221781
            ],
            [
              5.312599264710049,
              50.04814260085078
            ],
            [
              5.333491427857101,
              50.042564443323414
            ],
            [
              5.353541595831602,
              50.035834660650465
            ],
            [
              5.3725961565511,
              50.02800494264995
            ],
            [
              5.3905093474672725,
              50.01913540002363
            ],
            [
              5.407144387466321,
              50.00929409083964
            ],
            [
              5.4223745312694875,
              49.99855648552061
            ],
            [
              5.436084037921686,
              49.987004874939146
            ],
            [
              5.448169045910987,
              49.97472772666765
            ],
            [
              5.458538348473698,
              49.96181899482028
            ],
            [
              5.467114063691339,
              49.94837738925647
            ],
            [
              5.4738321950599005,
              49.934505610187934
            ],
            [
              5.478643079291466,
              49.920309554442014
            ],
            [
              5.481511719178143,
              49.90589749978584
            ],
            [
              5.482418000393926,
              49.891379273806784
            ],
            [
              5.481356792118856,
              49.87686541387908
            ],
            [
              5.478337932331071,
              49.86246632472498
            ],
            [
              5.47338609951693,
              49.848291440005525
            ],
            [
              5.466540573390698,
              49.83444839425354
            ],
            [
              5.457854887988394,
              49.821042211293985
            ],
            [
              5.447396381202435,
              49.808174515088425
            ],
            [
              5.435245645453618,
              49.79594276869403
            ],
            [
              5.421495884755325,
              49.784439546748494
            ],
            [
              5.406252183913636,
              49.77375184658388
            ],
            [
              5.389630696029519,
              49.76396044273824
            ],
            [
              5.371757754829706,
              49.75513928927746
            ],
            [
              5.3527689186560785,
              49.74735497396546
            ],
            [
              5.33280795319488,
              49.74066622792969
            ],
            [
              5.3120257602324905,
              49.735123494065796
            ],
            [
              5.290579259889299,
              49.73076855701068
            ],
            [
              5.268630233913074,
              49.72763423709059
            ],
            [
              5.246344137712905,
              49.725744150221594
            ],
            [
              5.223888888888889,
              49.72511253530489
            ],
            [
              5.201433640064873,
              49.725744150221594
            ],
            [
              5.179147543864705,
              49.72763423709059
            ],
            [
              5.15719851788848,
              49.73076855701068
            ],
            [
              5.135752017545288,
              49.735123494065796
            ],
            [
              5.114969824582897,
              49.74066622792969
            ],
            [
              5.0950088591217,
              49.74735497396546
            ],
            [
              5.076020022948072,
              49.75513928927746
            ],
            [
              5.05814708174826,
              49.76396044273824
            ],
            [
              5.041525593864142,
              49.77375184658388
            ],
            [
              5.026281893022452,
              49.784439546748494
            ],
            [
              5.012532132324161,
              49.79594276869403
            ],
            [
              5.000381396575343,
              49.808174515088425
            ],
            [
              4.9899228897893835,
              49.821042211293985
            ],
            [
              4.98123720438708,
              49.83444839425354
            ],
            [
              4.974391678260848,
              49.848291440005525
            ],
            [
              4.969439845446707,
              49.86246632472498
            ],
            [
              4.966420985658923,
              49.87686541387908
            ],
            [
              4.965359777383853,
              49.891379273806784
            ],
            [
              4.966266058599635,
              49.90589749978584
            ],
            [
              4.969134698486313,
              49.920309554442014
            ],
            [
              4.973945582717877,
              49.934505610187934
            ],
            [
              4.98066371408644,
              49.94837738925647
            ],
            [
              4.989239429304081,
              49.96181899482028
            ],
            [
              4.9996087318667914,
              49.97472772666765
            ],
            [
              5.011693739856092,
              49.987004874939146
            ],
            [
              5.02540324650829,
              49.99855648552061
            ],
            [
              5.040633390311457,
              50.00929409083964
            ],
            [
              5.057268430310505,
              50.01913540002363
            ],
            [
              5.075181621226678,
              50.02800494264995
            ],
            [
              5.094236181946175,
              50.035834660650465
            ],
            [
              5.114286349920677,
              50.042564443323414
            ],
            [
              5.135178513067729,
              50.04814260085078
            ],
            [
              5.1567524098785364,
              50.05252627221781
            ],
            [
              5.178842387650985,
              50.05568176397578
            ],
            [
              5.201278708081994,
              50.057584816876464
            ],
            [
              5.223888888888889,
              50.058220798028444
            ]
          ]
        ]
      }
    },
    {
      "type": "Feature",
      "id": "ENR5-5-BRASSCHAAT",
      "properties": {
        "id": "ENR5-5-BRASSCHAAT",
        "name": "BRASSCHAAT",
        "chapter": "ENR 5.5",
        "upperLimit": "2500FTAMSL",
        "lowerLimit": "GND ⁽¹⁾",
        "verticalLimits": "2500FTAMSL / GND ⁽¹⁾",
        "lateralLimits": "A circle, 3NM radius, centred on 512027N0043015E.",
        "restrictionOrHazard": "Glider activity. Glider towing. Glider winching up to 2500FT AMSL",
        "timeOfActivity": "HJ (SAT, SUN and HOL). In VMC only",
        "aipSource": "Belgium and Luxembourg AIP ENR 5.5",
        "aipPage": "ENR 5.5-2",
        "amendment": "AMDT 008/2024",
        "effectiveDate": "08-AUG-2024",
        "aipNotes": [
          "(1) Upper limit 3500FT AMSL below Brussels TMA Three A and 4500FT AMSL below Brussels LCTA."
        ],
        "geometryNote": "Circle sampled every 5 degrees from the published centre and radius.",
        "color": null,
        "colorNote": "No matching colour classification identified on the Brussels FIR Structure chart.",
        "areaType": "recreational",
        "footnoteReferences": {
          "verticalLimits": [
            1
          ],
          "lowerLimit": [
            1
          ]
        }
      },
      "geometry": {
        "type": "Polygon",
        "coordinates": [
          [
            [
              4.504166666666666,
              51.390799572741884
            ],
            [
              4.511145497713545,
              51.390609228965545
            ],
            [
              4.5180710426535455,
              51.390039650997615
            ],
            [
              4.524890426197279,
              51.389095187716
            ],
            [
              4.531551591401897,
              51.38778304998897
            ],
            [
              4.538003700653316,
              51.38611325509605
            ],
            [
              4.5441975269029475,
              51.38409854954059
            ],
            [
              4.5500858320488256,
              51.381754310870846
            ],
            [
              4.555623729467443,
              51.379098429292384
            ],
            [
              4.560769027845176,
              51.37615117001458
            ],
            [
              4.565482553625414,
              51.3729350174246
            ],
            [
              4.569728449577045,
              51.369474502323754
            ],
            [
              4.573474447199749,
              51.36579601359106
            ],
            [
              4.57669211090902,
              51.36192759575777
            ],
            [
              4.579357052186388,
              51.35789873408164
            ],
            [
              4.581449112135238,
              51.35374012880224
            ],
            [
              4.582952511147186,
              51.34948346033581
            ],
            [
              4.583855964655454,
              51.345161147232076
            ],
            [
              4.584152764227289,
              51.34080609876308
            ],
            [
              4.583840823524719,
              51.33645146404756
            ],
            [
              4.5829226889392025,
              51.33213037963264
            ],
            [
              4.581405514978739,
              51.32787571745749
            ],
            [
              4.579301004753567,
              51.32371983511201
            ],
            [
              4.5766253161666866,
              51.31969433027791
            ],
            [
              4.573398934666272,
              51.31582980119924
            ],
            [
              4.569646513657198,
              51.31215561497633
            ],
            [
              4.565396683896694,
              51.30869968541118
            ],
            [
              4.560681833413727,
              51.305488262053856
            ],
            [
              4.555537859691943,
              51.30254573201039
            ],
            [
              4.550003896041062,
              51.29989443597249
            ],
            [
              4.544122014251019,
              51.297554499819974
            ],
            [
              4.537936905776285,
              51.29554368302828
            ],
            [
              4.53149554383438,
              51.2938772449871
            ],
            [
              4.52484682892233,
              51.29256783020313
            ],
            [
              4.518041220357646,
              51.29162537322025
            ],
            [
              4.5111303565360314,
              51.29105702394599
            ],
            [
              4.504166666666666,
              51.29086709392481
            ],
            [
              4.497202976797301,
              51.29105702394599
            ],
            [
              4.490292112975686,
              51.29162537322025
            ],
            [
              4.483486504411002,
              51.29256783020313
            ],
            [
              4.476837789498953,
              51.2938772449871
            ],
            [
              4.470396427557047,
              51.29554368302828
            ],
            [
              4.464211319082313,
              51.297554499819974
            ],
            [
              4.45832943729227,
              51.29989443597249
            ],
            [
              4.452795473641389,
              51.30254573201039
            ],
            [
              4.447651499919606,
              51.305488262053856
            ],
            [
              4.442936649436639,
              51.30869968541118
            ],
            [
              4.438686819676134,
              51.31215561497633
            ],
            [
              4.43493439866706,
              51.31582980119924
            ],
            [
              4.431708017166645,
              51.31969433027791
            ],
            [
              4.429032328579765,
              51.32371983511201
            ],
            [
              4.426927818354594,
              51.32787571745749
            ],
            [
              4.4254106443941295,
              51.33213037963264
            ],
            [
              4.424492509808613,
              51.33645146404756
            ],
            [
              4.424180569106043,
              51.34080609876308
            ],
            [
              4.424477368677879,
              51.345161147232076
            ],
            [
              4.425380822186146,
              51.34948346033581
            ],
            [
              4.426884221198094,
              51.35374012880224
            ],
            [
              4.4289762811469435,
              51.35789873408164
            ],
            [
              4.431641222424312,
              51.36192759575777
            ],
            [
              4.434858886133583,
              51.36579601359106
            ],
            [
              4.438604883756287,
              51.369474502323754
            ],
            [
              4.442850779707919,
              51.3729350174246
            ],
            [
              4.447564305488157,
              51.37615117001458
            ],
            [
              4.452709603865889,
              51.379098429292384
            ],
            [
              4.4582475012845055,
              51.381754310870846
            ],
            [
              4.464135806430384,
              51.38409854954059
            ],
            [
              4.470329632680016,
              51.38611325509605
            ],
            [
              4.476781741931435,
              51.38778304998897
            ],
            [
              4.483442907136053,
              51.389095187716
            ],
            [
              4.490262290679786,
              51.390039650997615
            ],
            [
              4.497187835619787,
              51.390609228965545
            ],
            [
              4.504166666666666,
              51.390799572741884
            ]
          ]
        ]
      }
    },
    {
      "type": "Feature",
      "id": "ENR5-5-CERFONTAINE-AREA-ONE",
      "properties": {
        "id": "ENR5-5-CERFONTAINE-AREA-ONE",
        "name": "CERFONTAINE AREA ONE",
        "chapter": "ENR 5.5",
        "upperLimit": "FL 145",
        "lowerLimit": "GND ⁽¹⁾",
        "verticalLimits": "FL 145 / GND ⁽¹⁾",
        "lateralLimits": "A circle radius 4 KM centered on 500910N 0042314E",
        "restrictionOrHazard": "Parachuting.",
        "timeOfActivity": "HJ. In VMC only ⁽²⁾",
        "aipSource": "Belgium and Luxembourg AIP ENR 5.5",
        "aipPage": "ENR 5.5-2",
        "amendment": "AMDT 008/2024",
        "effectiveDate": "08-AUG-2024",
        "aipNotes": [
          "(1) MAX usable level: FL140.",
          "(2) OPR HR can be checked with Brussels FIC. Operator: Post: SKYDIVE2FLY Rue des Marionville 21 7333 Saint-Ghislain BELGIUM TEL: +32 (0) 475 27 89 12 (P. Marien)"
        ],
        "geometryNote": "Circle sampled every 5 degrees from the published centre and radius.",
        "color": null,
        "colorNote": "No matching colour classification identified on the Brussels FIR Structure chart.",
        "areaType": "recreational",
        "footnoteReferences": {
          "verticalLimits": [
            1
          ],
          "lowerLimit": [
            1
          ],
          "timeOfActivity": [
            2
          ]
        }
      },
      "geometry": {
        "type": "Polygon",
        "coordinates": [
          [
            [
              4.387222222222222,
              50.188750592326755
            ],
            [
              4.392119022855227,
              50.18861360202742
            ],
            [
              4.396978472169465,
              50.18820367605556
            ],
            [
              4.4017635056631015,
              50.18752394116563
            ],
            [
              4.406437630207318,
              50.186579581931376
            ],
            [
              4.410965204100272,
              50.18537780094107
            ],
            [
              4.415311710416699,
              50.18392776351083
            ],
            [
              4.41944402150884,
              50.18224052735079
            ],
            [
              4.423330652590612,
              50.18032895773744
            ],
            [
              4.426942002430565,
              50.1782076288581
            ],
            [
              4.430250579289242,
              50.17589271210128
            ],
            [
              4.433231210361734,
              50.17340185216694
            ],
            [
              4.435861233125251,
              50.17075403196466
            ],
            [
              4.43812066714293,
              50.167969427352745
            ],
            [
              4.439992365037221,
              50.165069252847665
            ],
            [
              4.441462141517458,
              50.16207559950083
            ],
            [
              4.442518879524962,
              50.15901126619653
            ],
            [
              4.443154612743385,
              50.15589958567269
            ],
            [
              4.443364583910497,
              50.152764246602445
            ],
            [
              4.443147278558298,
              50.149629113100964
            ],
            [
              4.442504433999792,
              50.1465180430373
            ],
            [
              4.441441023571244,
              50.14345470653612
            ],
            [
              4.439965216326812,
              50.14046240604809
            ],
            [
              4.438088312566724,
              50.137563899351655
            ],
            [
              4.43582465575924,
              50.13478122682281
            ],
            [
              4.433191521589419,
              50.13213554427277
            ],
            [
              4.430208985032949,
              50.12964696260842
            ],
            [
              4.426899766510226,
              50.127334395515334
            ],
            [
              4.423289058323295,
              50.12521541630014
            ],
            [
              4.419404332715808,
              50.12330612495796
            ],
            [
              4.415275133022778,
              50.12162102645196
            ],
            [
              4.410932849492328,
              50.12017292110702
            ],
            [
              4.406410481465172,
              50.11897280792771
            ],
            [
              4.401742387688977,
              50.11802980155447
            ],
            [
              4.396964026623579,
              50.11735106346948
            ],
            [
              4.392111688659118,
              50.11694174795897
            ],
            [
              4.387222222222222,
              50.116804963228795
            ],
            [
              4.382332755785327,
              50.11694174795897
            ],
            [
              4.377480417820865,
              50.11735106346948
            ],
            [
              4.372702056755467,
              50.11802980155447
            ],
            [
              4.368033962979273,
              50.11897280792771
            ],
            [
              4.363511594952117,
              50.12017292110702
            ],
            [
              4.359169311421667,
              50.12162102645196
            ],
            [
              4.355040111728637,
              50.12330612495796
            ],
            [
              4.351155386121149,
              50.12521541630014
            ],
            [
              4.347544677934219,
              50.127334395515334
            ],
            [
              4.344235459411496,
              50.12964696260842
            ],
            [
              4.341252922855026,
              50.13213554427277
            ],
            [
              4.338619788685204,
              50.13478122682281
            ],
            [
              4.33635613187772,
              50.137563899351655
            ],
            [
              4.334479228117632,
              50.14046240604809
            ],
            [
              4.333003420873201,
              50.14345470653612
            ],
            [
              4.331940010444653,
              50.1465180430373
            ],
            [
              4.331297165886147,
              50.149629113100964
            ],
            [
              4.331079860533948,
              50.152764246602445
            ],
            [
              4.33128983170106,
              50.15589958567269
            ],
            [
              4.331925564919483,
              50.15901126619653
            ],
            [
              4.332982302926986,
              50.16207559950083
            ],
            [
              4.334452079407224,
              50.165069252847665
            ],
            [
              4.336323777301515,
              50.167969427352745
            ],
            [
              4.338583211319194,
              50.17075403196466
            ],
            [
              4.34121323408271,
              50.17340185216694
            ],
            [
              4.344193865155202,
              50.17589271210128
            ],
            [
              4.34750244201388,
              50.1782076288581
            ],
            [
              4.351113791853833,
              50.18032895773744
            ],
            [
              4.355000422935604,
              50.18224052735079
            ],
            [
              4.359132734027746,
              50.18392776351083
            ],
            [
              4.363479240344173,
              50.18537780094107
            ],
            [
              4.368006814237126,
              50.186579581931376
            ],
            [
              4.372680938781342,
              50.18752394116563
            ],
            [
              4.37746597227498,
              50.18820367605556
            ],
            [
              4.382325421589218,
              50.18861360202742
            ],
            [
              4.387222222222222,
              50.188750592326755
            ]
          ]
        ]
      }
    },
    {
      "type": "Feature",
      "id": "ENR5-5-CERFONTAINE-AREA-THREE",
      "properties": {
        "id": "ENR5-5-CERFONTAINE-AREA-THREE",
        "name": "CERFONTAINE AREA THREE",
        "chapter": "ENR 5.5",
        "upperLimit": "2500FTAMSL",
        "lowerLimit": "GND",
        "verticalLimits": "2500FTAMSL / GND",
        "lateralLimits": "501110N0042333E- 500957N0042355E- 501010N0042556E- an arc of circle, 2 NM radius, centred on position 500910N0042314E and traced clockwise to 501110N0042333E.",
        "restrictionOrHazard": "Glider activity. Glider towing.",
        "timeOfActivity": "See AD 2.PVT-EBCF",
        "aipSource": "Belgium and Luxembourg AIP ENR 5.5",
        "aipPage": "ENR 5.5-2",
        "amendment": "AMDT 008/2024",
        "effectiveDate": "08-AUG-2024",
        "geometryNote": "Published circular arcs are geodesically sampled at maximum 3 degrees.",
        "color": null,
        "colorNote": "No matching colour classification identified on the Brussels FIR Structure chart.",
        "areaType": "recreational"
      },
      "geometry": {
        "type": "Polygon",
        "coordinates": [
          [
            [
              4.3925,
              50.18611111111111
            ],
            [
              4.398611111111111,
              50.16583333333333
            ],
            [
              4.432222222222222,
              50.169444444444444
            ],
            [
              4.43352094075615,
              50.16791339679041
            ],
            [
              4.434692770269437,
              50.166340918951796
            ],
            [
              4.435734512008291,
              50.16473132034199
            ],
            [
              4.436643324615581,
              50.16308901166442
            ],
            [
              4.437416731789865,
              50.16141849279717
            ],
            [
              4.438052628933012,
              50.15972434043785
            ],
            [
              4.43854928876967,
              50.158011195542656
            ],
            [
              4.438905365924762,
              50.15628375059447
            ],
            [
              4.439119900448155,
              50.15454673673509
            ],
            [
              4.439192320278594,
              50.15280491079714
            ],
            [
              4.439122442641957,
              50.15106304227094
            ],
            [
              4.438910474381852,
              50.149325900242815
            ],
            [
              4.438557011223496,
              50.14759824033978
            ],
            [
              4.438063035974772,
              50.14588479171705
            ],
            [
              4.437429915671197,
              50.144190244123415
            ],
            [
              4.436659397674433,
              50.142519235080066
            ],
            [
              4.435753604736726,
              50.14087633720746
            ],
            [
              4.434715029046473,
              50.13926604573495
            ],
            [
              4.433546525272723,
              50.137692766226834
            ],
            [
              4.432251302629115,
              50.13616080255813
            ],
            [
              4.4308329159802895,
              50.1346743451726
            ],
            [
              4.429295256016256,
              50.13323745965465
            ],
            [
              4.427642538522637,
              50.13185407564601
            ],
            [
              4.425879292776985,
              50.13052797613687
            ],
            [
              4.424010349103611,
              50.12926278716027
            ],
            [
              4.422040825621448,
              50.12806196791752
            ],
            [
              4.419976114221525,
              50.12692880136093
            ],
            [
              4.4178218658125505,
              50.12586638525914
            ],
            [
              4.415583974874854,
              50.12487762376889
            ],
            [
              4.413268563364736,
              50.12396521953575
            ],
            [
              4.410881964012768,
              50.123131666344776
            ],
            [
              4.408430703061146,
              50.122379242340855
            ],
            [
              4.405921482486485,
              50.12171000383653
            ],
            [
              4.40336116175575,
              50.121125779724004
            ],
            [
              4.400756739164113,
              50.12062816650589
            ],
            [
              4.39811533280451,
              50.120218523958236
            ],
            [
              4.395444161219596,
              50.11989797143702
            ],
            [
              4.392750523787525,
              50.11966738483801
            ],
            [
              4.390041780893611,
              50.11952739421821
            ],
            [
              4.3873253339404465,
              50.11947838208486
            ],
            [
              4.384608605249451,
              50.11952048235683
            ],
            [
              4.381899017907029,
              50.11965358000099
            ],
            [
              4.379203975608735,
              50.11987731134453
            ],
            [
              4.376530842554723,
              50.1201910650625
            ],
            [
              4.373886923449787,
              50.120593983837814
            ],
            [
              4.371279443660907,
              50.121084966689466
            ],
            [
              4.368715529584949,
              50.121662671962675
            ],
            [
              4.366202189278613,
              50.12232552097313
            ],
            [
              4.363746293402106,
              50.12307170229553
            ],
            [
              4.361354556527291,
              50.12389917668533
            ],
            [
              4.359033518860173,
              50.12480568262022
            ],
            [
              4.356789528426589,
              50.12578874244706
            ],
            [
              4.35462872376886,
              50.12684566911761
            ],
            [
              4.352557017199946,
              50.127973573495204
            ],
            [
              4.350580078660248,
              50.12916937221314
            ],
            [
              4.348703320220778,
              50.130429796063424
            ],
            [
              4.346931881274821,
              50.13175139889393
            ],
            [
              4.345270614458501,
              50.13313056698985
            ],
            [
              4.343724072338891,
              50.13456352891452
            ],
            [
              4.342296494906362,
              50.13604636578331
            ],
            [
              4.340991797905892,
              50.137575021942794
            ],
            [
              4.339813562039911,
              50.13914531602676
            ],
            [
              4.338765023073056,
              50.14075295235922
            ],
            [
              4.337849062866933,
              50.14239353267363
            ],
            [
              4.337068201370565,
              50.14406256811688
            ],
            [
              4.336424589589743,
              50.14575549150535
            ],
            [
              4.335920003555964,
              50.14746766980021
            ],
            [
              4.335555839313004,
              50.149194416767685
            ],
            [
              4.3353331089364895,
              50.15093100579039
            ],
            [
              4.335252437599094,
              50.15267268279446
            ],
            [
              4.335314061691186,
              50.154414679257464
            ],
            [
              4.3355178280038915,
              50.15615222526163
            ],
            [
              4.335863193978679,
              50.157880562556386
            ],
            [
              4.336349229024639,
              50.159594957594855
            ],
            [
              4.3369746169016885,
              50.16129071450818
            ],
            [
              4.337737659164994,
              50.16296318798212
            ],
            [
              4.338636279662929,
              50.164607796000496
            ],
            [
              4.339668030077921,
              50.166220032420334
            ],
            [
              4.340830096496607,
              50.16779547934385
            ],
            [
              4.342119306992782,
              50.16932981925311
            ],
            [
              4.343532140203705,
              50.170818846873814
            ],
            [
              4.345064734877498,
              50.17225848073498
            ],
            [
              4.346712900366519,
              50.17364477439276
            ],
            [
              4.348472128038882,
              50.174973927286736
            ],
            [
              4.3503376035775485,
              50.17624229519879
            ],
            [
              4.352304220133844,
              50.177446400284985
            ],
            [
              4.3543665922996935,
              50.178582940652674
            ],
            [
              4.356519070860462,
              50.179648799455826
            ],
            [
              4.358755758287902,
              50.18064105348323
            ],
            [
              4.361070524930563,
              50.18155698121528
            ],
            [
              4.363457025856827,
              50.18239407032692
            ],
            [
              4.365908718303838,
              50.18315002461537
            ],
            [
              4.368418879683683,
              50.18382277033346
            ],
            [
              4.370980626096565,
              50.184410461910346
            ],
            [
              4.373586931299049,
              50.1849114870439
            ],
            [
              4.376230646074197,
              50.18532447114994
            ],
            [
              4.378904517949052,
              50.185648281156126
            ],
            [
              4.381601211203954,
              50.18588202862961
            ],
            [
              4.384313327117202,
              50.186025072229555
            ],
            [
              4.387033424387921,
              50.18607701947775
            ],
            [
              4.389754039679355,
              50.18603772784224
            ],
            [
              4.392467708224515,
              50.18590730513078
            ],
            [
              4.3925,
              50.18611111111111
            ]
          ]
        ]
      }
    },
    {
      "type": "Feature",
      "id": "ENR5-5-CEROUX-MOUSTY",
      "properties": {
        "id": "ENR5-5-CEROUX-MOUSTY",
        "name": "CÉROUX-MOUSTY",
        "chapter": "ENR 5.5",
        "upperLimit": "1500FTAMSL",
        "lowerLimit": "GND",
        "verticalLimits": "1500FTAMSL / GND",
        "lateralLimits": "A circle, 4NM radius, centred on 503933N0043051E.",
        "restrictionOrHazard": "Training area for free manned balloons.",
        "timeOfActivity": "HJ. In VMC only ⁽¹⁾",
        "aipSource": "Belgium and Luxembourg AIP ENR 5.5",
        "aipPage": "ENR 5.5-2",
        "amendment": "AMDT 008/2024",
        "effectiveDate": "08-AUG-2024",
        "aipNotes": [
          "(1) By arrangement with Beauvechain TWR and Brussels FIC."
        ],
        "geometryNote": "Circle sampled every 5 degrees from the published centre and radius.",
        "color": null,
        "colorNote": "No matching colour classification identified on the Brussels FIR Structure chart.",
        "areaType": "recreational",
        "footnoteReferences": {
          "timeOfActivity": [
            1
          ]
        }
      },
      "geometry": {
        "type": "Polygon",
        "coordinates": [
          [
            [
              4.514166666666667,
              50.72578831921138
            ],
            [
              4.523339065830671,
              50.725534444145225
            ],
            [
              4.532441361424777,
              50.72477475930624
            ],
            [
              4.541403992454707,
              50.72351507075444
            ],
            [
              4.550158478669893,
              50.72176500531646
            ],
            [
              4.558637949958758,
              50.719537936101894
            ],
            [
              4.566777662689747,
              50.71685087907348
            ],
            [
              4.574515498840941,
              50.713724361509826
            ],
            [
              4.581792443924131,
              50.71018226342388
            ],
            [
              4.588553039908559,
              50.706251633216944
            ],
            [
              4.594745809582703,
              50.70196247905072
            ],
            [
              4.600323649056108,
              50.697347537610604
            ],
            [
              4.6052441853940005,
              50.69244202210735
            ],
            [
              4.609470096691547,
              50.68728335152214
            ],
            [
              4.612969392228125,
              50.6819108632399
            ],
            [
              4.615715650690954,
              50.67636551133658
            ],
            [
              4.617688214817754,
              50.67068955288737
            ],
            [
              4.618872341175845,
              50.664926224743745
            ],
            [
              4.619259304166329,
              50.65911941328819
            ],
            [
              4.6188464537130525,
              50.65331331971512
            ],
            [
              4.617637226463443,
              50.647552123406676
            ],
            [
              4.615641110688847,
              50.64187964597126
            ],
            [
              4.612873565422806,
              50.63633901849251
            ],
            [
              4.6093558947142,
              50.63097235449759
            ],
            [
              4.605115078196112,
              50.62582043109573
            ],
            [
              4.6001835594788965,
              50.620922380663345
            ],
            [
              4.59459899416546,
              50.61631539536021
            ],
            [
              4.588403959557261,
              50.612034446654526
            ],
            [
              4.581645628369814,
              50.608112021913165
            ],
            [
              4.574375409006115,
              50.604577879978685
            ],
            [
              4.566648555144775,
              50.601458827508075
            ],
            [
              4.558523747586723,
              50.598778517690235
            ],
            [
              4.550062651469886,
              50.59655727279195
            ],
            [
              4.541329452105517,
              50.594811931805765
            ],
            [
              4.532390372812852,
              50.59355572428993
            ],
            [
              4.523313178230804,
              50.59279817130061
            ],
            [
              4.514166666666667,
              50.59254501412196
            ],
            [
              4.50502015510253,
              50.59279817130061
            ],
            [
              4.495942960520482,
              50.59355572428993
            ],
            [
              4.4870038812278175,
              50.594811931805765
            ],
            [
              4.478270681863449,
              50.59655727279195
            ],
            [
              4.469809585746611,
              50.598778517690235
            ],
            [
              4.461684778188559,
              50.601458827508075
            ],
            [
              4.453957924327219,
              50.604577879978685
            ],
            [
              4.446687704963519,
              50.608112021913165
            ],
            [
              4.439929373776073,
              50.612034446654526
            ],
            [
              4.4337343391678745,
              50.61631539536021
            ],
            [
              4.428149773854438,
              50.620922380663345
            ],
            [
              4.423218255137222,
              50.62582043109573
            ],
            [
              4.418977438619134,
              50.63097235449759
            ],
            [
              4.415459767910527,
              50.63633901849251
            ],
            [
              4.412692222644488,
              50.64187964597126
            ],
            [
              4.410696106869891,
              50.647552123406676
            ],
            [
              4.409486879620282,
              50.65331331971512
            ],
            [
              4.409074029167005,
              50.65911941328819
            ],
            [
              4.409460992157489,
              50.664926224743745
            ],
            [
              4.41064511851558,
              50.67068955288737
            ],
            [
              4.41261768264238,
              50.67636551133658
            ],
            [
              4.415363941105209,
              50.6819108632399
            ],
            [
              4.418863236641788,
              50.68728335152214
            ],
            [
              4.423089147939334,
              50.69244202210735
            ],
            [
              4.428009684277226,
              50.697347537610604
            ],
            [
              4.4335875237506315,
              50.70196247905072
            ],
            [
              4.439780293424775,
              50.706251633216944
            ],
            [
              4.446540889409203,
              50.71018226342388
            ],
            [
              4.453817834492392,
              50.713724361509826
            ],
            [
              4.4615556706435875,
              50.71685087907348
            ],
            [
              4.469695383374575,
              50.719537936101894
            ],
            [
              4.4781748546634415,
              50.72176500531646
            ],
            [
              4.4869293408786275,
              50.72351507075444
            ],
            [
              4.4958919719085575,
              50.72477475930624
            ],
            [
              4.5049942675026635,
              50.725534444145225
            ],
            [
              4.514166666666667,
              50.72578831921138
            ]
          ]
        ]
      }
    },
    {
      "type": "Feature",
      "id": "ENR5-5-DIEST",
      "properties": {
        "id": "ENR5-5-DIEST",
        "name": "DIEST",
        "chapter": "ENR 5.5",
        "upperLimit": "FL150",
        "lowerLimit": "GND",
        "verticalLimits": "FL150 / GND",
        "lateralLimits": "A circle, 1.5NM radius, centred on 505957N0050355E.",
        "restrictionOrHazard": "Parachuting, glider towing and winching activity. Glider winching up to 2500FTAMSL",
        "timeOfActivity": "SAT, SUN and HOL, SR- SS + 30MIN. In VMC only ⁽¹⁾",
        "aipSource": "Belgium and Luxembourg AIP ENR 5.5",
        "aipPage": "ENR 5.5-3",
        "amendment": "AMDT 002/2025",
        "effectiveDate": "20-FEB-2025",
        "aipNotes": [
          "(1) Area may be temporarily inactive due to MIL requirements (see ENR 5.1, EBR03). Operator: Post: PCV Schaffen Nieuwe Dijkstraat 77 3290 Diest BELGIUM TEL: +32 (0) 13 33 75 43 TEL: +32 (0) 474 75 61 52 Email: schaffen@pcv.be"
        ],
        "geometryNote": "Circle sampled every 5 degrees from the published centre and radius.",
        "color": null,
        "colorNote": "No matching colour classification identified on the Brussels FIR Structure chart.",
        "areaType": "recreational",
        "footnoteReferences": {
          "timeOfActivity": [
            1
          ]
        }
      },
      "geometry": {
        "type": "Polygon",
        "coordinates": [
          [
            [
              5.065277777777777,
              51.024149786370934
            ],
            [
              5.068739531093165,
              51.024054666932706
            ],
            [
              5.0721748960399715,
              51.02377003370021
            ],
            [
              5.075557686370028,
              51.02329805636621
            ],
            [
              5.078862118498388,
              51.022642332615916
            ],
            [
              5.082063008904142,
              51.021807860574306
            ],
            [
              5.085135966851134,
              51.02080100053369
            ],
            [
              5.088057580929577,
              51.01962942626021
            ],
            [
              5.090805597971061,
              51.01830206625828
            ],
            [
              5.093359092952762,
              51.016829035450534
            ],
            [
              5.095698628581314,
              51.015221557804246
            ],
            [
              5.097806403331752,
              51.01349188050503
            ],
            [
              5.099666386811697,
              51.01165318034363
            ],
            [
              5.101264441424219,
              51.0097194630403
            ],
            [
              5.102588429413898,
              51.007705456284945
            ],
            [
              5.103628304498296,
              51.00562649731851
            ],
            [
              5.104376187410243,
              51.00349841592083
            ],
            [
              5.1048264248040125,
              51.00133741370456
            ],
            [
              5.104975631109439,
              50.999159940640595
            ],
            [
              5.10482271305112,
              50.996982569760036
            ],
            [
              5.104368876684063,
              50.99482187098917
            ],
            [
              5.103617616931307,
              50.992694285078876
            ],
            [
              5.1025746897420925,
              50.99061599858671
            ],
            [
              5.101248067120207,
              50.98860282085974
            ],
            [
              5.099647875400055,
              50.98667006394932
            ],
            [
              5.097786317272032,
              50.984832426364335
            ],
            [
              5.095677578178038,
              50.9831038815392
            ],
            [
              5.093337717811657,
              50.98149757185503
            ],
            [
              5.090784547564971,
              50.98002570900951
            ],
            [
              5.088037494864567,
              50.97869948148196
            ],
            [
              5.085117455432363,
              50.97752896978533
            ],
            [
              5.082046634592026,
              50.97652307013819
            ],
            [
              5.078848378818479,
              50.975689427125545
            ],
            [
              5.075546998795912,
              50.97503437585008
            ],
            [
              5.0721675853085015,
              50.97456289400392
            ],
            [
              5.068735819337458,
              50.97427856421713
            ],
            [
              5.065277777777777,
              50.9741835469624
            ],
            [
              5.061819736218097,
              50.97427856421713
            ],
            [
              5.058387970247053,
              50.97456289400392
            ],
            [
              5.055008556759643,
              50.97503437585008
            ],
            [
              5.051707176737076,
              50.975689427125545
            ],
            [
              5.048508920963529,
              50.97652307013819
            ],
            [
              5.045438100123191,
              50.97752896978533
            ],
            [
              5.042518060690988,
              50.97869948148196
            ],
            [
              5.039771007990584,
              50.98002570900951
            ],
            [
              5.037217837743897,
              50.98149757185503
            ],
            [
              5.0348779773775165,
              50.9831038815392
            ],
            [
              5.032769238283523,
              50.984832426364335
            ],
            [
              5.0309076801555,
              50.98667006394932
            ],
            [
              5.029307488435348,
              50.98860282085974
            ],
            [
              5.027980865813462,
              50.99061599858671
            ],
            [
              5.026937938624248,
              50.992694285078876
            ],
            [
              5.0261866788714915,
              50.99482187098917
            ],
            [
              5.025732842504436,
              50.996982569760036
            ],
            [
              5.025579924446116,
              50.999159940640595
            ],
            [
              5.025729130751542,
              51.00133741370456
            ],
            [
              5.026179368145312,
              51.00349841592083
            ],
            [
              5.026927251057258,
              51.00562649731851
            ],
            [
              5.0279671261416565,
              51.007705456284945
            ],
            [
              5.029291114131336,
              51.0097194630403
            ],
            [
              5.030889168743857,
              51.01165318034363
            ],
            [
              5.032749152223803,
              51.01349188050503
            ],
            [
              5.034856926974241,
              51.015221557804246
            ],
            [
              5.037196462602792,
              51.016829035450534
            ],
            [
              5.039749957584495,
              51.01830206625828
            ],
            [
              5.042497974625977,
              51.01962942626021
            ],
            [
              5.045419588704421,
              51.02080100053369
            ],
            [
              5.048492546651413,
              51.021807860574306
            ],
            [
              5.051693437057167,
              51.022642332615916
            ],
            [
              5.054997869185527,
              51.02329805636621
            ],
            [
              5.058380659515583,
              51.02377003370021
            ],
            [
              5.06181602446239,
              51.024054666932706
            ],
            [
              5.065277777777777,
              51.024149786370934
            ]
          ]
        ]
      }
    },
    {
      "type": "Feature",
      "id": "ENR5-5-FEITSCH",
      "properties": {
        "id": "ENR5-5-FEITSCH",
        "name": "FEITSCH",
        "chapter": "ENR 5.5",
        "upperLimit": "FL070",
        "lowerLimit": "3500FTAMSL ⁽¹⁾",
        "verticalLimits": "FL070 / 3500FTAMSL ⁽¹⁾",
        "lateralLimits": "500242N0055346E- 500105N0055334E- 500108N0055244E- 500244N0055256E- 500242N0055346E.",
        "restrictionOrHazard": "Aerobatic sector for light aircraft.",
        "timeOfActivity": "HX. In VMC only⁽²⁾",
        "aipSource": "Belgium and Luxembourg AIP ENR 5.5",
        "aipPage": "ENR 5.5-3",
        "amendment": "AMDT 002/2025",
        "effectiveDate": "20-FEB-2025",
        "aipNotes": [
          "(1) Release between 3500FTAMSL and FL070 subject to approval from Luxembourg Radar (CH 120.885).",
          "(2) Any conflicting areas announced by NOTAM are excluded for aerobatic use during activation."
        ],
        "color": null,
        "colorNote": "No matching colour classification identified on the Brussels FIR Structure chart.",
        "areaType": "recreational",
        "footnoteReferences": {
          "verticalLimits": [
            1
          ],
          "lowerLimit": [
            1
          ],
          "timeOfActivity": [
            2
          ]
        }
      },
      "geometry": {
        "type": "Polygon",
        "coordinates": [
          [
            [
              5.896111111111111,
              50.044999999999995
            ],
            [
              5.892777777777777,
              50.018055555555556
            ],
            [
              5.8788888888888895,
              50.01888888888889
            ],
            [
              5.8822222222222225,
              50.04555555555555
            ],
            [
              5.896111111111111,
              50.044999999999995
            ]
          ]
        ]
      }
    },
    {
      "type": "Feature",
      "id": "ENR5-5-GENK-ZWARTBERG",
      "properties": {
        "id": "ENR5-5-GENK-ZWARTBERG",
        "name": "GENK - ZWARTBERG",
        "chapter": "ENR 5.5",
        "upperLimit": "2500FTAMSL",
        "lowerLimit": "GND",
        "verticalLimits": "2500FTAMSL / GND",
        "lateralLimits": "A circle, 2 NM radius, centred on 510055N0053135E.",
        "restrictionOrHazard": "Glider activity. Glider towing.",
        "timeOfActivity": "See AD 2.PVT-EBZW",
        "aipSource": "Belgium and Luxembourg AIP ENR 5.5",
        "aipPage": "ENR 5.5-3",
        "amendment": "AMDT 002/2025",
        "effectiveDate": "20-FEB-2025",
        "geometryNote": "Circle sampled every 5 degrees from the published centre and radius.",
        "color": null,
        "colorNote": "No matching colour classification identified on the Brussels FIR Structure chart.",
        "areaType": "recreational"
      },
      "geometry": {
        "type": "Polygon",
        "coordinates": [
          [
            [
              5.526388888888889,
              51.048588604050146
            ],
            [
              5.531006991706727,
              51.048461755338074
            ],
            [
              5.53558987259924,
              51.048082176672324
            ],
            [
              5.540102579997726,
              51.047452763037896
            ],
            [
              5.544510700918955,
              51.04657831471399
            ],
            [
              5.548780624956785,
              51.04546550043425
            ],
            [
              5.552879801963659,
              51.04412280621762
            ],
            [
              5.556776991403268,
              51.042560470271766
            ],
            [
              5.5604425014271,
              51.040790404480234
            ],
            [
              5.563848415815262,
              51.03882610308912
            ],
            [
              5.566968807025078,
              51.03668253930812
            ],
            [
              5.56977993370829,
              51.03437605063427
            ],
            [
              5.572260421188041,
              51.031924213793275
            ],
            [
              5.574391423528799,
              51.029345710271905
            ],
            [
              5.576156765984529,
              51.02666018348631
            ],
            [
              5.577543066771232,
              51.02388808869306
            ],
            [
              5.578539837277823,
              51.02105053680319
            ],
            [
              5.5791395600027185,
              51.018169133303225
            ],
            [
              5.579337743680653,
              51.0152658135217
            ],
            [
              5.5791329552438595,
              51.012362675503944
            ],
            [
              5.5785268284419605,
              51.00948181177252
            ],
            [
              5.577524049124503,
              51.006645141255376
            ],
            [
              5.57613231736749,
              51.003874242659066
            ],
            [
              5.574362286799149,
              51.00119019054886
            ],
            [
              5.572227481649408,
              50.998613395374136
            ],
            [
              5.56974419221087,
              50.996163448643884
            ],
            [
              5.5669313495554285,
              50.993858974414884
            ],
            [
              5.563810380499242,
              50.99171748820499
            ],
            [
              5.560405043948539,
              50.9897552643853
            ],
            [
              5.5567412498891,
              50.987987213039546
            ],
            [
              5.552846862402462,
              50.98642676720587
            ],
            [
              5.548751488201476,
              50.985085781337645
            ],
            [
              5.544486252276257,
              50.983974441735164
            ],
            [
              5.540083562328435,
              50.98310118960995
            ],
            [
              5.53557686374663,
              50.98247265734968
            ],
            [
              5.531000386938958,
              50.9820936184534
            ],
            [
              5.526388888888889,
              50.98196695150542
            ],
            [
              5.521777390838819,
              50.9820936184534
            ],
            [
              5.5172009140311475,
              50.98247265734968
            ],
            [
              5.512694215449343,
              50.98310118960995
            ],
            [
              5.50829152550152,
              50.983974441735164
            ],
            [
              5.504026289576301,
              50.985085781337645
            ],
            [
              5.499930915375315,
              50.98642676720587
            ],
            [
              5.496036527888677,
              50.987987213039546
            ],
            [
              5.492372733829238,
              50.9897552643853
            ],
            [
              5.488967397278535,
              50.99171748820499
            ],
            [
              5.485846428222349,
              50.993858974414884
            ],
            [
              5.483033585566907,
              50.996163448643884
            ],
            [
              5.480550296128369,
              50.998613395374136
            ],
            [
              5.4784154909786285,
              51.00119019054886
            ],
            [
              5.476645460410287,
              51.003874242659066
            ],
            [
              5.475253728653274,
              51.006645141255376
            ],
            [
              5.474250949335817,
              51.00948181177252
            ],
            [
              5.473644822533918,
              51.012362675503944
            ],
            [
              5.473440034097124,
              51.0152658135217
            ],
            [
              5.473638217775059,
              51.018169133303225
            ],
            [
              5.474237940499954,
              51.02105053680319
            ],
            [
              5.475234711006546,
              51.02388808869306
            ],
            [
              5.476621011793248,
              51.02666018348631
            ],
            [
              5.478386354248978,
              51.029345710271905
            ],
            [
              5.480517356589736,
              51.031924213793275
            ],
            [
              5.482997844069487,
              51.03437605063427
            ],
            [
              5.485808970752699,
              51.03668253930812
            ],
            [
              5.488929361962515,
              51.03882610308912
            ],
            [
              5.492335276350677,
              51.040790404480234
            ],
            [
              5.496000786374509,
              51.042560470271766
            ],
            [
              5.499897975814118,
              51.04412280621762
            ],
            [
              5.503997152820992,
              51.04546550043425
            ],
            [
              5.508267076858822,
              51.04657831471399
            ],
            [
              5.512675197780051,
              51.047452763037896
            ],
            [
              5.517187905178537,
              51.048082176672324
            ],
            [
              5.521770786071049,
              51.048461755338074
            ],
            [
              5.526388888888889,
              51.048588604050146
            ]
          ]
        ]
      }
    },
    {
      "type": "Feature",
      "id": "ENR5-5-GERAARDSBERGEN",
      "properties": {
        "id": "ENR5-5-GERAARDSBERGEN",
        "name": "GERAARDSBERGEN",
        "chapter": "ENR 5.5",
        "upperLimit": "2500FTAMSL",
        "lowerLimit": "GND ⁽²⁾",
        "verticalLimits": "2500FTAMSL / GND ⁽²⁾",
        "lateralLimits": "A circle, 2NM radius, centred on 504517N0035145E.",
        "restrictionOrHazard": "Glider activity. Glider towing. Glider winching up to 1600FT AMSL.",
        "timeOfActivity": "SAT, SUN and HOL, HJ (daily from APR to OCT). In VMC only.",
        "aipSource": "Belgium and Luxembourg AIP ENR 5.5",
        "aipPage": "ENR 5.5-3",
        "amendment": "AMDT 002/2025",
        "effectiveDate": "20-FEB-2025",
        "aipNotes": [
          "(1) Use of the area is subject to prior permission of the operator of EBGG. Local instructions should be known and complied with.",
          "(2) Altimeter setting based on QNH provided by Brussels APP."
        ],
        "geometryNote": "Circle sampled every 5 degrees from the published centre and radius.",
        "color": null,
        "colorNote": "No matching colour classification identified on the Brussels FIR Structure chart.",
        "areaType": "recreational",
        "footnoteReferences": {
          "verticalLimits": [
            2
          ],
          "lowerLimit": [
            2
          ]
        }
      },
      "geometry": {
        "type": "Polygon",
        "coordinates": [
          [
            [
              3.8625000000000007,
              50.788033048494576
            ],
            [
              3.8670923164003153,
              50.78790620062414
            ],
            [
              3.8716496082401104,
              50.787526624457634
            ],
            [
              3.8761371197794277,
              50.78689721490399
            ],
            [
              3.880520630804375,
              50.78602277211812
            ],
            [
              3.884766719120757,
              50.78490996466512
            ],
            [
              3.8888430167752492,
              50.78356727835609
            ],
            [
              3.892718457997401,
              50.78200495115797
            ],
            [
              3.8963635169266415,
              50.78023489468813
            ],
            [
              3.8997504332755444,
              50.778270602909
            ],
            [
              3.902853424183008,
              50.77612704873785
            ],
            [
              3.905648880627539,
              50.77382056937947
            ],
            [
              3.9081155469002957,
              50.77136874127625
            ],
            [
              3.910234681778587,
              50.768790245649384
            ],
            [
              3.9119902001916853,
              50.76610472567514
            ],
            [
              3.9133687943305535,
              50.763332636403206
            ],
            [
              3.9143600333199253,
              50.760495088576995
            ],
            [
              3.9149564407434303,
              50.757613687559804
            ],
            [
              3.9151535494885943,
              50.75471036860502
            ],
            [
              3.9149499335570273,
              50.75180722973316
            ],
            [
              3.914347216664295,
              50.74892636349301
            ],
            [
              3.9133500576325577,
              50.7460896888891
            ],
            [
              3.911966112755423,
              50.743318784752326
            ],
            [
              3.9102059754874947,
              50.7406347258165
            ],
            [
              3.9080830939793776,
              50.73805792273845
            ],
            [
              3.9056136671413864,
              50.735607967267285
            ],
            [
              3.902816520074845,
              50.73330348372527
            ],
            [
              3.8997129598576317,
              50.731161987912984
            ],
            [
              3.89632661280982,
              50.72919975449304
            ],
            [
              3.8926832444949766,
              50.72743169384048
            ],
            [
              3.888810563832408,
              50.72587123927581
            ],
            [
              3.884738012804736,
              50.72453024551729
            ],
            [
              3.8804965433431833,
              50.72341889910452
            ],
            [
              3.87611838305951,
              50.722545641455554
            ],
            [
              3.871636791568209,
              50.7219171051256
            ],
            [
              3.8670858092052547,
              50.72153806373706
            ],
            [
              3.8625000000000007,
              50.72141139594986
            ],
            [
              3.8579141907947467,
              50.72153806373706
            ],
            [
              3.8533632084317926,
              50.7219171051256
            ],
            [
              3.8488816169404916,
              50.722545641455554
            ],
            [
              3.844503456656818,
              50.72341889910452
            ],
            [
              3.8402619871952655,
              50.72453024551729
            ],
            [
              3.8361894361675932,
              50.72587123927581
            ],
            [
              3.832316755505025,
              50.72743169384048
            ],
            [
              3.8286733871901815,
              50.72919975449304
            ],
            [
              3.8252870401423698,
              50.731161987912984
            ],
            [
              3.8221834799251564,
              50.73330348372527
            ],
            [
              3.8193863328586146,
              50.735607967267285
            ],
            [
              3.816916906020624,
              50.73805792273845
            ],
            [
              3.8147940245125063,
              50.7406347258165
            ],
            [
              3.8130338872445786,
              50.743318784752326
            ],
            [
              3.8116499423674433,
              50.7460896888891
            ],
            [
              3.8106527833357062,
              50.74892636349301
            ],
            [
              3.810050066442974,
              50.75180722973316
            ],
            [
              3.809846450511407,
              50.75471036860502
            ],
            [
              3.810043559256571,
              50.757613687559804
            ],
            [
              3.810639966680076,
              50.760495088576995
            ],
            [
              3.811631205669448,
              50.763332636403206
            ],
            [
              3.813009799808316,
              50.76610472567514
            ],
            [
              3.8147653182214145,
              50.768790245649384
            ],
            [
              3.8168844530997057,
              50.77136874127625
            ],
            [
              3.8193511193724623,
              50.77382056937947
            ],
            [
              3.8221465758169932,
              50.77612704873785
            ],
            [
              3.825249566724457,
              50.778270602909
            ],
            [
              3.82863648307336,
              50.78023489468813
            ],
            [
              3.8322815420026006,
              50.78200495115797
            ],
            [
              3.836156983224752,
              50.78356727835609
            ],
            [
              3.840233280879244,
              50.78490996466512
            ],
            [
              3.8444793691956263,
              50.78602277211812
            ],
            [
              3.8488628802205738,
              50.78689721490399
            ],
            [
              3.853350391759891,
              50.787526624457634
            ],
            [
              3.857907683599686,
              50.78790620062414
            ],
            [
              3.8625000000000007,
              50.788033048494576
            ]
          ]
        ]
      }
    },
    {
      "type": "Feature",
      "id": "ENR5-5-GOETSENHOVEN",
      "properties": {
        "id": "ENR5-5-GOETSENHOVEN",
        "name": "GOETSENHOVEN",
        "chapter": "ENR 5.5",
        "upperLimit": "2500FTAMSL",
        "lowerLimit": "GND",
        "verticalLimits": "2500FTAMSL / GND",
        "lateralLimits": "A circle, 2 NM radius, centred on 504652N0045724E.",
        "restrictionOrHazard": "Glider activity. Glider towing. Glider winching up to 2000FT AMSL.",
        "timeOfActivity": "SAT, SUN and HOL, HJ",
        "aipSource": "Belgium and Luxembourg AIP ENR 5.5",
        "aipPage": "ENR 5.5-3",
        "amendment": "AMDT 002/2025",
        "effectiveDate": "20-FEB-2025",
        "geometryNote": "Circle sampled every 5 degrees from the published centre and radius.",
        "color": null,
        "colorNote": "No matching colour classification identified on the Brussels FIR Structure chart.",
        "areaType": "recreational"
      },
      "geometry": {
        "type": "Polygon",
        "coordinates": [
          [
            [
              4.956666666666667,
              50.81442193738348
            ],
            [
              4.961261577266321,
              50.81429508942823
            ],
            [
              4.965821443450136,
              50.81391551300987
            ],
            [
              4.970311489777358,
              50.813286103044994
            ],
            [
              4.974697476641069,
              50.81241165970106
            ],
            [
              4.978945962912509,
              50.811298851560124
            ],
            [
              4.983024562309157,
              50.80995616445422
            ],
            [
              4.986902191478648,
              50.80839383637459
            ],
            [
              4.990549307861538,
              50.80662377896539
            ],
            [
              4.993938135483094,
              50.804659486217645
            ],
            [
              4.997042876926734,
              50.8025159310781
            ],
            [
              4.999839909858372,
              50.800209450780976
            ],
            [
              5.002307966600456,
              50.797757621797246
            ],
            [
              5.004428295395656,
              50.795179125374844
            ],
            [
              5.006184802151395,
              50.7924936047142
            ],
            [
              5.007564171616252,
              50.78972151488587
            ],
            [
              5.008555967106266,
              50.78688396665015
            ],
            [
              5.0091527080714515,
              50.784002565382764
            ],
            [
              5.009349924969171,
              50.78109924634467
            ],
            [
              5.009146191089513,
              50.77819610755886
            ],
            [
              5.008543131157198,
              50.77531524157152
            ],
            [
              5.007545406713135,
              50.77247856737943
            ],
            [
              5.006160678455321,
              50.76970766380098
            ],
            [
              5.004399545891797,
              50.76702360555298
            ],
            [
              5.002275464826808,
              50.76444680327135
            ],
            [
              4.999804643363892,
              50.76199684868103
            ],
            [
              4.997005917265274,
              50.759692366077495
            ],
            [
              4.993900605654872,
              50.757550871232866
            ],
            [
              4.990512348191395,
              50.75558863878035
            ],
            [
              4.986866924967849,
              50.75382057906566
            ],
            [
              4.982992060513523,
              50.752260125380836
            ],
            [
              4.978917213383648,
              50.75091913241743
            ],
            [
              4.974673352919993,
              50.74980778669095
            ],
            [
              4.970292724852254,
              50.74893452959863
            ],
            [
              4.965808607484749,
              50.748305993678784
            ],
            [
              4.9612550602757,
              50.747926952541384
            ],
            [
              4.956666666666667,
              50.74780028483876
            ],
            [
              4.9520782730576345,
              50.747926952541384
            ],
            [
              4.947524725848586,
              50.748305993678784
            ],
            [
              4.9430406084810805,
              50.74893452959863
            ],
            [
              4.938659980413342,
              50.74980778669095
            ],
            [
              4.934416119949687,
              50.75091913241743
            ],
            [
              4.930341272819811,
              50.752260125380836
            ],
            [
              4.926466408365486,
              50.75382057906566
            ],
            [
              4.92282098514194,
              50.75558863878035
            ],
            [
              4.919432727678463,
              50.757550871232866
            ],
            [
              4.916327416068061,
              50.759692366077495
            ],
            [
              4.913528689969442,
              50.76199684868103
            ],
            [
              4.911057868506527,
              50.76444680327135
            ],
            [
              4.908933787441538,
              50.76702360555298
            ],
            [
              4.907172654878014,
              50.76970766380098
            ],
            [
              4.9057879266202,
              50.77247856737943
            ],
            [
              4.9047902021761365,
              50.77531524157152
            ],
            [
              4.904187142243821,
              50.77819610755886
            ],
            [
              4.903983408364164,
              50.78109924634467
            ],
            [
              4.904180625261883,
              50.784002565382764
            ],
            [
              4.904777366227069,
              50.78688396665015
            ],
            [
              4.905769161717083,
              50.78972151488587
            ],
            [
              4.90714853118194,
              50.7924936047142
            ],
            [
              4.908905037937679,
              50.795179125374844
            ],
            [
              4.911025366732879,
              50.797757621797246
            ],
            [
              4.9134934234749625,
              50.800209450780976
            ],
            [
              4.916290456406601,
              50.8025159310781
            ],
            [
              4.919395197850241,
              50.804659486217645
            ],
            [
              4.922784025471797,
              50.80662377896539
            ],
            [
              4.926431141854686,
              50.80839383637459
            ],
            [
              4.930308771024178,
              50.80995616445422
            ],
            [
              4.9343873704208265,
              50.811298851560124
            ],
            [
              4.938635856692266,
              50.81241165970106
            ],
            [
              4.943021843555977,
              50.813286103044994
            ],
            [
              4.947511889883199,
              50.81391551300987
            ],
            [
              4.9520717560670136,
              50.81429508942823
            ],
            [
              4.956666666666667,
              50.81442193738348
            ]
          ]
        ]
      }
    },
    {
      "type": "Feature",
      "id": "ENR5-5-GRINGLAY",
      "properties": {
        "id": "ENR5-5-GRINGLAY",
        "name": "GRINGLAY",
        "chapter": "ENR 5.5",
        "upperLimit": "3500FTAMSL",
        "lowerLimit": "GND",
        "verticalLimits": "3500FTAMSL / GND",
        "lateralLimits": "A circle, 1NM radius, centred on 495456N0060530E.",
        "restrictionOrHazard": "Paragliding.",
        "timeOfActivity": "HJ. In VMC only",
        "aipSource": "Belgium and Luxembourg AIP ENR 5.5",
        "aipPage": "ENR 5.5-3",
        "amendment": "AMDT 002/2025",
        "effectiveDate": "20-FEB-2025",
        "geometryNote": "Circle sampled every 5 degrees from the published centre and radius.",
        "color": null,
        "colorNote": "No matching colour classification identified on the Brussels FIR Structure chart.",
        "areaType": "recreational"
      },
      "geometry": {
        "type": "Polygon",
        "coordinates": [
          [
            [
              6.091666666666667,
              49.932210968691734
            ],
            [
              6.093921797370398,
              49.93214756795778
            ],
            [
              6.096159747483408,
              49.93195784877197
            ],
            [
              6.098363467707694,
              49.93164325649141
            ],
            [
              6.100516170315076,
              49.93120618776909
            ],
            [
              6.102601457401298,
              49.93064997224043
            ],
            [
              6.1046034461261485,
              49.92997884708298
            ],
            [
              6.106506889972943,
              49.929197924645976
            ],
            [
              6.108297295092947,
              49.92831315339985
            ],
            [
              6.109961030839849,
              49.9273312725072
            ],
            [
              6.111485433646166,
              49.92625976036586
            ],
            [
              6.1128589034467975,
              49.92510677752069
            ],
            [
              6.114070991914531,
              49.923881104383895
            ],
            [
              6.115112481837465,
              49.922592074243084
            ],
            [
              6.115975457038552,
              49.92124950207206
            ],
            [
              6.116653362312145,
              49.9198636096909
            ],
            [
              6.11714105293088,
              49.91844494784918
            ],
            [
              6.117434833357753,
              49.917004315829104
            ],
            [
              6.117532484882277,
              49.9155526791834
            ],
            [
              6.117433281985268,
              49.91410108623624
            ],
            [
              6.117137997323558,
              49.91266058398404
            ],
            [
              6.116648895313025,
              49.91124213403663
            ],
            [
              6.115969714375085,
              49.909856529237864
            ],
            [
              6.115105637997511,
              49.90851431159931
            ],
            [
              6.114063254844639,
              49.90722569216876
            ],
            [
              6.112850508233865,
              49.906000473440784
            ],
            [
              6.11147663537445,
              49.90484797489602
            ],
            [
              6.109952096840359,
              49.903776962231454
            ],
            [
              6.108288496820736,
              49.9027955808156
            ],
            [
              6.106498494759084,
              49.90191129386993
            ],
            [
              6.104595709055007,
              49.90113082584183
            ],
            [
              6.102594613559924,
              49.90046011139474
            ],
            [
              6.100510427650187,
              49.899904250398656
            ],
            [
              6.098359000707324,
              49.89946746925884
            ],
            [
              6.096156691875158,
              49.89915308887265
            ],
            [
              6.0939202459974195,
              49.89896349945478
            ],
            [
              6.091666666666667,
              49.898900142419386
            ],
            [
              6.089413087335914,
              49.89896349945478
            ],
            [
              6.087176641458176,
              49.89915308887265
            ],
            [
              6.084974332626009,
              49.89946746925884
            ],
            [
              6.082822905683146,
              49.899904250398656
            ],
            [
              6.08073871977341,
              49.90046011139474
            ],
            [
              6.078737624278326,
              49.90113082584183
            ],
            [
              6.07683483857425,
              49.90191129386993
            ],
            [
              6.075044836512598,
              49.9027955808156
            ],
            [
              6.073381236492975,
              49.903776962231454
            ],
            [
              6.071856697958884,
              49.90484797489602
            ],
            [
              6.070482825099468,
              49.906000473440784
            ],
            [
              6.069270078488694,
              49.90722569216876
            ],
            [
              6.068227695335823,
              49.90851431159931
            ],
            [
              6.0673636189582485,
              49.909856529237864
            ],
            [
              6.066684438020308,
              49.91124213403663
            ],
            [
              6.066195336009776,
              49.91266058398404
            ],
            [
              6.065900051348065,
              49.91410108623624
            ],
            [
              6.065800848451056,
              49.9155526791834
            ],
            [
              6.065898499975581,
              49.917004315829104
            ],
            [
              6.066192280402453,
              49.91844494784918
            ],
            [
              6.0666799710211885,
              49.9198636096909
            ],
            [
              6.067357876294782,
              49.92124950207206
            ],
            [
              6.068220851495869,
              49.922592074243084
            ],
            [
              6.069262341418803,
              49.923881104383895
            ],
            [
              6.070474429886536,
              49.92510677752069
            ],
            [
              6.071847899687167,
              49.92625976036586
            ],
            [
              6.0733723024934845,
              49.9273312725072
            ],
            [
              6.075036038240387,
              49.92831315339985
            ],
            [
              6.076826443360391,
              49.929197924645976
            ],
            [
              6.078729887207185,
              49.92997884708298
            ],
            [
              6.0807318759320355,
              49.93064997224043
            ],
            [
              6.082817163018258,
              49.93120618776909
            ],
            [
              6.08496986562564,
              49.93164325649141
            ],
            [
              6.087173585849926,
              49.93195784877197
            ],
            [
              6.0894115359629355,
              49.93214756795778
            ],
            [
              6.091666666666667,
              49.932210968691734
            ]
          ]
        ]
      }
    },
    {
      "type": "Feature",
      "id": "ENR5-5-HASSELT-KIEWIT",
      "properties": {
        "id": "ENR5-5-HASSELT-KIEWIT",
        "name": "HASSELT - KIEWIT",
        "chapter": "ENR 5.5",
        "upperLimit": "2500FTAMSL",
        "lowerLimit": "GND",
        "verticalLimits": "2500FTAMSL / GND",
        "lateralLimits": "A circle, 2 NM radius, centred on 505812N0052230E.",
        "restrictionOrHazard": "Glider activity. Glider towing. Glider winching up to 2000 FT AMSL.",
        "timeOfActivity": "See AD 2.PVT-EBZH",
        "aipSource": "Belgium and Luxembourg AIP ENR 5.5",
        "aipPage": "ENR 5.5-4",
        "amendment": "AMDT 002/2025",
        "effectiveDate": "20-FEB-2025",
        "geometryNote": "Circle sampled every 5 degrees from the published centre and radius.",
        "color": null,
        "colorNote": "No matching colour classification identified on the Brussels FIR Structure chart.",
        "areaType": "recreational"
      },
      "geometry": {
        "type": "Polygon",
        "coordinates": [
          [
            [
              5.375,
              51.003310826272354
            ],
            [
              5.379613594182798,
              51.00318397770723
            ],
            [
              5.384192000948965,
              51.00280439947779
            ],
            [
              5.388700302969907,
              51.00217498655579
            ],
            [
              5.393104120967548,
              51.00130053919871
            ],
            [
              5.3973698774440235,
              51.00018772611078
            ],
            [
              5.401465054107829,
              50.99884503327466
            ],
            [
              5.405358440979827,
              50.997282698855976
            ],
            [
              5.4090203752338315,
              50.99551263469181
            ],
            [
              5.4124229679140425,
              50.99354833497876
            ],
            [
              5.415540316774633,
              50.99140477287543
            ],
            [
              5.418348703603932,
              50.98909828582786
            ],
            [
              5.420826774525878,
              50.9866464505123
            ],
            [
              5.422955701913208,
              50.98406794836914
            ],
            [
              5.424719326698848,
              50.98138242277266
            ],
            [
              5.42610428003257,
              50.97861032894331
            ],
            [
              5.42710008339768,
              50.97577277776285
            ],
            [
              5.427699226475665,
              50.97289137469632
            ],
            [
              5.4278972222237645,
              50.96998805505912
            ],
            [
              5.427692638809752,
              50.967084916892254
            ],
            [
              5.427087108228349,
              50.96420405272284
            ],
            [
              5.426085311603025,
              50.96136738149222
            ],
            [
              5.4246949413542085,
              50.958596481928666
            ],
            [
              5.422926640588679,
              50.95591242862684
            ],
            [
              5.420793920233948,
              50.95333563207236
            ],
            [
              5.418313054604624,
              50.95088568381614
            ],
            [
              5.415502956244,
              50.94858120796128
            ],
            [
              5.4123850310325015,
              50.94643972007501
            ],
            [
              5.408983014694331,
              50.94447749457933
            ],
            [
              5.405322791963855,
              50.942709441608805
            ],
            [
              5.401432199793448,
              50.94114899425089
            ],
            [
              5.397340816093965,
              50.9398080070052
            ],
            [
              5.393079735597379,
              50.93869666621379
            ],
            [
              5.388681334517911,
              50.93782341312425
            ],
            [
              5.384179025762972,
              50.937194880153505
            ],
            [
              5.379607006508019,
              50.93681584082212
            ],
            [
              5.375,
              50.93668917372764
            ],
            [
              5.370392993491982,
              50.93681584082212
            ],
            [
              5.365820974237029,
              50.937194880153505
            ],
            [
              5.36131866548209,
              50.93782341312425
            ],
            [
              5.356920264402622,
              50.93869666621379
            ],
            [
              5.352659183906036,
              50.9398080070052
            ],
            [
              5.348567800206553,
              50.94114899425089
            ],
            [
              5.3446772080361455,
              50.942709441608805
            ],
            [
              5.341016985305669,
              50.94447749457933
            ],
            [
              5.337614968967499,
              50.94643972007501
            ],
            [
              5.334497043756001,
              50.94858120796128
            ],
            [
              5.331686945395376,
              50.95088568381614
            ],
            [
              5.3292060797660525,
              50.95333563207236
            ],
            [
              5.3270733594113215,
              50.95591242862684
            ],
            [
              5.325305058645792,
              50.958596481928666
            ],
            [
              5.323914688396975,
              50.96136738149222
            ],
            [
              5.322912891771652,
              50.96420405272284
            ],
            [
              5.322307361190249,
              50.967084916892254
            ],
            [
              5.322102777776236,
              50.96998805505912
            ],
            [
              5.3223007735243355,
              50.97289137469632
            ],
            [
              5.322899916602321,
              50.97577277776285
            ],
            [
              5.323895719967431,
              50.97861032894331
            ],
            [
              5.325280673301153,
              50.98138242277266
            ],
            [
              5.3270442980867925,
              50.98406794836914
            ],
            [
              5.329173225474123,
              50.9866464505123
            ],
            [
              5.3316512963960685,
              50.98909828582786
            ],
            [
              5.334459683225368,
              50.99140477287543
            ],
            [
              5.337577032085958,
              50.99354833497876
            ],
            [
              5.340979624766169,
              50.99551263469181
            ],
            [
              5.3446415590201735,
              50.997282698855976
            ],
            [
              5.348534945892172,
              50.99884503327466
            ],
            [
              5.352630122555977,
              51.00018772611078
            ],
            [
              5.356895879032453,
              51.00130053919871
            ],
            [
              5.361299697030094,
              51.00217498655579
            ],
            [
              5.365807999051036,
              51.00280439947779
            ],
            [
              5.370386405817202,
              51.00318397770723
            ],
            [
              5.375,
              51.003310826272354
            ]
          ]
        ]
      }
    },
    {
      "type": "Feature",
      "id": "ENR5-5-HOEVENEN",
      "properties": {
        "id": "ENR5-5-HOEVENEN",
        "name": "HOEVENEN",
        "chapter": "ENR 5.5",
        "upperLimit": "FL130",
        "lowerLimit": "GND",
        "verticalLimits": "FL130 / GND",
        "lateralLimits": "A circle, 2NM radius, centred on 511820N0042313E.",
        "restrictionOrHazard": "Parachuting.",
        "timeOfActivity": "HJ. In VMC only⁽¹⁾",
        "aipSource": "Belgium and Luxembourg AIP ENR 5.5",
        "aipPage": "ENR 5.5-4",
        "amendment": "AMDT 002/2025",
        "effectiveDate": "20-FEB-2025",
        "aipNotes": [
          "(1) By arrangement with Brussels ACC and Brussels APP. Operator: Post: Sportparachutistenclub Hoevenen Pauwelsdreef 86 2940 Hoevenen BELGIUM TEL: +32 (0) 36 65 23 09 TEL: +32 (0) 477 32 09 76 Email: skydivehoevenen@gmail.com"
        ],
        "geometryNote": "Circle sampled every 5 degrees from the published centre and radius.",
        "color": null,
        "colorNote": "No matching colour classification identified on the Brussels FIR Structure chart.",
        "areaType": "recreational",
        "footnoteReferences": {
          "timeOfActivity": [
            1
          ]
        }
      },
      "geometry": {
        "type": "Polygon",
        "coordinates": [
          [
            [
              4.3869444444444445,
              51.3388663818279
            ],
            [
              4.391591732235339,
              51.33873953216699
            ],
            [
              4.396203574717817,
              51.33835995068356
            ],
            [
              4.400744798678843,
              51.33773053244845
            ],
            [
              4.405180772953942,
              51.3368560778809
            ],
            [
              4.409477674114477,
              51.33574325590467
            ],
            [
              4.413602745802104,
              51.33440055277301
            ],
            [
              4.4175245496781965,
              51.332838206964915
            ],
            [
              4.4212132060279306,
              51.331068130664114
            ],
            [
              4.424640622147136,
              51.329103818436465
            ],
            [
              4.427780706743917,
              51.32696024382135
            ],
            [
              4.430609568705268,
              51.32465374464533
            ],
            [
              4.433105698710281,
              51.32220189795344
            ],
            [
              4.435250132314552,
              51.31962338553191
            ],
            [
              4.437026593283712,
              51.31693785106734
            ],
            [
              4.438421616115966,
              51.31416575004954
            ],
            [
              4.439424646862608,
              51.311328193578454
            ],
            [
              4.440028121530058,
              51.308446787279564
            ],
            [
              4.440227521525423,
              51.305543466566135
            ],
            [
              4.44002140578831,
              51.30264032951147
            ],
            [
              4.439411419433112,
              51.29975946860844
            ],
            [
              4.438402278906693,
              51.296922802698845
            ],
            [
              4.43700173384493,
              51.29415191034891
            ],
            [
              4.435220505986533,
              51.29146786593393
            ],
            [
              4.433072205672815,
              51.28889107966941
            ],
            [
              4.430573226626298,
              51.2864411427936
            ],
            [
              4.427742619858341,
              51.28413667906402
            ],
            [
              4.424601947705286,
              51.28199520367971
            ],
            [
              4.42117511913315,
              51.28003299068321
            ],
            [
              4.417488207581927,
              51.27826494982979
            ],
            [
              4.413569252741331,
              51.27670451383925
            ],
            [
              4.409448047759955,
              51.275363536866394
            ],
            [
              4.4051559134886595,
              51.27425220494167
            ],
            [
              4.400725461446265,
              51.273378959043804
            ],
            [
              4.396190347271024,
              51.27275043137162
            ],
            [
              4.391585016484388,
              51.27237139528503
            ],
            [
              4.3869444444444445,
              51.272244729283194
            ],
            [
              4.382303872404501,
              51.27237139528503
            ],
            [
              4.377698541617866,
              51.27275043137162
            ],
            [
              4.373163427442624,
              51.273378959043804
            ],
            [
              4.36873297540023,
              51.27425220494167
            ],
            [
              4.364440841128934,
              51.275363536866394
            ],
            [
              4.360319636147558,
              51.27670451383925
            ],
            [
              4.356400681306962,
              51.27826494982979
            ],
            [
              4.352713769755739,
              51.28003299068321
            ],
            [
              4.349286941183604,
              51.28199520367971
            ],
            [
              4.346146269030548,
              51.28413667906402
            ],
            [
              4.343315662262592,
              51.2864411427936
            ],
            [
              4.340816683216075,
              51.28889107966941
            ],
            [
              4.338668382902356,
              51.29146786593393
            ],
            [
              4.336887155043959,
              51.29415191034891
            ],
            [
              4.335486609982196,
              51.296922802698845
            ],
            [
              4.334477469455777,
              51.29975946860844
            ],
            [
              4.33386748310058,
              51.30264032951147
            ],
            [
              4.333661367363466,
              51.305543466566135
            ],
            [
              4.333860767358831,
              51.308446787279564
            ],
            [
              4.334464242026281,
              51.311328193578454
            ],
            [
              4.335467272772923,
              51.31416575004954
            ],
            [
              4.336862295605177,
              51.31693785106734
            ],
            [
              4.338638756574337,
              51.31962338553191
            ],
            [
              4.340783190178608,
              51.32220189795344
            ],
            [
              4.343279320183621,
              51.32465374464533
            ],
            [
              4.346108182144972,
              51.32696024382135
            ],
            [
              4.349248266741753,
              51.329103818436465
            ],
            [
              4.352675682860959,
              51.331068130664114
            ],
            [
              4.356364339210693,
              51.332838206964915
            ],
            [
              4.360286143086785,
              51.33440055277301
            ],
            [
              4.364411214774412,
              51.33574325590467
            ],
            [
              4.368708115934947,
              51.3368560778809
            ],
            [
              4.3731440902100465,
              51.33773053244845
            ],
            [
              4.377685314171072,
              51.33835995068356
            ],
            [
              4.38229715665355,
              51.33873953216699
            ],
            [
              4.3869444444444445,
              51.3388663818279
            ]
          ]
        ]
      }
    },
    {
      "type": "Feature",
      "id": "ENR5-5-KONZ-KONEN-GLIDER-SECTOR-NORTH",
      "properties": {
        "id": "ENR5-5-KONZ-KONEN-GLIDER-SECTOR-NORTH",
        "name": "KONZ / KÖNEN GLIDER SECTOR NORTH",
        "chapter": "ENR 5.5",
        "upperLimit": "4000FT AMSL",
        "lowerLimit": "1000FT AGL ⁽¹⁾",
        "verticalLimits": "4000FT AMSL / 1000FT AGL ⁽¹⁾",
        "lateralLimits": "494801N0063129E- 494708N0063341E- 494203N0063405E- 494203N0063022E - along the German-Luxembourg border - 494801N 0063129E.",
        "restrictionOrHazard": "Glider activity.",
        "timeOfActivity": "HX. In VMC only⁽²⁾",
        "aipSource": "Belgium and Luxembourg AIP ENR 5.5",
        "aipPage": "ENR 5.5-4",
        "amendment": "AMDT 002/2025",
        "effectiveDate": "20-FEB-2025",
        "aipNotes": [
          "(1) 1000FT AGL or lower limit of class E airspace if higher (see AIP Germany).",
          "(2) HJ only. On request of the “Aero-Club Trier und Konz”. Activation can be checked with Luxembourg Radar on CH 120.885."
        ],
        "geometryNote": "Published border/coastline/river segments are represented by straight joins between their published anchor points.",
        "color": null,
        "colorNote": "No matching colour classification identified on the Brussels FIR Structure chart.",
        "areaType": "recreational",
        "footnoteReferences": {
          "verticalLimits": [
            1
          ],
          "lowerLimit": [
            1
          ],
          "timeOfActivity": [
            2
          ]
        }
      },
      "geometry": {
        "type": "Polygon",
        "coordinates": [
          [
            [
              6.5247222222222225,
              49.80027777777777
            ],
            [
              6.561388888888889,
              49.785555555555554
            ],
            [
              6.5680555555555555,
              49.700833333333335
            ],
            [
              6.506111111111111,
              49.700833333333335
            ],
            [
              6.5247222222222225,
              49.80027777777777
            ]
          ]
        ]
      }
    },
    {
      "type": "Feature",
      "id": "ENR5-5-KONZ-KONEN-GLIDER-SECTOR-SOUTH",
      "properties": {
        "id": "ENR5-5-KONZ-KONEN-GLIDER-SECTOR-SOUTH",
        "name": "KONZ / KÖNEN GLIDER SECTOR SOUTH",
        "chapter": "ENR 5.5",
        "upperLimit": "4000FT AMSL",
        "lowerLimit": "1000FT AGL ⁽¹⁾",
        "verticalLimits": "4000FT AMSL / 1000FT AGL ⁽¹⁾",
        "lateralLimits": "494203N0063022E- 494203N0063405E- 493212N0063453E- 493018N0063000E - 494203N 0063022E.",
        "restrictionOrHazard": "Glider activity.",
        "timeOfActivity": "HX. In VMC only⁽²⁾",
        "aipSource": "Belgium and Luxembourg AIP ENR 5.5",
        "aipPage": "ENR 5.5-4",
        "amendment": "AMDT 002/2025",
        "effectiveDate": "20-FEB-2025",
        "aipNotes": [
          "(1) 1000FT AGL or lower limit of class E airspace if higher (see AIP Germany).",
          "(2) HJ only. On request of the “Aero-Club Trier und Konz”. Activation can be checked with Luxembourg Radar on CH 120.885."
        ],
        "color": null,
        "colorNote": "No matching colour classification identified on the Brussels FIR Structure chart.",
        "areaType": "recreational",
        "footnoteReferences": {
          "verticalLimits": [
            1
          ],
          "lowerLimit": [
            1
          ],
          "timeOfActivity": [
            2
          ]
        }
      },
      "geometry": {
        "type": "Polygon",
        "coordinates": [
          [
            [
              6.506111111111111,
              49.700833333333335
            ],
            [
              6.5680555555555555,
              49.700833333333335
            ],
            [
              6.581388888888888,
              49.53666666666666
            ],
            [
              6.5,
              49.505
            ],
            [
              6.506111111111111,
              49.700833333333335
            ]
          ]
        ]
      }
    },
    {
      "type": "Feature",
      "id": "ENR5-5-KONZ-KONEN-AEROBATICS-SECTOR",
      "properties": {
        "id": "ENR5-5-KONZ-KONEN-AEROBATICS-SECTOR",
        "name": "KONZ / KÖNEN AEROBATICS SECTOR",
        "chapter": "ENR 5.5",
        "upperLimit": "5000FT AMSL",
        "lowerLimit": "1000FT AGL ⁽¹⁾",
        "verticalLimits": "5000FT AMSL / 1000FT AGL ⁽¹⁾",
        "lateralLimits": "494203N0063405E- 493900N0063420E- 493858N0063015E- 494203N0063022E - 494203N 0063405E.",
        "restrictionOrHazard": "Aerobatics.",
        "timeOfActivity": "HX. In VMC only⁽²⁾",
        "aipSource": "Belgium and Luxembourg AIP ENR 5.5",
        "aipPage": "ENR 5.5-4",
        "amendment": "AMDT 002/2025",
        "effectiveDate": "20-FEB-2025",
        "aipNotes": [
          "(1) 1000FT AGL or lower limit of class E airspace if higher (see AIP Germany).",
          "(2) HJ only. On request of the “Aero-Club Trier und Konz”. Activation can be checked with Luxembourg Radar on CH 120.885."
        ],
        "color": null,
        "colorNote": "No matching colour classification identified on the Brussels FIR Structure chart.",
        "areaType": "recreational",
        "footnoteReferences": {
          "verticalLimits": [
            1
          ],
          "lowerLimit": [
            1
          ],
          "timeOfActivity": [
            2
          ]
        }
      },
      "geometry": {
        "type": "Polygon",
        "coordinates": [
          [
            [
              6.5680555555555555,
              49.700833333333335
            ],
            [
              6.572222222222222,
              49.65
            ],
            [
              6.504166666666666,
              49.64944444444444
            ],
            [
              6.506111111111111,
              49.700833333333335
            ],
            [
              6.5680555555555555,
              49.700833333333335
            ]
          ]
        ]
      }
    },
    {
      "type": "Feature",
      "id": "ENR5-5-LEOPOLDSBURG",
      "properties": {
        "id": "ENR5-5-LEOPOLDSBURG",
        "name": "LEOPOLDSBURG",
        "chapter": "ENR 5.5",
        "upperLimit": "FL100",
        "lowerLimit": "GND",
        "verticalLimits": "FL100 / GND",
        "lateralLimits": "A circle, 3NM radius, centred on 510712N0051825E.",
        "restrictionOrHazard": "Parachuting.",
        "timeOfActivity": "SAT, SUN and HOL, HJ. In VMC only ⁽¹⁾",
        "aipSource": "Belgium and Luxembourg AIP ENR 5.5",
        "aipPage": "ENR 5.5-5",
        "amendment": "AMDT 002/2025",
        "effectiveDate": "20-FEB-2025",
        "aipNotes": [
          "(1) By arrangement with Brussels ACC and Brussels FIC. Operator: Post: Sanicole (Leopoldsburg) Kamperbaan 153 3940 Hechtel BELGIUM TEL: +32 (0) 11 34 27 39 Email: info@sanicole.be"
        ],
        "geometryNote": "Circle sampled every 5 degrees from the published centre and radius.",
        "color": null,
        "colorNote": "No matching colour classification identified on the Brussels FIR Structure chart.",
        "areaType": "recreational",
        "footnoteReferences": {
          "timeOfActivity": [
            1
          ]
        }
      },
      "geometry": {
        "type": "Polygon",
        "coordinates": [
          [
            [
              5.3069444444444445,
              51.16996623940854
            ],
            [
              5.313889805126063,
              51.1697758972625
            ],
            [
              5.320782136615696,
              51.16920632413576
            ],
            [
              5.327568818516772,
              51.16826186875864
            ],
            [
              5.33419804475256,
              51.166949741758515
            ],
            [
              5.340619222578467,
              51.16527996008797
            ],
            [
              5.346783361900378,
              51.16326526984749
            ],
            [
              5.352643451805252,
              51.1609210481187
            ],
            [
              5.3581548213257655,
              51.15826518459118
            ],
            [
              5.3632754816025345,
              51.15531794392463
            ],
            [
              5.367966446773557,
              51.15210180993966
            ],
            [
              5.372192031108889,
              51.14864131287141
            ],
            [
              5.375920120117065,
              51.14496284105038
            ],
            [
              5.3791224135758675,
              51.14109443849358
            ],
            [
              5.3817746386811,
              51.13706558999461
            ],
            [
              5.383856731760512,
              51.13290699539283
            ],
            [
              5.385352987263036,
              51.12865033478058
            ],
            [
              5.386252173003437,
              51.124328026469605
            ],
            [
              5.386547610916632,
              51.11997297958713
            ],
            [
              5.386237222851671,
              51.11561834320462
            ],
            [
              5.385323541210242,
              51.11129725392076
            ],
            [
              5.383813684506233,
              51.10704258382347
            ],
            [
              5.38171929818916,
              51.10288669074405
            ],
            [
              5.379056461333183,
              51.09886117269084
            ],
            [
              5.375845560043226,
              51.09499662830973
            ],
            [
              5.372111128668796,
              51.09132242516599
            ],
            [
              5.367881660143045,
              51.08786647757539
            ],
            [
              5.363189386978408,
              51.08465503563505
            ],
            [
              5.358070034649613,
              51.08171248701478
            ],
            [
              5.352562549279383,
              51.07906117296967
            ],
            [
              5.346708801710971,
              51.076721219925496
            ],
            [
              5.340553270204362,
              51.07471038786965
            ],
            [
              5.3341427041292,
              51.07304393665441
            ],
            [
              5.327525771146924,
              51.071734511185596
            ],
            [
              5.320752690477124,
              51.07079204633076
            ],
            [
              5.313874854928656,
              51.0702236922359
            ],
            [
              5.3069444444444445,
              51.070033760591464
            ],
            [
              5.300014033960234,
              51.0702236922359
            ],
            [
              5.293136198411766,
              51.07079204633076
            ],
            [
              5.286363117741965,
              51.071734511185596
            ],
            [
              5.279746184759689,
              51.07304393665441
            ],
            [
              5.273335618684528,
              51.07471038786965
            ],
            [
              5.267180087177918,
              51.076721219925496
            ],
            [
              5.261326339609506,
              51.07906117296967
            ],
            [
              5.255818854239277,
              51.08171248701478
            ],
            [
              5.250699501910482,
              51.08465503563505
            ],
            [
              5.246007228745844,
              51.08786647757539
            ],
            [
              5.241777760220093,
              51.09132242516599
            ],
            [
              5.238043328845663,
              51.09499662830973
            ],
            [
              5.234832427555706,
              51.09886117269084
            ],
            [
              5.232169590699729,
              51.10288669074405
            ],
            [
              5.230075204382656,
              51.10704258382347
            ],
            [
              5.228565347678648,
              51.11129725392076
            ],
            [
              5.227651666037218,
              51.11561834320462
            ],
            [
              5.227341277972257,
              51.11997297958713
            ],
            [
              5.227636715885453,
              51.124328026469605
            ],
            [
              5.228535901625853,
              51.12865033478058
            ],
            [
              5.2300321571283765,
              51.13290699539283
            ],
            [
              5.232114250207789,
              51.13706558999461
            ],
            [
              5.234766475313021,
              51.14109443849358
            ],
            [
              5.237968768771824,
              51.14496284105038
            ],
            [
              5.241696857780001,
              51.14864131287141
            ],
            [
              5.245922442115332,
              51.15210180993966
            ],
            [
              5.250613407286354,
              51.15531794392463
            ],
            [
              5.2557340675631234,
              51.15826518459118
            ],
            [
              5.261245437083636,
              51.1609210481187
            ],
            [
              5.267105526988511,
              51.16326526984749
            ],
            [
              5.273269666310423,
              51.16527996008797
            ],
            [
              5.27969084413633,
              51.166949741758515
            ],
            [
              5.286320070372118,
              51.16826186875864
            ],
            [
              5.293106752273194,
              51.16920632413576
            ],
            [
              5.299999083762826,
              51.1697758972625
            ],
            [
              5.3069444444444445,
              51.16996623940854
            ]
          ]
        ]
      }
    },
    {
      "type": "Feature",
      "id": "ENR5-5-MEEUWEN-GRUITRODE",
      "properties": {
        "id": "ENR5-5-MEEUWEN-GRUITRODE",
        "name": "MEEUWEN-GRUITRODE",
        "chapter": "ENR 5.5",
        "upperLimit": "FL150",
        "lowerLimit": "GND",
        "verticalLimits": "FL150 / GND",
        "lateralLimits": "A circle, 2NM radius, centred on 510212N0053121E.",
        "restrictionOrHazard": "Parachuting.",
        "timeOfActivity": "SAT, SUN and HOL, HJ. In VMC only",
        "aipSource": "Belgium and Luxembourg AIP ENR 5.5",
        "aipPage": "ENR 5.5-5",
        "amendment": "AMDT 002/2025",
        "effectiveDate": "20-FEB-2025",
        "aipNotes": [
          "Operator: Post: PCV Zwartberg Nieuwe Dijkstraat 77 3290 Diest BELGIUM TEL: +32 (0) 13 33 75 43 TEL: +32 (0) 474 75 61 52 Email: zwartberg@pcv.be"
        ],
        "geometryNote": "Circle sampled every 5 degrees from the published centre and radius.",
        "color": null,
        "colorNote": "No matching colour classification identified on the Brussels FIR Structure chart.",
        "areaType": "recreational"
      },
      "geometry": {
        "type": "Polygon",
        "coordinates": [
          [
            [
              5.5225,
              51.06997749293901
            ],
            [
              5.5271202367339445,
              51.06985064415745
            ],
            [
              5.531705235209702,
              51.069471065285285
            ],
            [
              5.536220027652834,
              51.068841651313825
            ],
            [
              5.540630185127564,
              51.067967202532536
            ],
            [
              5.544902081652376,
              51.066854387688984
            ],
            [
              5.549003152002352,
              51.065511692819285
            ],
            [
              5.55290214117859,
              51.063949356150964
            ],
            [
              5.55656934359643,
              51.062179289589565
            ],
            [
              5.559976830132006,
              51.06021498740461
            ],
            [
              5.563098661269766,
              51.05807142282993
            ],
            [
              5.565911084711033,
              51.05576493338675
            ],
            [
              5.568392715934061,
              51.053313095824116
            ],
            [
              5.570524700338141,
              51.05073459165075
            ],
            [
              5.572290855756511,
              51.04804906430262
            ],
            [
              5.573677794283733,
              51.04527696905338
            ],
            [
              5.574675022531168,
              51.0424394168279
            ],
            [
              5.575275019597584,
              51.039558013122885
            ],
            [
              5.575473292219301,
              51.0366546932731
            ],
            [
              5.57526840674385,
              51.0337515553259
            ],
            [
              5.574661997751511,
              51.03087069180165
            ],
            [
              5.5736587533287345,
              51.02803402162204
            ],
            [
              5.572266377174932,
              51.02526312348331
            ],
            [
              5.570495527898137,
              51.02257907193682
            ],
            [
              5.568359736024299,
              51.020002277414825
            ],
            [
              5.565875299408361,
              51.01755233140646
            ],
            [
              5.563061157891743,
              51.015247857946626
            ],
            [
              5.559938748199389,
              51.01310637252976
            ],
            [
              5.556531840209474,
              51.01114414950295
            ],
            [
              5.552866355859132,
              51.00937609892583
            ],
            [
              5.548970172069973,
              51.00781565381321
            ],
            [
              5.544872909186653,
              51.00647466859664
            ],
            [
              5.540605706520266,
              51.005363329556594
            ],
            [
              5.536200986675216,
              51.00449007788758
            ],
            [
              5.531692210413257,
              51.00386154596342
            ],
            [
              5.527113623871278,
              51.003482507272956
            ],
            [
              5.5225,
              51.003355840394306
            ],
            [
              5.517886376128722,
              51.003482507272956
            ],
            [
              5.513307789586743,
              51.00386154596342
            ],
            [
              5.508799013324784,
              51.00449007788758
            ],
            [
              5.504394293479734,
              51.005363329556594
            ],
            [
              5.500127090813348,
              51.00647466859664
            ],
            [
              5.496029827930027,
              51.00781565381321
            ],
            [
              5.492133644140868,
              51.00937609892583
            ],
            [
              5.488468159790526,
              51.01114414950295
            ],
            [
              5.4850612518006105,
              51.01310637252976
            ],
            [
              5.481938842108258,
              51.015247857946626
            ],
            [
              5.479124700591639,
              51.01755233140646
            ],
            [
              5.476640263975701,
              51.020002277414825
            ],
            [
              5.474504472101863,
              51.02257907193682
            ],
            [
              5.472733622825068,
              51.02526312348331
            ],
            [
              5.471341246671265,
              51.02803402162204
            ],
            [
              5.470338002248489,
              51.03087069180165
            ],
            [
              5.46973159325615,
              51.0337515553259
            ],
            [
              5.469526707780699,
              51.0366546932731
            ],
            [
              5.4697249804024155,
              51.039558013122885
            ],
            [
              5.470324977468832,
              51.0424394168279
            ],
            [
              5.471322205716267,
              51.04527696905338
            ],
            [
              5.472709144243489,
              51.04804906430262
            ],
            [
              5.474475299661859,
              51.05073459165075
            ],
            [
              5.476607284065939,
              51.053313095824116
            ],
            [
              5.479088915288967,
              51.05576493338675
            ],
            [
              5.481901338730234,
              51.05807142282993
            ],
            [
              5.485023169867994,
              51.06021498740461
            ],
            [
              5.48843065640357,
              51.062179289589565
            ],
            [
              5.49209785882141,
              51.063949356150964
            ],
            [
              5.495996847997648,
              51.065511692819285
            ],
            [
              5.500097918347624,
              51.066854387688984
            ],
            [
              5.504369814872436,
              51.067967202532536
            ],
            [
              5.508779972347166,
              51.068841651313825
            ],
            [
              5.513294764790298,
              51.069471065285285
            ],
            [
              5.5178797632660554,
              51.06985064415745
            ],
            [
              5.5225,
              51.06997749293901
            ]
          ]
        ]
      }
    },
    {
      "type": "Feature",
      "id": "ENR5-5-MICHELAU",
      "properties": {
        "id": "ENR5-5-MICHELAU",
        "name": "MICHELAU",
        "chapter": "ENR 5.5",
        "upperLimit": "FL050",
        "lowerLimit": "3500FTAMSL",
        "verticalLimits": "FL050 / 3500FTAMSL",
        "lateralLimits": "500336N 0060645E - 495635N 0055817E - 495326N 0060551E - 495426N 0061353E - along the German- Luxembourg border - 500336N 0060645E.",
        "restrictionOrHazard": "Paragliding. ⁽²⁾",
        "timeOfActivity": "HX⁽³⁾⁽⁴⁾",
        "aipSource": "Belgium and Luxembourg AIP ENR 5.5",
        "aipPage": "ENR 5.5-5",
        "amendment": "AMDT 002/2025",
        "effectiveDate": "20-FEB-2025",
        "aipNotes": [
          "(1) Non-public sector. All other VFR traffic shall contact Luxembourg Radar on CH 120.885.",
          "(2) No traffic information on individual paraglider flights will be issued by ATC.",
          "(3) HJ only. On request of the \"Cumulux Paragliding Club\". Activation can be checked with Luxembourg Radar on CH 120.885.",
          "(4) Any conflicting areas announced by NOTAM are excluded for paragliding during activation."
        ],
        "geometryNote": "Published border/coastline/river segments are represented by straight joins between their published anchor points.",
        "color": null,
        "colorNote": "No matching colour classification identified on the Brussels FIR Structure chart.",
        "areaType": "recreational",
        "footnoteReferences": {
          "restrictionOrHazard": [
            2
          ],
          "timeOfActivity": [
            3,
            4
          ]
        }
      },
      "geometry": {
        "type": "Polygon",
        "coordinates": [
          [
            [
              6.1125,
              50.059999999999995
            ],
            [
              5.971388888888889,
              49.94305555555555
            ],
            [
              6.0975,
              49.89055555555556
            ],
            [
              6.231388888888889,
              49.907222222222224
            ],
            [
              6.1125,
              50.059999999999995
            ]
          ]
        ]
      }
    },
    {
      "type": "Feature",
      "id": "ENR5-5-MOORSELE",
      "properties": {
        "id": "ENR5-5-MOORSELE",
        "name": "MOORSELE",
        "chapter": "ENR 5.5",
        "upperLimit": "FL150",
        "lowerLimit": "GND",
        "verticalLimits": "FL150 / GND",
        "lateralLimits": "A circle, 2NM radius, centred on 505110N0030850E.",
        "restrictionOrHazard": "Parachuting.",
        "timeOfActivity": "SAT, SUN, public- and school HOL, 0800-2000 (0700-1900) or SS (whatever comes first). On FRI 1500-2000 (1400- 1900) or SS (whatever comes first). On WED from 01 MAY to 30 JUN and from 01 to 30 SEP, 1300-SS + 30MIN.",
        "aipSource": "Belgium and Luxembourg AIP ENR 5.5",
        "aipPage": "ENR 5.5-6",
        "amendment": "AMDT 002/2025",
        "effectiveDate": "20-FEB-2025",
        "aipNotes": [
          "Operator: Post: PCV Moorsele Nieuwe Dijkstraat 77 3290 Diest BELGIUM TEL: +32 (0) 13 33 75 43 TEL: +32 (0) 474 75 61 52 Email: moorsele@pcv.be"
        ],
        "geometryNote": "Circle sampled every 5 degrees from the published centre and radius.",
        "color": null,
        "colorNote": "No matching colour classification identified on the Brussels FIR Structure chart.",
        "areaType": "recreational"
      },
      "geometry": {
        "type": "Polygon",
        "coordinates": [
          [
            [
              3.147222222222222,
              50.88608860405014
            ],
            [
              3.151824197863853,
              50.88596175586408
            ],
            [
              3.156391075015404,
              50.8855821787603
            ],
            [
              3.1608880245827224,
              50.88495276767628
            ],
            [
              3.165280754143685,
              50.88407832281356
            ],
            [
              3.1695357710029377,
              50.88296551280039
            ],
            [
              3.1736206389600614,
              50.881622823525845
            ],
            [
              3.1775042267799796,
              50.88006049304715
            ],
            [
              3.1811569464254665,
              50.87829043308148
            ],
            [
              3.184550979198961,
              50.87632613769767
            ],
            [
              3.187660488043529,
              50.874182579922625
            ],
            [
              3.190461814369656,
              50.871876097070746
            ],
            [
              3.192933657904361,
              50.86942426569068
            ],
            [
              3.195057238200488,
              50.8668457671032
            ],
            [
              3.1968164365955927,
              50.86416024457454
            ],
            [
              3.1981979175699644,
              50.861388153232
            ],
            [
              3.199191228620554,
              50.85855060388181
            ],
            [
              3.1997888779402426,
              50.855669201933516
            ],
            [
              3.1999863893684366,
              50.85276588266867
            ],
            [
              3.199782334257833,
              50.84986274411711
            ],
            [
              3.1991783400818186,
              50.846981878817765
            ],
            [
              3.198179075785889,
              50.844145205746464
            ],
            [
              3.196792214063252,
              50.84137430368748
            ],
            [
              3.195028370908133,
              50.83869024731138
            ],
            [
              3.192901022968925,
              50.83611344719725
            ],
            [
              3.1904264033861387,
              50.8336634950041
            ],
            [
              3.1876233769560036,
              50.83135901495467
            ],
            [
              3.184513295608648,
              50.82921752274349
            ],
            [
              3.1811198353291887,
              50.82725529292386
            ],
            [
              3.1774688157800135,
              50.82548723576155
            ],
            [
              3.1735880040024638,
              50.82392678447119
            ],
            [
              3.1695069036853813,
              50.822585793671706
            ],
            [
              3.165256531586143,
              50.82147444981295
            ],
            [
              3.160869182776485,
              50.820601194235515
            ],
            [
              3.1563781864602194,
              50.81997265943179
            ],
            [
              3.151817654172691,
              50.81959361897789
            ],
            [
              3.147222222222222,
              50.819466951505426
            ],
            [
              3.1426267902717537,
              50.81959361897789
            ],
            [
              3.138066257984225,
              50.81997265943179
            ],
            [
              3.1335752616679593,
              50.820601194235515
            ],
            [
              3.1291879128583013,
              50.82147444981295
            ],
            [
              3.1249375407590634,
              50.822585793671706
            ],
            [
              3.1208564404419805,
              50.82392678447119
            ],
            [
              3.116975628664431,
              50.82548723576155
            ],
            [
              3.1133246091152555,
              50.82725529292386
            ],
            [
              3.109931148835796,
              50.82921752274349
            ],
            [
              3.106821067488441,
              50.83135901495467
            ],
            [
              3.104018041058306,
              50.8336634950041
            ],
            [
              3.1015434214755198,
              50.83611344719725
            ],
            [
              3.099416073536312,
              50.83869024731138
            ],
            [
              3.097652230381193,
              50.84137430368748
            ],
            [
              3.096265368658556,
              50.844145205746464
            ],
            [
              3.095266104362626,
              50.846981878817765
            ],
            [
              3.094662110186612,
              50.84986274411711
            ],
            [
              3.0944580550760077,
              50.85276588266867
            ],
            [
              3.094655566504202,
              50.855669201933516
            ],
            [
              3.0952532158238903,
              50.85855060388181
            ],
            [
              3.09624652687448,
              50.861388153232
            ],
            [
              3.0976280078488516,
              50.86416024457454
            ],
            [
              3.0993872062439562,
              50.8668457671032
            ],
            [
              3.1015107865400835,
              50.86942426569068
            ],
            [
              3.1039826300747886,
              50.871876097070746
            ],
            [
              3.106783956400916,
              50.874182579922625
            ],
            [
              3.1098934652454835,
              50.87632613769767
            ],
            [
              3.113287498018978,
              50.87829043308148
            ],
            [
              3.1169402176644647,
              50.88006049304715
            ],
            [
              3.120823805484383,
              50.881622823525845
            ],
            [
              3.124908673441507,
              50.88296551280039
            ],
            [
              3.1291636903007594,
              50.88407832281356
            ],
            [
              3.1335564198617223,
              50.88495276767628
            ],
            [
              3.1380533694290405,
              50.8855821787603
            ],
            [
              3.142620246580592,
              50.88596175586408
            ],
            [
              3.147222222222222,
              50.88608860405014
            ]
          ]
        ]
      }
    },
    {
      "type": "Feature",
      "id": "ENR5-5-NAMUR-AREA-ONE",
      "properties": {
        "id": "ENR5-5-NAMUR-AREA-ONE",
        "name": "NAMUR AREA ONE",
        "chapter": "ENR 5.5",
        "upperLimit": "FL135",
        "lowerLimit": "GND",
        "verticalLimits": "FL135 / GND",
        "lateralLimits": "A circle, 2NM radius, centred on 502917N0044626E.",
        "restrictionOrHazard": "Parachuting.",
        "timeOfActivity": "FRI BTN 1500 and SS, outside MIL activities. SAT, SUN and HOL, HJ. In VMC only ⁽¹⁾",
        "aipSource": "Belgium and Luxembourg AIP ENR 5.5",
        "aipPage": "ENR 5.5-6",
        "amendment": "AMDT 002/2025",
        "effectiveDate": "20-FEB-2025",
        "aipNotes": [
          "(1) Permission for dropping shall be obtained from Charleroi ATC by TEL. MET OBS of EBCI is taken into consideration only. Continuous listening watch is compulsory as dropping may be suspended for traffic reasons. Operator: Post: CERPS Namur Rue Capitaine Aviateur Jacquet 44 5020 Suarlée BELGIUM TEL: +32 (0) 475 82 44 53 Email: info@paraclubnamur.com"
        ],
        "geometryNote": "Circle sampled every 5 degrees from the published centre and radius.",
        "color": null,
        "colorNote": "No matching colour classification identified on the Brussels FIR Structure chart.",
        "areaType": "recreational",
        "footnoteReferences": {
          "timeOfActivity": [
            1
          ]
        }
      },
      "geometry": {
        "type": "Polygon",
        "coordinates": [
          [
            [
              4.773888888888889,
              50.52136638182791
            ],
            [
              4.778455207788993,
              50.52123953480919
            ],
            [
              4.782986701103698,
              50.520859961171865
            ],
            [
              4.787448810519728,
              50.52023055574788
            ],
            [
              4.791807510165829,
              50.51935611856641
            ],
            [
              4.79602956759632,
              50.518243318021916
            ],
            [
              4.800082798540163,
              50.5169006397152
            ],
            [
              4.803936313420897,
              50.51533832136966
            ],
            [
              4.807560753723166,
              50.5135682743332
            ],
            [
              4.810928516368041,
              50.511603992281266
            ],
            [
              4.814013964361047,
              50.509460447835174
            ],
            [
              4.816793622092492,
              50.507153977903926
            ],
            [
              4.819246353798327,
              50.5047021586433
            ],
            [
              4.82135352382982,
              50.50212367100566
            ],
            [
              4.823099137530491,
              50.49943815792451
            ],
            [
              4.8244699616774875,
              50.49666607424017
            ],
            [
              4.825455623610284,
              50.49382853052646
            ],
            [
              4.8260486883408,
              50.49094713202194
            ],
            [
              4.8262447131140815,
              50.488043813903936
            ],
            [
              4.826042279066044,
              50.48514067416785
            ],
            [
              4.825442999802965,
              50.482259805389056
            ],
            [
              4.824451506904888,
              50.47942312664945
            ],
            [
              4.823075412530578,
              50.47665221690589
            ],
            [
              4.821325249473618,
              50.47396815106264
            ],
            [
              4.81921438918675,
              50.47139133998653
            ],
            [
              4.816758938453127,
              50.468941375669665
            ],
            [
              4.813977615538013,
              50.46663688270293
            ],
            [
              4.810891606801554,
              50.464495377173094
            ],
            [
              4.8075244048917245,
              50.46253313403771
            ],
            [
              4.803901629765732,
              50.46076506396667
            ],
            [
              4.800050833907297,
              50.459204600566245
            ],
            [
              4.796001293215909,
              50.45786359882274
            ],
            [
              4.791783785141707,
              50.45675224551793
            ],
            [
              4.78743035572584,
              50.45587898227892
            ],
            [
              4.782974077280578,
              50.45525044183041
            ],
            [
              4.77844879850583,
              50.4548713979197
            ],
            [
              4.773888888888889,
              50.4547447292832
            ],
            [
              4.769328979271949,
              50.4548713979197
            ],
            [
              4.7648037004972,
              50.45525044183041
            ],
            [
              4.760347422051938,
              50.45587898227892
            ],
            [
              4.755993992636071,
              50.45675224551793
            ],
            [
              4.751776484561869,
              50.45786359882274
            ],
            [
              4.747726943870481,
              50.459204600566245
            ],
            [
              4.743876148012047,
              50.46076506396667
            ],
            [
              4.740253372886054,
              50.46253313403771
            ],
            [
              4.736886170976225,
              50.464495377173094
            ],
            [
              4.733800162239765,
              50.46663688270293
            ],
            [
              4.731018839324651,
              50.468941375669665
            ],
            [
              4.728563388591029,
              50.47139133998653
            ],
            [
              4.726452528304161,
              50.47396815106264
            ],
            [
              4.724702365247201,
              50.47665221690589
            ],
            [
              4.7233262708728905,
              50.47942312664945
            ],
            [
              4.722334777974814,
              50.482259805389056
            ],
            [
              4.721735498711735,
              50.48514067416785
            ],
            [
              4.7215330646636975,
              50.488043813903936
            ],
            [
              4.7217290894369786,
              50.49094713202194
            ],
            [
              4.722322154167495,
              50.49382853052646
            ],
            [
              4.723307816100291,
              50.49666607424017
            ],
            [
              4.724678640247287,
              50.49943815792451
            ],
            [
              4.726424253947958,
              50.50212367100566
            ],
            [
              4.728531423979451,
              50.5047021586433
            ],
            [
              4.730984155685287,
              50.507153977903926
            ],
            [
              4.733763813416732,
              50.509460447835174
            ],
            [
              4.736849261409737,
              50.511603992281266
            ],
            [
              4.740217024054612,
              50.5135682743332
            ],
            [
              4.743841464356881,
              50.51533832136966
            ],
            [
              4.747694979237616,
              50.5169006397152
            ],
            [
              4.751748210181458,
              50.518243318021916
            ],
            [
              4.755970267611949,
              50.51935611856641
            ],
            [
              4.76032896725805,
              50.52023055574788
            ],
            [
              4.76479107667408,
              50.520859961171865
            ],
            [
              4.769322569988786,
              50.52123953480919
            ],
            [
              4.773888888888889,
              50.52136638182791
            ]
          ]
        ]
      }
    },
    {
      "type": "Feature",
      "id": "ENR5-5-NAMUR-AREA-TWO",
      "properties": {
        "id": "ENR5-5-NAMUR-AREA-TWO",
        "name": "NAMUR AREA TWO",
        "chapter": "ENR 5.5",
        "upperLimit": "2500FTAMSL",
        "lowerLimit": "GND ⁽¹⁾",
        "verticalLimits": "2500FTAMSL / GND ⁽¹⁾",
        "lateralLimits": "502928N 0044201E - 503121N 0045022E - 502320N 0045219E - 502147N 0044008E - 502259N 0044043E - 502332N 0044040E - 502428N 0044015E - 502437N 0044006E - an arc of circle, 5.5NM radius, centred on 502817N 0043335E and traced counterclockwise to 502928N 0044201E.",
        "restrictionOrHazard": "Glider activity. Glider towing. Glider winching up to 2000 FT AMSL.",
        "timeOfActivity": "MON to THU, 0800-1900 (0700-1800). FRI to SUN and HOL, 0800 (0700)- SS. In VMC only ⁽²⁾",
        "aipSource": "Belgium and Luxembourg AIP ENR 5.5",
        "aipPage": "ENR 5.5-6",
        "amendment": "AMDT 002/2025",
        "effectiveDate": "20-FEB-2025",
        "aipNotes": [
          "(1) For operational reasons, highest suitable altitude for glider activity is 2000FT AMSL.",
          "(2) MET OBS of EBCI is taken into consideration only."
        ],
        "geometryNote": "Published circular arcs are geodesically sampled at maximum 3 degrees.",
        "color": null,
        "colorNote": "No matching colour classification identified on the Brussels FIR Structure chart.",
        "areaType": "recreational",
        "footnoteReferences": {
          "verticalLimits": [
            1
          ],
          "lowerLimit": [
            1
          ],
          "timeOfActivity": [
            2
          ]
        }
      },
      "geometry": {
        "type": "Polygon",
        "coordinates": [
          [
            [
              4.700277777777778,
              50.49111111111111
            ],
            [
              4.839444444444444,
              50.5225
            ],
            [
              4.871944444444445,
              50.388888888888886
            ],
            [
              4.6688888888888895,
              50.363055555555555
            ],
            [
              4.6786111111111115,
              50.38305555555556
            ],
            [
              4.677777777777778,
              50.39222222222222
            ],
            [
              4.670833333333333,
              50.407777777777774
            ],
            [
              4.668333333333334,
              50.41027777777778
            ],
            [
              4.673199727280892,
              50.41397281974488
            ],
            [
              4.677757282077858,
              50.417824654467324
            ],
            [
              4.681993515692259,
              50.421822797546795
            ],
            [
              4.685896811864748,
              50.42595636364835
            ],
            [
              4.689456452319297,
              50.430214095845024
            ],
            [
              4.692662646645735,
              50.434584395995515
            ],
            [
              4.695506559766143,
              50.43905535607587
            ],
            [
              4.697980336902422,
              50.44361479038343
            ],
            [
              4.700077125967948,
              50.44825026852875
            ],
            [
              4.701791097312175,
              50.452949149128365
            ],
            [
              4.703117460753217,
              50.457698614109376
            ],
            [
              4.704052479839971,
              50.462485703534824
            ],
            [
              4.704593483292126,
              50.46729735085647
            ],
            [
              4.704738873573455,
              50.472120418500594
            ],
            [
              4.704488132561129,
              50.47694173369082
            ],
            [
              4.703841824281368,
              50.481748124410764
            ],
            [
              4.702801594689554,
              50.486526455408466
            ],
            [
              4.701370168480965,
              50.491263664144434
            ],
            [
              4.700277777777778,
              50.49111111111111
            ]
          ]
        ]
      }
    },
    {
      "type": "Feature",
      "id": "ENR5-5-NOERTRANGE",
      "properties": {
        "id": "ENR5-5-NOERTRANGE",
        "name": "NOERTRANGE",
        "chapter": "ENR 5.5",
        "upperLimit": "FL145",
        "lowerLimit": "GND ⁽¹⁾",
        "verticalLimits": "FL145 / GND ⁽¹⁾",
        "lateralLimits": "A circle, 2NM radius, centred on 495847N0055456E.",
        "restrictionOrHazard": "Parachuting.",
        "timeOfActivity": "HJ. In VMC only ⁽²⁾",
        "aipSource": "Belgium and Luxembourg AIP ENR 5.5",
        "aipPage": "ENR 5.5-6",
        "amendment": "AMDT 002/2025",
        "effectiveDate": "20-FEB-2025",
        "aipNotes": [
          "(1) Release between 3500FTAMSL and FL145 subject to approval from Luxembourg Radar.",
          "(2) SSR Mode A/C compulsory. Permission for dropping shall be obtained from Luxembourg Radar (CH 120.885). Continuous listening watch is compulsory as dropping may be suspended for traffic reasons."
        ],
        "geometryNote": "Circle sampled every 5 degrees from the published centre and radius.",
        "color": null,
        "colorNote": "No matching colour classification identified on the Brussels FIR Structure chart.",
        "areaType": "recreational",
        "footnoteReferences": {
          "verticalLimits": [
            1
          ],
          "lowerLimit": [
            1
          ],
          "timeOfActivity": [
            2
          ]
        }
      },
      "geometry": {
        "type": "Polygon",
        "coordinates": [
          [
            [
              5.915555555555556,
              50.01303304849458
            ],
            [
              5.920073392013557,
              50.01290620307307
            ],
            [
              5.92455677393855,
              50.01252663417878
            ],
            [
              5.9289715111825165,
              50.01189723649921
            ],
            [
              5.933283940289127,
              50.01102280982778
            ],
            [
              5.937461182661637,
              50.00991002223897
            ],
            [
              5.94147139656709,
              50.0085673589392
            ],
            [
              5.945284021004623,
              50.007005057195116
            ],
            [
              5.948870009535133,
              50.005235027849416
            ],
            [
              5.952202052254965,
              50.003270764039215
            ],
            [
              5.955254784196552,
              50.00112723783095
            ],
            [
              5.958004978553246,
              49.99882078557887
            ],
            [
              5.960431723252476,
              49.99636898290124
            ],
            [
              5.962516579539706,
              49.993790510246306
            ],
            [
              5.964243721383958,
              49.99110501009231
            ],
            [
              5.965600054672404,
              49.98833293688694
            ],
            [
              5.966575315325315,
              49.98549540088591
            ],
            [
              5.967162145631764,
              49.982614007093865
            ],
            [
              5.967356148279536,
              49.97971069054548
            ],
            [
              5.967155917728044,
              49.97680754918903
            ],
            [
              5.966563048749219,
              49.97392667564968
            ],
            [
              5.965582122136964,
              49.97108998915452
            ],
            [
              5.964220667759282,
              49.96831906889647
            ],
            [
              5.9624891052974816,
              49.96563499009959
            ],
            [
              5.960400663182615,
              49.96305816402441
            ],
            [
              5.9579712763993475,
              49.96060818311876
            ],
            [
              5.955219463980833,
              49.95830367247734
            ],
            [
              5.9521661871639475,
              49.95616214872358
            ],
            [
              5.948834689311461,
              49.954199887368176
            ],
            [
              5.945250318835777,
              49.952431799633985
            ],
            [
              5.941440336477092,
              49.950871319663186
            ],
            [
              5.937433708396511,
              49.94953030294479
            ],
            [
              5.93326088664155,
              49.948418936714795
            ],
            [
              5.928953578626939,
              49.94754566299228
            ],
            [
              5.924544507347505,
              49.9469171148199
            ],
            [
              5.920067164101884,
              49.94653806617916
            ],
            [
              5.915555555555556,
              49.94641139594987
            ],
            [
              5.911043947009227,
              49.94653806617916
            ],
            [
              5.906566603763605,
              49.9469171148199
            ],
            [
              5.902157532484171,
              49.94754566299228
            ],
            [
              5.89785022446956,
              49.948418936714795
            ],
            [
              5.893677402714601,
              49.94953030294479
            ],
            [
              5.88967077463402,
              49.950871319663186
            ],
            [
              5.885860792275334,
              49.952431799633985
            ],
            [
              5.8822764217996495,
              49.954199887368176
            ],
            [
              5.878944923947163,
              49.95616214872358
            ],
            [
              5.8758916471302785,
              49.95830367247734
            ],
            [
              5.873139834711763,
              49.96060818311876
            ],
            [
              5.870710447928495,
              49.96305816402441
            ],
            [
              5.86862200581363,
              49.96563499009959
            ],
            [
              5.86689044335183,
              49.96831906889647
            ],
            [
              5.865528988974146,
              49.97108998915452
            ],
            [
              5.864548062361893,
              49.97392667564968
            ],
            [
              5.863955193383067,
              49.97680754918903
            ],
            [
              5.863754962831575,
              49.97971069054548
            ],
            [
              5.863948965479347,
              49.982614007093865
            ],
            [
              5.864535795785796,
              49.98549540088591
            ],
            [
              5.865511056438707,
              49.98833293688694
            ],
            [
              5.866867389727153,
              49.99110501009231
            ],
            [
              5.8685945315714045,
              49.993790510246306
            ],
            [
              5.870679387858634,
              49.99636898290124
            ],
            [
              5.873106132557864,
              49.99882078557887
            ],
            [
              5.875856326914558,
              50.00112723783095
            ],
            [
              5.878909058856146,
              50.003270764039215
            ],
            [
              5.8822411015759775,
              50.005235027849416
            ],
            [
              5.885827090106488,
              50.007005057195116
            ],
            [
              5.889639714544021,
              50.0085673589392
            ],
            [
              5.8936499284494746,
              50.00991002223897
            ],
            [
              5.897827170821984,
              50.01102280982778
            ],
            [
              5.902139599928594,
              50.01189723649921
            ],
            [
              5.906554337172562,
              50.01252663417878
            ],
            [
              5.911037719097553,
              50.01290620307307
            ],
            [
              5.915555555555556,
              50.01303304849458
            ]
          ]
        ]
      }
    },
    {
      "type": "Feature",
      "id": "ENR5-5-RIPPWEILER",
      "properties": {
        "id": "ENR5-5-RIPPWEILER",
        "name": "RIPPWEILER",
        "chapter": "ENR 5.5",
        "upperLimit": "FL070",
        "lowerLimit": "2500FTAMSL ⁽¹⁾",
        "verticalLimits": "FL070 / 2500FTAMSL ⁽¹⁾",
        "lateralLimits": "494532N0055753E- 494506N0055723E- 494601N0055521E- 494628N0055548E- 494532N0055753E.",
        "restrictionOrHazard": "Aerobatic sector for gliders.",
        "timeOfActivity": "HX. In VMC only",
        "aipSource": "Belgium and Luxembourg AIP ENR 5.5",
        "aipPage": "ENR 5.5-7",
        "amendment": "AMDT 002/2025",
        "effectiveDate": "20-FEB-2025",
        "aipNotes": [
          "(1) Release between 2500FT AMSL and FL070 subject to approval from Luxembourg Radar (CH 120.885)."
        ],
        "color": null,
        "colorNote": "No matching colour classification identified on the Brussels FIR Structure chart.",
        "areaType": "recreational",
        "footnoteReferences": {
          "verticalLimits": [
            1
          ],
          "lowerLimit": [
            1
          ]
        }
      },
      "geometry": {
        "type": "Polygon",
        "coordinates": [
          [
            [
              5.964722222222222,
              49.75888888888889
            ],
            [
              5.956388888888889,
              49.751666666666665
            ],
            [
              5.9225,
              49.76694444444444
            ],
            [
              5.930000000000001,
              49.77444444444444
            ],
            [
              5.964722222222222,
              49.75888888888889
            ]
          ]
        ]
      }
    },
    {
      "type": "Feature",
      "id": "ENR5-5-SAINT-GHISLAIN",
      "properties": {
        "id": "ENR5-5-SAINT-GHISLAIN",
        "name": "SAINT-GHISLAIN",
        "chapter": "ENR 5.5",
        "upperLimit": "4500 FT AMSL ⁽¹⁾",
        "lowerLimit": "GND",
        "verticalLimits": "4500 FT AMSL ⁽¹⁾ / GND",
        "lateralLimits": "502758N 0035215E then a clockwise arc radius 2 NM centered on 502727N 0034913E - 502924N 0034829E - 502758N 0035215E.",
        "restrictionOrHazard": "Parachuting.",
        "timeOfActivity": "During EBSG OPR HR. In VMC only.⁽²⁾⁽³⁾",
        "aipSource": "Belgium and Luxembourg AIP ENR 5.5",
        "aipPage": "ENR 5.5-7",
        "amendment": "AMDT 002/2025",
        "effectiveDate": "20-FEB-2025",
        "aipNotes": [
          "(1) Upper limit FL 055 outside MIL OPR HR.",
          "(2) OPR HR can be checked with Brussels FIC.",
          "(3) Activation announced by NOTAM. Operator: Post: SKYDIVE2FLY Rue des 4 fils Aymon 0/P006 5000 Namur BELGIUM TEL: +32 (0) 475 27 89 12 (P.Marien)"
        ],
        "color": null,
        "colorNote": "No matching colour classification identified on the Brussels FIR Structure chart.",
        "areaType": "recreational",
        "footnoteReferences": {
          "verticalLimits": [
            1
          ],
          "upperLimit": [
            1
          ],
          "timeOfActivity": [
            2,
            3
          ]
        }
      },
      "geometry": {
        "type": "Polygon",
        "coordinates": [
          [
            [
              3.8708333333333336,
              50.46611111111111
            ],
            [
              3.871468088115577,
              50.4644239308561
            ],
            [
              3.8719639657316223,
              50.462718002164436
            ],
            [
              3.8723196360473278,
              50.46099795289783
            ],
            [
              3.872534149637133,
              50.45926844871778
            ],
            [
              3.8726069401951464,
              50.45753418041956
            ],
            [
              3.872537825903732,
              50.45579985120355
            ],
            [
              3.872327009757711,
              50.4540701639185
            ],
            [
              3.8719750788451153,
              50.45234980831134
            ],
            [
              3.871483002588283,
              50.450643448318104
            ],
            [
              3.870852129951865,
              50.44895570943031
            ],
            [
              3.870084185627081,
              50.447291166170864
            ],
            [
              3.8691812652042756,
              50.44565432971344
            ],
            [
              3.8681458293484874,
              50.44404963567833
            ],
            [
              3.866980696995353,
              50.44248143213776
            ],
            [
              3.8656890375872153,
              50.44095396786281
            ],
            [
              3.864274362371771,
              50.43947138084332
            ],
            [
              3.8627405147879967,
              50.43803768711156
            ],
            [
              3.861091659966422,
              50.43665676989933
            ],
            [
              3.859332273373038,
              50.43533236915755
            ],
            [
              3.857467128628299,
              50.43406807146621
            ],
            [
              3.8555012845347147,
              50.43286730036124
            ],
            [
              3.853440071348503,
              50.43173330710428
            ],
            [
              3.851289076332631,
              50.43066916191963
            ],
            [
              3.8490541286303284,
              50.429677745721555
            ],
            [
              3.846741283499825,
              50.42876174235385
            ],
            [
              3.844356805952599,
              50.42792363136218
            ],
            [
              3.8419071538388665,
              50.42716568131818
            ],
            [
              3.8393989604253647,
              50.42648994371293
            ],
            [
              3.836839016511715,
              50.42589824743594
            ],
            [
              3.8342342521327097,
              50.425392193853945
            ],
            [
              3.8315917178948995,
              50.42497315250286
            ],
            [
              3.828918565996676,
              50.42464225740368
            ],
            [
              3.8262220309818233,
              50.42440040401242
            ],
            [
              3.823509410277124,
              50.42424824681187
            ],
            [
              3.8207880445651177,
              50.424186197551656
            ],
            [
              3.818065298043483,
              50.42421442414087
            ],
            [
              3.815348538622811,
              50.42433285019674
            ],
            [
              3.81264511811464,
              50.424541155249855
            ],
            [
              3.8099623524616804,
              50.424838775606055
            ],
            [
              3.807307502062041,
              50.42522490586218
            ],
            [
              3.8046877522390483,
              50.425698501072056
            ],
            [
              3.8021101939079234,
              50.426258279557
            ],
            [
              3.7995818044900944,
              50.42690272635316
            ],
            [
              3.7971094291253733,
              50.4276300972872
            ],
            [
              3.7946997622314895,
              50.42843842366898
            ],
            [
              3.7923593294596785,
              50.42932551758957
            ],
            [
              3.7900944700940773,
              50.430288977810065
            ],
            [
              3.7879113199416112,
              50.43132619622613
            ],
            [
              3.7858157947579123,
              50.43243436489108
            ],
            [
              3.7838135742534966,
              50.43361048357899
            ],
            [
              3.7819100867230486,
              50.43485136786783
            ],
            [
              3.7801104943391524,
              50.43615365772154
            ],
            [
              3.77841967915019,
              50.43751382654793
            ],
            [
              3.7768422298203963,
              50.43892819070874
            ],
            [
              3.7753824291482676,
              50.440392919456606
            ],
            [
              3.7740442423975518,
              50.441904045272366
            ],
            [
              3.772831306473063,
              50.44345747457548
            ],
            [
              3.771746919971437,
              50.44504899877883
            ],
            [
              3.770794034134726,
              50.446674305658526
            ],
            [
              3.769975244732464,
              50.44832899100837
            ],
            [
              3.76929278489544,
              50.450008570547745
            ],
            [
              3.7687485189219903,
              50.45170849205101
            ],
            [
              3.7683439370750897,
              50.45342414766591
            ],
            [
              3.7680801513859294,
              50.45515088638788
            ],
            [
              3.767957892477056,
              50.456884026656525
            ],
            [
              3.767977507415414,
              50.4586188690405
            ],
            [
              3.768138958602914,
              50.460350708976286
            ],
            [
              3.7684418237093564,
              50.462074849526516
            ],
            [
              3.7688852966497235,
              50.46378661412331
            ],
            [
              3.7694681896050106,
              50.46548135926169
            ],
            [
              3.770188936082922,
              50.46715448710897
            ],
            [
              3.771045595011849,
              50.46880145799533
            ],
            [
              3.772035855858741,
              50.470417802751776
            ],
            [
              3.7731570447585443,
              50.47199913486153
            ],
            [
              3.774406131640095,
              50.473541162391584
            ],
            [
              3.775779738330502,
              50.47503969967186
            ],
            [
              3.7772741476172706,
              50.476490678689586
            ],
            [
              3.7788853132446705,
              50.47789016016766
            ],
            [
              3.780608870818175,
              50.479234344296486
            ],
            [
              3.7824401495881297,
              50.480519581089595
            ],
            [
              3.78437418508128,
              50.48174238033437
            ],
            [
              3.7864057325462874,
              50.48289942111038
            ],
            [
              3.788529281176953,
              50.48398756084894
            ],
            [
              3.7907390690745997,
              50.4850038439086
            ],
            [
              3.7930290989088298,
              50.485945509643045
            ],
            [
              3.795393154233807,
              50.48680999993849
            ],
            [
              3.7978248164152646,
              50.48759496619997
            ],
            [
              3.80031748212156,
              50.488298275766965
            ],
            [
              3.802864381330445,
              50.48891801774016
            ],
            [
              3.805458595801618,
              50.489452508203534
            ],
            [
              3.8080930779637363,
              50.48990029482673
            ],
            [
              3.8708333333333336,
              50.46611111111111
            ]
          ]
        ]
      }
    },
    {
      "type": "Feature",
      "id": "ENR5-5-SAINT-HUBERT",
      "properties": {
        "id": "ENR5-5-SAINT-HUBERT",
        "name": "SAINT-HUBERT",
        "chapter": "ENR 5.5",
        "upperLimit": "4500FT AMSL",
        "lowerLimit": "GND",
        "verticalLimits": "4500FT AMSL/ GND",
        "lateralLimits": "A circle, 10NM radius, centred on 500209N0052415E.",
        "restrictionOrHazard": "Glider activity.",
        "timeOfActivity": "During EBSH OPR HR. In VMC only.⁽¹⁾",
        "aipSource": "Belgium and Luxembourg AIP ENR 5.5",
        "aipPage": "ENR 5.5-7",
        "amendment": "AMDT 002/2025",
        "effectiveDate": "20-FEB-2025",
        "aipNotes": [
          "(1) See AD 2.PVT-EBSH."
        ],
        "geometryNote": "Circle sampled every 5 degrees from the published centre and radius.",
        "color": null,
        "colorNote": "No matching colour classification identified on the Brussels FIR Structure chart.",
        "areaType": "recreational",
        "footnoteReferences": {
          "timeOfActivity": [
            1
          ]
        }
      },
      "geometry": {
        "type": "Polygon",
        "coordinates": [
          [
            [
              5.404166666666667,
              50.20238746469512
            ],
            [
              5.426845063192135,
              50.20175147228398
            ],
            [
              5.449349065599854,
              50.1998483859515
            ],
            [
              5.4715056623789575,
              50.19669283961533
            ],
            [
              5.49314459497686,
              50.19230909419862
            ],
            [
              5.514099703789138,
              50.186730845421756
            ],
            [
              5.534210237977756,
              50.18000095709751
            ],
            [
              5.55332211774361,
              50.172171122281554
            ],
            [
              5.571289138246955,
              50.16330145525289
            ],
            [
              5.587974105056752,
              50.153460017885934
            ],
            [
              5.603249891804008,
              50.142722284521504
            ],
            [
              5.617000411599319,
              50.13117054994174
            ],
            [
              5.629121494734571,
              50.11889328550016
            ],
            [
              5.6395216662059,
              50.10598444884799
            ],
            [
              5.64812281765178,
              50.09254275303005
            ],
            [
              5.65486076937928,
              50.078670900995135
            ],
            [
              5.659685719236153,
              50.06447479177692
            ],
            [
              5.662562576160944,
              50.050062704752044
            ],
            [
              5.663471177293198,
              50.03554446847306
            ],
            [
              5.662406388538481,
              50.02103062060729
            ],
            [
              5.6593780894474754,
              50.00663156549071
            ],
            [
              5.654411044175813,
              49.99245673573212
            ],
            [
              5.647544661134954,
              49.97861376417961
            ],
            [
              5.638832644719248,
              49.965207672393475
            ],
            [
              5.628342543197626,
              49.95234008156039
            ],
            [
              5.6161551974890385,
              49.94010845153731
            ],
            [
              5.6023640960993735,
              49.92860535343379
            ],
            [
              5.587074641986363,
              49.91791778083282
            ],
            [
              5.5704033375410384,
              49.90812650441554
            ],
            [
              5.552476894233995,
              49.899305474399284
            ],
            [
              5.533431273777121,
              49.89152127482327
            ],
            [
              5.51341066790187,
              49.88483263332577
            ],
            [
              5.492566424059419,
              49.879289989653046
            ],
            [
              5.471055924511802,
              49.874935125726395
            ],
            [
              5.449041426411842,
              49.8718008596713
            ],
            [
              5.426688870568391,
              49.869910805783285
            ],
            [
              5.404166666666667,
              49.869279201971544
            ],
            [
              5.3816444627649425,
              49.869910805783285
            ],
            [
              5.3592919069214915,
              49.8718008596713
            ],
            [
              5.337277408821532,
              49.874935125726395
            ],
            [
              5.315766909273916,
              49.879289989653046
            ],
            [
              5.294922665431463,
              49.88483263332577
            ],
            [
              5.274902059556212,
              49.89152127482327
            ],
            [
              5.255856439099339,
              49.899305474399284
            ],
            [
              5.237929995792294,
              49.90812650441554
            ],
            [
              5.22125869134697,
              49.91791778083282
            ],
            [
              5.20596923723396,
              49.92860535343379
            ],
            [
              5.192178135844294,
              49.94010845153731
            ],
            [
              5.179990790135707,
              49.95234008156039
            ],
            [
              5.169500688614086,
              49.965207672393475
            ],
            [
              5.16078867219838,
              49.97861376417961
            ],
            [
              5.15392228915752,
              49.99245673573212
            ],
            [
              5.148955243885857,
              50.00663156549071
            ],
            [
              5.1459269447948515,
              50.02103062060729
            ],
            [
              5.144862156040135,
              50.03554446847306
            ],
            [
              5.1457707571723885,
              50.050062704752044
            ],
            [
              5.148647614097181,
              50.06447479177692
            ],
            [
              5.153472563954054,
              50.078670900995135
            ],
            [
              5.160210515681553,
              50.09254275303005
            ],
            [
              5.168811667127434,
              50.10598444884799
            ],
            [
              5.179211838598762,
              50.11889328550016
            ],
            [
              5.1913329217340145,
              50.13117054994174
            ],
            [
              5.205083441529325,
              50.142722284521504
            ],
            [
              5.220359228276582,
              50.153460017885934
            ],
            [
              5.237044195086378,
              50.16330145525289
            ],
            [
              5.2550112155897235,
              50.172171122281554
            ],
            [
              5.274123095355578,
              50.18000095709751
            ],
            [
              5.294233629544195,
              50.186730845421756
            ],
            [
              5.315188738356474,
              50.19230909419862
            ],
            [
              5.336827670954375,
              50.19669283961533
            ],
            [
              5.358984267733479,
              50.1998483859515
            ],
            [
              5.3814882701411975,
              50.20175147228398
            ],
            [
              5.404166666666667,
              50.20238746469512
            ]
          ]
        ]
      }
    },
    {
      "type": "Feature",
      "id": "ENR5-5-SEPT-MEUSES",
      "properties": {
        "id": "ENR5-5-SEPT-MEUSES",
        "name": "SEPT MEUSES",
        "chapter": "ENR 5.5",
        "upperLimit": "1000FTAGL",
        "lowerLimit": "GND",
        "verticalLimits": "1000FTAGL / GND",
        "lateralLimits": "A circle, 2km radius, centred on 502115N0045135E.",
        "restrictionOrHazard": "Delta wings.",
        "timeOfActivity": "HJ. In VMC only",
        "aipSource": "Belgium and Luxembourg AIP ENR 5.5",
        "aipPage": "ENR 5.5-7",
        "amendment": "AMDT 002/2025",
        "effectiveDate": "20-FEB-2025",
        "geometryNote": "Circle sampled every 5 degrees from the published centre and radius.",
        "color": null,
        "colorNote": "No matching colour classification identified on the Brussels FIR Structure chart.",
        "areaType": "recreational"
      },
      "geometry": {
        "type": "Polygon",
        "coordinates": [
          [
            [
              4.859722222222222,
              50.37215307394116
            ],
            [
              4.862180077868412,
              50.372084604338724
            ],
            [
              4.864619206606878,
              50.37187971721666
            ],
            [
              4.8670210246963,
              50.37153997364236
            ],
            [
              4.86936723361898,
              50.3710679621314
            ],
            [
              4.871639959928701,
              50.37046727886022
            ],
            [
              4.873821891807095,
              50.369742500178894
            ],
            [
              4.875896411273127,
              50.36889914763665
            ],
            [
              4.877847721025621,
              50.36794364579075
            ],
            [
              4.879660964942243,
              50.36688327312519
            ],
            [
              4.88132234130961,
              50.36572610645805
            ],
            [
              4.882819207917765,
              50.36448095926707
            ],
            [
              4.884140178217534,
              50.363157314408774
            ],
            [
              4.885275207810768,
              50.361765251749596
            ],
            [
              4.886215670620379,
              50.360315371265706
            ],
            [
              4.886954424168875,
              50.35881871220252
            ],
            [
              4.887485863479911,
              50.357286668914256
            ],
            [
              4.887805963206586,
              50.35573090402846
            ],
            [
              4.8879123076819795,
              50.35416325959979
            ],
            [
              4.8878041086810455,
              50.3525956669321
            ],
            [
              4.887482210777619,
              50.35104005575655
            ],
            [
              4.886949084275281,
              50.349508263457366
            ],
            [
              4.886208805785368,
              50.34801194503593
            ],
            [
              4.885267026618787,
              50.34656248449623
            ],
            [
              4.88413092924987,
              50.34517090832393
            ],
            [
              4.882809172199539,
              50.343847801713515
            ],
            [
              4.881311823770982,
              50.34260322817704
            ],
            [
              4.879650285153271,
              50.341446653140835
            ],
            [
              4.87783720348629,
              50.340386872106244
            ],
            [
              4.875886375553576,
              50.339431943914946
            ],
            [
              4.873812642837646,
              50.338589129620686
            ],
            [
              4.871631778734692,
              50.337864837426366
            ],
            [
              4.869360368781941,
              50.337264574099535
            ],
            [
              4.867015684800923,
              50.33679290323046
            ],
            [
              4.864615553903261,
              50.33645341064536
            ],
            [
              4.862178223342167,
              50.33624867723361
            ],
            [
              4.859722222222222,
              50.33618025939218
            ],
            [
              4.857266221102276,
              50.33624867723361
            ],
            [
              4.854828890541182,
              50.33645341064536
            ],
            [
              4.852428759643519,
              50.33679290323046
            ],
            [
              4.850084075662502,
              50.337264574099535
            ],
            [
              4.847812665709752,
              50.337864837426366
            ],
            [
              4.845631801606796,
              50.338589129620686
            ],
            [
              4.843558068890866,
              50.339431943914946
            ],
            [
              4.841607240958154,
              50.340386872106244
            ],
            [
              4.839794159291173,
              50.341446653140835
            ],
            [
              4.838132620673461,
              50.34260322817704
            ],
            [
              4.836635272244904,
              50.343847801713515
            ],
            [
              4.835313515194573,
              50.34517090832393
            ],
            [
              4.834177417825656,
              50.34656248449623
            ],
            [
              4.833235638659075,
              50.34801194503593
            ],
            [
              4.832495360169162,
              50.349508263457366
            ],
            [
              4.831962233666824,
              50.35104005575655
            ],
            [
              4.831640335763398,
              50.3525956669321
            ],
            [
              4.831532136762463,
              50.35416325959979
            ],
            [
              4.831638481237857,
              50.35573090402846
            ],
            [
              4.831958580964532,
              50.357286668914256
            ],
            [
              4.832490020275568,
              50.35881871220252
            ],
            [
              4.833228773824064,
              50.360315371265706
            ],
            [
              4.834169236633675,
              50.361765251749596
            ],
            [
              4.835304266226908,
              50.363157314408774
            ],
            [
              4.836625236526678,
              50.36448095926707
            ],
            [
              4.838122103134833,
              50.36572610645805
            ],
            [
              4.8397834795022,
              50.36688327312519
            ],
            [
              4.841596723418823,
              50.36794364579075
            ],
            [
              4.8435480331713165,
              50.36889914763665
            ],
            [
              4.845622552637348,
              50.369742500178894
            ],
            [
              4.847804484515742,
              50.37046727886022
            ],
            [
              4.8500772108254635,
              50.3710679621314
            ],
            [
              4.852423419748143,
              50.37153997364236
            ],
            [
              4.854825237837566,
              50.37187971721666
            ],
            [
              4.8572643665760316,
              50.372084604338724
            ],
            [
              4.859722222222222,
              50.37215307394116
            ]
          ]
        ]
      }
    },
    {
      "type": "Feature",
      "id": "ENR5-5-SPA",
      "properties": {
        "id": "ENR5-5-SPA",
        "name": "SPA",
        "chapter": "ENR 5.5",
        "upperLimit": "FL145",
        "lowerLimit": "GND ⁽¹⁾",
        "verticalLimits": "FL145 / GND ⁽¹⁾",
        "lateralLimits": "A circle, 2NM radius, centred on 502857N0055437E.",
        "restrictionOrHazard": "Parachuting.",
        "timeOfActivity": "During EBSP OPR HR. In VMC only ⁽²⁾",
        "aipSource": "Belgium and Luxembourg AIP ENR 5.5",
        "aipPage": "ENR 5.5-7",
        "amendment": "AMDT 002/2025",
        "effectiveDate": "20-FEB-2025",
        "aipNotes": [
          "(1) MAX usable level: FL140.",
          "(2) See AD 2.PVT-EBSP. Operator: Post: Skydiving Promotion (Spa) Rue de la Sauvenière 122 4900 Spa BELGIUM TEL: +32 (0) 87 26 99 06 TEL: +32 (0) 476 62 71 67 Email: info@skydivespa.be"
        ],
        "geometryNote": "Circle sampled every 5 degrees from the published centre and radius.",
        "color": null,
        "colorNote": "No matching colour classification identified on the Brussels FIR Structure chart.",
        "areaType": "recreational",
        "footnoteReferences": {
          "verticalLimits": [
            1
          ],
          "lowerLimit": [
            1
          ],
          "timeOfActivity": [
            2
          ]
        }
      },
      "geometry": {
        "type": "Polygon",
        "coordinates": [
          [
            [
              5.910277777777778,
              50.515810826272364
            ],
            [
              5.914843559242562,
              50.51568397927128
            ],
            [
              5.9193745192352205,
              50.515304405686344
            ],
            [
              5.923836103523742,
              50.51467500034789
            ],
            [
              5.928194290254384,
              50.51380056328252
            ],
            [
              5.932415850904015,
              50.51268776288112
            ],
            [
              5.936468604998748,
              50.51134508474016
            ],
            [
              5.94032166660448,
              50.50978276657797
            ],
            [
              5.943945680665295,
              50.508012719736925
            ],
            [
              5.947313047352165,
              50.506048437886456
            ],
            [
              5.950398132686061,
              50.5039048936418
            ],
            [
              5.953177463815277,
              50.501598423905826
            ],
            [
              5.955629907455363,
              50.499146604828354
            ],
            [
              5.957736830140114,
              50.496568117356205
            ],
            [
              5.959482239082197,
              50.49388260441782
            ],
            [
              5.960852902600709,
              50.49111052084922
            ],
            [
              5.961838449238637,
              50.48827297722069
            ],
            [
              5.962431444864403,
              50.485391578768215
            ],
            [
              5.962627447226661,
              50.48248826066756
            ],
            [
              5.962425037608885,
              50.479585120913576
            ],
            [
              5.961825829408438,
              50.47670425208219
            ],
            [
              5.960834453642271,
              50.47386757325693
            ],
            [
              5.959458521556827,
              50.47109666339723
            ],
            [
              5.9577085646917265,
              50.468412597410904
            ],
            [
              5.955597952914215,
              50.46583578616914
            ],
            [
              5.95314279110297,
              50.463385821669036
            ],
            [
              5.950361795314701,
              50.46108132850709
            ],
            [
              5.947276149414014,
              50.45893982277598
            ],
            [
              5.943909343285533,
              50.456977579439354
            ],
            [
              5.9402869938763825,
              50.45520950917323
            ],
            [
              5.936436650436324,
              50.453649045589785
            ],
            [
              5.932387585431436,
              50.45230804368088
            ],
            [
              5.928170572704821,
              50.45119669023332
            ],
            [
              5.923817654544028,
              50.45032342687852
            ],
            [
              5.91936189938923,
              50.4496948863447
            ],
            [
              5.914837151978641,
              50.44931584238176
            ],
            [
              5.910277777777778,
              50.44918917372766
            ],
            [
              5.905718403576915,
              50.44931584238176
            ],
            [
              5.901193656166326,
              50.4496948863447
            ],
            [
              5.8967379010115275,
              50.45032342687852
            ],
            [
              5.892384982850736,
              50.45119669023332
            ],
            [
              5.888167970124121,
              50.45230804368088
            ],
            [
              5.884118905119232,
              50.453649045589785
            ],
            [
              5.880268561679174,
              50.45520950917323
            ],
            [
              5.876646212270024,
              50.456977579439354
            ],
            [
              5.873279406141542,
              50.45893982277598
            ],
            [
              5.870193760240855,
              50.46108132850709
            ],
            [
              5.867412764452586,
              50.463385821669036
            ],
            [
              5.864957602641341,
              50.46583578616914
            ],
            [
              5.862846990863829,
              50.468412597410904
            ],
            [
              5.861097033998729,
              50.47109666339723
            ],
            [
              5.859721101913285,
              50.47386757325693
            ],
            [
              5.858729726147119,
              50.47670425208219
            ],
            [
              5.858130517946671,
              50.479585120913576
            ],
            [
              5.857928108328895,
              50.48248826066756
            ],
            [
              5.858124110691153,
              50.485391578768215
            ],
            [
              5.858717106316919,
              50.48827297722069
            ],
            [
              5.859702652954848,
              50.49111052084922
            ],
            [
              5.86107331647336,
              50.49388260441782
            ],
            [
              5.862818725415442,
              50.496568117356205
            ],
            [
              5.8649256481001935,
              50.499146604828354
            ],
            [
              5.867378091740279,
              50.501598423905826
            ],
            [
              5.870157422869495,
              50.5039048936418
            ],
            [
              5.873242508203391,
              50.506048437886456
            ],
            [
              5.876609874890261,
              50.508012719736925
            ],
            [
              5.880233888951076,
              50.50978276657797
            ],
            [
              5.884086950556808,
              50.51134508474016
            ],
            [
              5.888139704651541,
              50.51268776288112
            ],
            [
              5.892361265301172,
              50.51380056328252
            ],
            [
              5.896719452031815,
              50.51467500034789
            ],
            [
              5.901181036320335,
              50.515304405686344
            ],
            [
              5.905711996312994,
              50.51568397927128
            ],
            [
              5.910277777777778,
              50.515810826272364
            ]
          ]
        ]
      }
    },
    {
      "type": "Feature",
      "id": "ENR5-5-TOURNAI-MAUBRAY",
      "properties": {
        "id": "ENR5-5-TOURNAI-MAUBRAY",
        "name": "TOURNAI - MAUBRAY",
        "chapter": "ENR 5.5",
        "upperLimit": "1500FT AMSL",
        "lowerLimit": "GND",
        "verticalLimits": "1500FT AMSL/ GND",
        "lateralLimits": "503042N0032702E - an arc of circle, 2 NM radius, centred on 503147N 0032940E and traced clockwise to 502947N 0032953E - along the Belgian French border - 503042N 0032702E.",
        "restrictionOrHazard": "Glider activity. Glider towing. Glider winching up to 1500 FT AMSL.",
        "timeOfActivity": "See AD 2.PVT-EBTY",
        "aipSource": "Belgium and Luxembourg AIP ENR 5.5",
        "aipPage": "ENR 5.5-8",
        "amendment": "AMDT 002/2025",
        "effectiveDate": "20-FEB-2025",
        "geometryNote": "Published border/coastline/river segments are represented by straight joins between their published anchor points. Published circular arcs are geodesically sampled at maximum 3 degrees.",
        "color": null,
        "colorNote": "No matching colour classification identified on the Brussels FIR Structure chart.",
        "areaType": "recreational"
      },
      "geometry": {
        "type": "Polygon",
        "coordinates": [
          [
            [
              3.450555555555556,
              50.51166666666666
            ],
            [
              3.4491337936906175,
              50.51314624383972
            ],
            [
              3.447835224068265,
              50.514670943919015
            ],
            [
              3.446663389552179,
              50.516236621294105
            ],
            [
              3.4456214893909505,
              50.51783901852122
            ],
            [
              3.4447123704038147,
              50.519473777868654
            ],
            [
              3.4439385191123697,
              50.521136453138986
            ],
            [
              3.443302054840994,
              50.522822521736146
            ],
            [
              3.442804723806163,
              50.52452739694498
            ],
            [
              3.4424478942123,
              50.526246440390345
            ],
            [
              3.4422325523691426,
              50.52797497464173
            ],
            [
              3.4421592998429222,
              50.52970829592968
            ],
            [
              3.4422283516508863,
              50.53144168693946
            ],
            [
              3.442439535505905,
              50.533170429647036
            ],
            [
              3.4427922921150778,
              50.53488981816285
            ],
            [
              3.443285676533368,
              50.536595171547944
            ],
            [
              3.443918360570426,
              50.53828184656802
            ],
            [
              3.4446886362458518,
              50.53994525034995
            ],
            [
              3.445594420285227,
              50.541580852906684
            ],
            [
              3.4466332596463545,
              50.5431841994957
            ],
            [
              3.4478023380622385,
              50.54475092277746
            ],
            [
              3.4490984835844505,
              50.54627675474005
            ],
            [
              3.450518177107695,
              50.5477575383574
            ],
            [
              3.4520575618535574,
              50.54918923894888
            ],
            [
              3.4537124537886634,
              50.55056795520849
            ],
            [
              3.455478352949763,
              50.55188992987385
            ],
            [
              3.457350455645603,
              50.55315156000447
            ],
            [
              3.459323667502896,
              50.55434940684166
            ],
            [
              3.461392617321184,
              50.55548020522184
            ],
            [
              3.4635516716990202,
              50.55654087251782
            ],
            [
              3.4657949503915835,
              50.55752851708237
            ],
            [
              3.46811634235766,
              50.55844044617117
            ],
            [
              3.470509522451856,
              50.55927417332251
            ],
            [
              3.4729679687159654,
              50.560027425173374
            ],
            [
              3.4754849802215984,
              50.560698147692776
            ],
            [
              3.478053695414514,
              50.56128451181476
            ],
            [
              3.480667110909565,
              50.56178491845542
            ],
            [
              3.4833181006837917,
              50.562198002899784
            ],
            [
              3.4859994356139934,
              50.56252263854625
            ],
            [
              3.488703803304028,
              50.562757939998036
            ],
            [
              3.491423828146234,
              50.56290326549302
            ],
            [
              3.4941520915606152,
              50.56295821866507
            ],
            [
              3.496881152354908,
              50.562922649631886
            ],
            [
              3.499603567148263,
              50.56279665540649
            ],
            [
              3.5023119108010845,
              50.5625805796308
            ],
            [
              3.504998796793553,
              50.56227501163258
            ],
            [
              3.5076568974955027,
              50.561880784807926
            ],
            [
              3.510278964270679,
              50.56139897433416
            ],
            [
              3.512857847358892,
              50.56083089421934
            ],
            [
              3.515386515480284,
              50.560178093696976
            ],
            [
              3.517858075106757,
              50.559442352975594
            ],
            [
              3.5202657893466562,
              50.55862567835575
            ],
            [
              3.522603096389963,
              50.55773029672759
            ],
            [
              3.5248636274626053,
              50.55675864946463
            ],
            [
              3.5270412242399853,
              50.555713385731096
            ],
            [
              3.5291299556714644,
              50.554597355221055
            ],
            [
              3.531124134169322,
              50.5534136003502
            ],
            [
              3.533018331117636,
              50.5521653479217
            ],
            [
              3.5348073916585556,
              50.55085600028959
            ],
            [
              3.536486448715613,
              50.549489126044286
            ],
            [
              3.538050936215986,
              50.54806845024617
            ],
            [
              3.5394966014760034,
              50.54659784423444
            ],
            [
              3.5408195167166423,
              50.545081315039475
            ],
            [
              3.542016089678345,
              50.543522994428166
            ],
            [
              3.543083073307077,
              50.54192712761252
            ],
            [
              3.544017574486281,
              50.540298061652685
            ],
            [
              3.544817061792113,
              50.53864023358666
            ],
            [
              3.54547937225216,
              50.53695815831911
            ],
            [
              3.5460027170906803,
              50.53525641630284
            ],
            [
              3.546385686446279,
              50.53353964104683
            ],
            [
              3.5466272530508265,
              50.5318125064848
            ],
            [
              3.5467267748613427,
              50.53007971423929
            ],
            [
              3.546683996639457,
              50.52834598081575
            ],
            [
              3.5464990504759992,
              50.526616024761864
            ],
            [
              3.54617245526112,
              50.52489455382687
            ],
            [
              3.545705115103254,
              50.52318625215592
            ],
            [
              3.5450983167030587,
              50.52149576755425
            ],
            [
              3.544353725691265,
              50.51982769885568
            ],
            [
              3.5434733819421456,
              50.5181865834295
            ],
            [
              3.5424596938770265,
              50.516576884859695
            ],
            [
              3.5413154317748914,
              50.51500298082958
            ],
            [
              3.5400437201097543,
              50.51346915124439
            ],
            [
              3.538648028936972,
              50.51197956662407
            ],
            [
              3.5371321643531277,
              50.510538276797
            ],
            [
              3.5355002580564765,
              50.50914919992514
            ],
            [
              3.533756756037238,
              50.50781611189003
            ],
            [
              3.5319064064291985,
              50.50654263606783
            ],
            [
              3.529954246556205,
              50.50533223352073
            ],
            [
              3.527905589209117,
              50.50418819363083
            ],
            [
              3.5257660081907143,
              50.50311362520148
            ],
            [
              3.5235413231678256,
              50.50211144804957
            ],
            [
              3.521237583871674,
              50.5011843851112
            ],
            [
              3.518861053688987,
              50.5003349550816
            ],
            [
              3.5164181926879308,
              50.49956546560874
            ],
            [
              3.51391564012425,
              50.498878007058714
            ],
            [
              3.511360196474281,
              50.498274446869296
            ],
            [
              3.508758805042614,
              50.49775642450657
            ],
            [
              3.5061185331931934,
              50.49732534703804
            ],
            [
              3.5034465532535544,
              50.49698238533372
            ],
            [
              3.5007501231426486,
              50.49672847090538
            ],
            [
              3.498036566773385,
              50.496564293392126
            ],
            [
              3.450555555555556,
              50.51166666666666
            ]
          ]
        ]
      }
    },
    {
      "type": "Feature",
      "id": "ENR5-5-USELDANGE-GLIDER-SECTOR-NORTH",
      "properties": {
        "id": "ENR5-5-USELDANGE-GLIDER-SECTOR-NORTH",
        "name": "USELDANGE GLIDER SECTOR NORTH",
        "chapter": "ENR 5.5",
        "upperLimit": "FL065",
        "lowerLimit": "3500FT AMSL",
        "verticalLimits": "FL065 / 3500FT AMSL",
        "lateralLimits": "494738N0054729E- along the Belgian-Luxembourg border- 500748N 0060816E - along the German- Luxembourg border - 495656N 0061151E - 495422N 0055755E - 494804N 0060000E - 494738N 0054729E ⁽²⁾.",
        "restrictionOrHazard": "Glider activity. ⁽³⁾",
        "timeOfActivity": "HX ⁽⁴⁾⁽⁵⁾",
        "aipSource": "Belgium and Luxembourg AIP ENR 5.5",
        "aipPage": "ENR 5.5-8",
        "amendment": "AMDT 002/2025",
        "effectiveDate": "20-FEB-2025",
        "aipNotes": [
          "(1) Non-public glider sector. Use of the sector is subject to prior permission of the operator of ELUS. All other VFR traffic shall contact Luxembourg Radar on CH 120.885.",
          "(2) Noertrange Area excl.",
          "(3) No traffic information on individual glider flights will be issued by ATC.",
          "(4) HJ only. On request of the \"Cercle Luxembourgeois de Vol à Voile\". Activation can be checked with Luxembourg Radar on CH 120.885.",
          "(5) Any conflicting areas announced by NOTAM are excluded for glider use during activation."
        ],
        "geometryNote": "Published border/coastline/river segments are represented by straight joins between their published anchor points.",
        "color": null,
        "colorNote": "No matching colour classification identified on the Brussels FIR Structure chart.",
        "areaType": "recreational",
        "footnoteReferences": {
          "lateralLimits": [
            2
          ],
          "restrictionOrHazard": [
            3
          ],
          "timeOfActivity": [
            4,
            5
          ]
        }
      },
      "geometry": {
        "type": "Polygon",
        "coordinates": [
          [
            [
              5.791388888888889,
              49.79388888888889
            ],
            [
              6.137777777777778,
              50.13
            ],
            [
              6.197500000000001,
              49.94888888888889
            ],
            [
              5.965277777777778,
              49.90611111111111
            ],
            [
              6,
              49.801111111111105
            ],
            [
              5.791388888888889,
              49.79388888888889
            ]
          ]
        ]
      }
    },
    {
      "type": "Feature",
      "id": "ENR5-5-USELDANGE-GLIDER-SECTOR-SOUTH",
      "properties": {
        "id": "ENR5-5-USELDANGE-GLIDER-SECTOR-SOUTH",
        "name": "USELDANGE GLIDER SECTOR SOUTH",
        "chapter": "ENR 5.5",
        "upperLimit": "5000 FT AMSL",
        "lowerLimit": "2500FTAMSL",
        "verticalLimits": "5000 FT AMSL / 2500FTAMSL",
        "lateralLimits": "494738N0054729E- 494804N0060000E- 494430N 0060000E - 494430N 0054958E - along the Belgian- Luxembourg border- 494738N0054729E.",
        "restrictionOrHazard": "Glider activity. ⁽²⁾",
        "timeOfActivity": "HX ⁽³⁾",
        "aipSource": "Belgium and Luxembourg AIP ENR 5.5",
        "aipPage": "ENR 5.5-8",
        "amendment": "AMDT 002/2025",
        "effectiveDate": "20-FEB-2025",
        "aipNotes": [
          "(1) Non-public glider sector. Use of the sector is subject to prior permission of the operator of ELUS. All other VFR traffic shall contact Luxembourg Radar on CH 120.885.",
          "(2) No traffic information on individual glider flights will be issued by ATC.",
          "(3) HJ only. On request of the \"Cercle Luxembourgeois de Vol à Voile\". Activation can be checked with Luxembourg Radar on CH 120.885."
        ],
        "geometryNote": "Published border/coastline/river segments are represented by straight joins between their published anchor points.",
        "color": null,
        "colorNote": "No matching colour classification identified on the Brussels FIR Structure chart.",
        "areaType": "recreational",
        "footnoteReferences": {
          "restrictionOrHazard": [
            2
          ],
          "timeOfActivity": [
            3
          ]
        }
      },
      "geometry": {
        "type": "Polygon",
        "coordinates": [
          [
            [
              5.791388888888889,
              49.79388888888889
            ],
            [
              6,
              49.801111111111105
            ],
            [
              6,
              49.74166666666667
            ],
            [
              5.832777777777777,
              49.74166666666667
            ],
            [
              5.791388888888889,
              49.79388888888889
            ]
          ]
        ]
      }
    },
    {
      "type": "Feature",
      "id": "ENR5-5-VERVIERS-THEUX",
      "properties": {
        "id": "ENR5-5-VERVIERS-THEUX",
        "name": "VERVIERS - THEUX",
        "chapter": "ENR 5.5",
        "upperLimit": "3000FTAMSL",
        "lowerLimit": "GND",
        "verticalLimits": "3000FTAMSL / GND",
        "lateralLimits": "A circle, 2NM radius, centred on 503309N0055118E.",
        "restrictionOrHazard": "Glider activity. Glider Towing.",
        "timeOfActivity": "See AD 2.PVT-EBTX",
        "aipSource": "Belgium and Luxembourg AIP ENR 5.5",
        "aipPage": "ENR 5.5-8",
        "amendment": "AMDT 002/2025",
        "effectiveDate": "20-FEB-2025",
        "geometryNote": "Circle sampled every 5 degrees from the published centre and radius.",
        "color": null,
        "colorNote": "No matching colour classification identified on the Brussels FIR Structure chart.",
        "areaType": "recreational"
      },
      "geometry": {
        "type": "Polygon",
        "coordinates": [
          [
            [
              5.8549999999999995,
              50.585810826272365
            ],
            [
              5.85957256555342,
              50.58568397904868
            ],
            [
              5.864110257712381,
              50.58530440480277
            ],
            [
              5.868578470726584,
              50.584674998385076
            ],
            [
              5.872943132028748,
              50.583800559855035
            ],
            [
              5.8771709635809835,
              50.58268775764815
            ],
            [
              5.881229736977562,
              50.58134507741585
            ],
            [
              5.885088520306534,
              50.57978275694013
            ],
            [
              5.888717914843136,
              50.57801270763373
            ],
            [
              5.8920902797345756,
              50.57604842324115
            ],
            [
              5.895179942937627,
              50.57390487645493
            ],
            [
              5.897963396786375,
              50.57159840425523
            ],
            [
              5.900419476696288,
              50.56914658286682
            ],
            [
              5.902529521651068,
              50.566568093306735
            ],
            [
              5.904277515269146,
              50.563882578566904
            ],
            [
              5.905650206405656,
              50.56111049353801
            ],
            [
              5.906637208411715,
              50.55827294883469
            ],
            [
              5.907231076344281,
              50.555391549725535
            ],
            [
              5.907427361595155,
              50.55248823140618
            ],
            [
              5.907224643585385,
              50.54958509187805
            ],
            [
              5.906624538349666,
              50.54670422371011
            ],
            [
              5.905631684013159,
              50.54386754596566
            ],
            [
              5.904253703338757,
              50.54109663757124
            ],
            [
              5.902501143695143,
              50.538412573390126
            ],
            [
              5.900387394963557,
              50.53583576423858
            ],
            [
              5.897928586063086,
              50.53338580205025
            ],
            [
              5.895143460929275,
              50.531081311351365
            ],
            [
              5.8920532349281425,
              50.52893980815986
            ],
            [
              5.888681432826318,
              50.52697756736231
            ],
            [
              5.885053709567333,
              50.52520949955764
            ],
            [
              5.881197655223392,
              50.523649038283374
            ],
            [
              5.877142585600677,
              50.52230803846129
            ],
            [
              5.872919320073979,
              50.52119668681492
            ],
            [
              5.868559948312647,
              50.52032342492104
            ],
            [
              5.864097587634419,
              50.51969488546358
            ],
            [
              5.859566132786058,
              50.51931584215978
            ],
            [
              5.8549999999999995,
              50.519189173727646
            ],
            [
              5.850433867213942,
              50.51931584215978
            ],
            [
              5.845902412365581,
              50.51969488546358
            ],
            [
              5.841440051687353,
              50.52032342492104
            ],
            [
              5.837080679926021,
              50.52119668681492
            ],
            [
              5.832857414399323,
              50.52230803846129
            ],
            [
              5.828802344776608,
              50.523649038283374
            ],
            [
              5.824946290432667,
              50.52520949955764
            ],
            [
              5.821318567173682,
              50.52697756736231
            ],
            [
              5.8179467650718575,
              50.52893980815986
            ],
            [
              5.814856539070725,
              50.531081311351365
            ],
            [
              5.812071413936914,
              50.53338580205025
            ],
            [
              5.809612605036443,
              50.53583576423858
            ],
            [
              5.807498856304857,
              50.538412573390126
            ],
            [
              5.805746296661243,
              50.54109663757124
            ],
            [
              5.804368315986841,
              50.54386754596566
            ],
            [
              5.803375461650334,
              50.54670422371011
            ],
            [
              5.802775356414615,
              50.54958509187805
            ],
            [
              5.802572638404845,
              50.55248823140618
            ],
            [
              5.802768923655719,
              50.555391549725535
            ],
            [
              5.803362791588285,
              50.55827294883469
            ],
            [
              5.804349793594344,
              50.56111049353801
            ],
            [
              5.805722484730854,
              50.563882578566904
            ],
            [
              5.807470478348932,
              50.566568093306735
            ],
            [
              5.809580523303712,
              50.56914658286682
            ],
            [
              5.812036603213625,
              50.57159840425523
            ],
            [
              5.814820057062373,
              50.57390487645493
            ],
            [
              5.817909720265424,
              50.57604842324115
            ],
            [
              5.821282085156864,
              50.57801270763373
            ],
            [
              5.824911479693466,
              50.57978275694013
            ],
            [
              5.828770263022438,
              50.58134507741585
            ],
            [
              5.8328290364190165,
              50.58268775764815
            ],
            [
              5.837056867971252,
              50.583800559855035
            ],
            [
              5.841421529273416,
              50.584674998385076
            ],
            [
              5.845889742287619,
              50.58530440480277
            ],
            [
              5.85042743444658,
              50.58568397904868
            ],
            [
              5.8549999999999995,
              50.585810826272365
            ]
          ]
        ]
      }
    },
    {
      "type": "Feature",
      "id": "ENR5-5-WEELDE",
      "properties": {
        "id": "ENR5-5-WEELDE",
        "name": "WEELDE",
        "chapter": "ENR 5.5",
        "upperLimit": "3500FTAMSL",
        "lowerLimit": "GND",
        "verticalLimits": "3500FTAMSL / GND",
        "lateralLimits": "512620N 0045943E - an arc of circle, 3NM radius, centred on 512339N 0045733E and traced clockwise to 512455N 0045311E - along the Belgian-Dutch border - 512620N 0045943E.",
        "restrictionOrHazard": "Glider activity. Glider towing. Glider winching up to 3000FTAMSL",
        "timeOfActivity": "HJ. In VMC only ⁽¹⁾ ⁽²⁾",
        "aipSource": "Belgium and Luxembourg AIP ENR 5.5",
        "aipPage": "ENR 5.5-8",
        "amendment": "AMDT 002/2025",
        "effectiveDate": "20-FEB-2025",
        "aipNotes": [
          "(1) See AD 2.MIL-EBWE.",
          "(2) Additional activities of the Belgian Air Cadets at EBWE will be announced by NOTAM.",
          "(3) It is recommended not to cross the RWY axis below 3000FTAMSL during glider activity (winch launch). Take prior contact with Weelde radio 119.605 (8.33 KHZ CH)."
        ],
        "geometryNote": "Published border/coastline/river segments are represented by straight joins between their published anchor points. Published circular arcs are geodesically sampled at maximum 3 degrees.",
        "color": null,
        "colorNote": "No matching colour classification identified on the Brussels FIR Structure chart.",
        "areaType": "recreational",
        "footnoteReferences": {
          "timeOfActivity": [
            1,
            2
          ]
        }
      },
      "geometry": {
        "type": "Polygon",
        "coordinates": [
          [
            [
              4.995277777777778,
              51.43888888888888
            ],
            [
              4.998958885146293,
              51.437656737603035
            ],
            [
              5.0025320243254985,
              51.43630682698052
            ],
            [
              5.0059875107479455,
              51.43484281957484
            ],
            [
              5.009315981684775,
              51.433268687137506
            ],
            [
              5.012508421724512,
              51.43158869975529
            ],
            [
              5.01555618727227,
              51.42980741417614
            ],
            [
              5.018451030001908,
              51.427929661356806
            ],
            [
              5.021185119196999,
              51.42596053326704
            ],
            [
              5.02375106291994,
              51.42390536898746
            ],
            [
              5.026141927952126,
              51.421769740140206
            ],
            [
              5.028351258451934,
              51.419559435692975
            ],
            [
              5.0303730932811535,
              51.417280446178985
            ],
            [
              5.0322019819545325,
              51.41493894737666
            ],
            [
              5.033832999171284,
              51.41254128349477
            ],
            [
              5.035261757891575,
              51.41009394990921
            ],
            [
              5.036484420925391,
              51.407603575499486
            ],
            [
              5.037497711005456,
              51.40507690463369
            ],
            [
              5.038298919320363,
              51.40252077885128
            ],
            [
              5.03888591248845,
              51.399942118294305
            ],
            [
              5.039257137957427,
              51.397347902937696
            ],
            [
              5.0394116278192005,
              51.39474515367012
            ],
            [
              5.039349001033748,
              51.392140913276656
            ],
            [
              5.03906946406032,
              51.38954222737529
            ],
            [
              5.0385738098985815,
              51.38695612535863
            ],
            [
              5.0378634155466155,
              51.384389601392584
            ],
            [
              5.036940237886955,
              51.38184959552294
            ],
            [
              5.035806808015939,
              51.3793429749409
            ],
            [
              5.034466224035804,
              51.376876515457646
            ],
            [
              5.03292214233287,
              51.374456883237464
            ],
            [
              5.031178767369052,
              51.37209061683815
            ],
            [
              5.02924084001772,
              51.36978410960657
            ],
            [
              5.027113624478534,
              51.367543592475826
            ],
            [
              5.024802893809415,
              51.36537511720981
            ],
            [
              5.0223149141171906,
              51.36328454013913
            ],
            [
              5.019656427451715,
              51.36127750643142
            ],
            [
              5.016834633451335,
              51.359359434937325
            ],
            [
              5.013857169790564,
              51.35753550365158
            ],
            [
              5.010732091483605,
              51.35581063582775
            ],
            [
              5.007467849100059,
              51.35418948678228
            ],
            [
              5.0040732659515985,
              51.352676431422736
            ],
            [
              5.000557514310794,
              51.351275552532165
            ],
            [
              4.996930090725406,
              51.34999062984045
            ],
            [
              4.993200790493529,
              51.348825129910495
            ],
            [
              4.9893796813668105,
              51.34778219686589
            ],
            [
              4.985477076550665,
              51.346864643983515
            ],
            [
              4.981503507071968,
              51.3460749461731
            ],
            [
              4.977469693586065,
              51.34541523336301
            ],
            [
              4.973386517696159,
              51.34488728480928
            ],
            [
              4.969264992859186,
              51.34449252434243
            ],
            [
              4.965116234953155,
              51.34423201656444
            ],
            [
              4.960951432581709,
              51.34410646400558
            ],
            [
              4.956781817192133,
              51.34411620524824
            ],
            [
              4.952618633083526,
              51.344261214023
            ],
            [
              4.948473107382016,
              51.34454109927855
            ],
            [
              4.944356420060002,
              51.34495510622608
            ],
            [
              4.940279674076307,
              51.34550211835488
            ],
            [
              4.936253865713873,
              51.346180660414184
            ],
            [
              4.9322898551911845,
              51.346988902353715
            ],
            [
              4.928398337623069,
              51.34792466421255
            ],
            [
              4.9245898144057305,
              51.34898542194402
            ],
            [
              4.920874565099999,
              51.350168314161465
            ],
            [
              4.917262619885675,
              51.35147014978764
            ],
            [
              4.913763732658639,
              51.35288741658788
            ],
            [
              4.910387354840973,
              51.354416290565304
            ],
            [
              4.907142609972805,
              51.356052646193355
            ],
            [
              4.904038269152825,
              51.357792067459734
            ],
            [
              4.901082727392581,
              51.359629859692625
            ],
            [
              4.898283980947567,
              51.36156106213886
            ],
            [
              4.895649605685953,
              51.363580461261236
            ],
            [
              4.8931867365534005,
              51.36568260472014
            ],
            [
              4.890902048189923,
              51.36786181600339
            ],
            [
              4.888801736752022,
              51.370112209665564
            ],
            [
              4.886891502990564,
              51.37242770713728
            ],
            [
              4.885176536631831,
              51.37480205306262
            ],
            [
              4.883661502106066,
              51.37722883212176
            ],
            [
              4.8823505256646005,
              51.3797014862944
            ],
            [
              4.8812471839231995,
              51.382213332518276
            ],
            [
              4.880354493865759,
              51.38475758069598
            ],
            [
              4.879674904338832,
              51.387327352002025
            ],
            [
              4.879210289063655,
              51.3899156974414
            ],
            [
              4.878961941188502,
              51.39251561661017
            ],
            [
              4.878930569400134,
              51.395120076607405
            ],
            [
              4.879116295609124,
              51.397722031047984
            ],
            [
              4.87951865421955,
              51.400314439124756
            ],
            [
              4.880136592989409,
              51.402890284668594
            ],
            [
              4.880968475483719,
              51.40544259515475
            ],
            [
              4.882012085117954,
              51.407964460603694
            ],
            [
              4.8832646307850345,
              51.410449052325035
            ],
            [
              4.8847227540547,
              51.41288964145323
            ],
            [
              4.886382537929576,
              51.415279617224314
            ],
            [
              4.995277777777778,
              51.43888888888888
            ]
          ]
        ]
      }
    },
    {
      "type": "Feature",
      "id": "ENR5-5-ZOERSEL",
      "properties": {
        "id": "ENR5-5-ZOERSEL",
        "name": "ZOERSEL",
        "chapter": "ENR 5.5",
        "upperLimit": "2500FTAMSL",
        "lowerLimit": "GND",
        "verticalLimits": "2500FTAMSL / GND",
        "lateralLimits": "511837N 0043336E- 511938N 0044052E- an arc of circle, 26NM radius, centred on 505408N 0043217E and traced clockwise to 511332N 0045955E- 511253N 0045955E- 511253N 0044512E - an arc of circle, 3NM radius, centred on 511553N 0044512E and traced clockwise to 511342N0044156E - 511837N 0043336E.",
        "restrictionOrHazard": "Glider activity.",
        "timeOfActivity": "SAT, SUN and HOL, HJ. In JUL and AUG, HJ. FRI, 1600 ⁽¹⁵⁰⁰⁾-SS. In VMC only",
        "aipSource": "Belgium and Luxembourg AIP ENR 5.5",
        "aipPage": "ENR 5.5-9",
        "amendment": "AMDT 007/2026",
        "effectiveDate": "09-JUL-2026",
        "geometryNote": "Published circular arcs are geodesically sampled at maximum 3 degrees.",
        "color": null,
        "colorNote": "No matching colour classification identified on the Brussels FIR Structure chart.",
        "areaType": "recreational",
        "footnoteReferences": {
          "timeOfActivity": [
            1500
          ]
        }
      },
      "geometry": {
        "type": "Polygon",
        "coordinates": [
          [
            [
              4.56,
              51.31027777777778
            ],
            [
              4.681111111111111,
              51.327222222222225
            ],
            [
              4.7162384768546275,
              51.321956315943936
            ],
            [
              4.750871368292903,
              51.315546868273
            ],
            [
              4.784913924522692,
              51.30801166454905
            ],
            [
              4.818272052797206,
              51.29937160423496
            ],
            [
              4.850853706455308,
              51.28965063831631
            ],
            [
              4.882569155035106,
              51.2788756977105
            ],
            [
              4.913331245600107,
              51.26707661296015
            ],
            [
              4.9430556543614,
              51.25428602551565
            ],
            [
              4.971661127739516,
              51.240539290941356
            ],
            [
              4.999069712074058,
              51.22587437440689
            ],
            [
              4.998611111111111,
              51.21472222222223
            ],
            [
              4.753333333333333,
              51.21472222222223
            ],
            [
              4.749327876651406,
              51.214785145778826
            ],
            [
              4.745332479635962,
              51.214973758416704
            ],
            [
              4.7413571769353045,
              51.2152875864332
            ],
            [
              4.737411953221131,
              51.215725841633
            ],
            [
              4.733506718349507,
              51.21628742328863
            ],
            [
              4.7296512827006225,
              51.2169709208784
            ],
            [
              4.7258553327563995,
              51.21777461759564
            ],
            [
              4.72212840697451,
              51.218696494620424
            ],
            [
              4.718479872016787,
              51.21973423614381
            ],
            [
              4.714918899389311,
              51.22088523513251
            ],
            [
              4.711454442550601,
              51.2221465998201
            ],
            [
              4.70809521454343,
              51.22351516090928
            ],
            [
              4.704849666204675,
              51.22498747946785
            ],
            [
              4.70172596500648,
              51.22655985549927
            ],
            [
              4.698731974580665,
              51.22822833716747
            ],
            [
              4.56,
              51.31027777777778
            ]
          ]
        ]
      }
    },
    {
      "type": "Feature",
      "id": "ENR5-5-ZUTENDAAL",
      "properties": {
        "id": "ENR5-5-ZUTENDAAL",
        "name": "ZUTENDAAL",
        "chapter": "ENR 5.5",
        "upperLimit": "3000FTAMSL",
        "lowerLimit": "GND",
        "verticalLimits": "3000FTAMSL / GND",
        "lateralLimits": "A circle, 5NM radius, centred on 505651N0053526E.",
        "restrictionOrHazard": "Glider activity. Winch launching up to 2300FT AGL.",
        "timeOfActivity": "FRI, 1600 ⁽¹⁵⁰⁰⁾- SS+30MIN. SAT, SUN and HOL, SR-30MIN until SS+30MIN. In VMC only",
        "aipSource": "Belgium and Luxembourg AIP ENR 5.5",
        "aipPage": "ENR 5.5-9",
        "amendment": "AMDT 007/2026",
        "effectiveDate": "09-JUL-2026",
        "geometryNote": "Circle sampled every 5 degrees from the published centre and radius.",
        "color": null,
        "colorNote": "No matching colour classification identified on the Brussels FIR Structure chart.",
        "areaType": "recreational",
        "footnoteReferences": {
          "timeOfActivity": [
            1500
          ]
        }
      },
      "geometry": {
        "type": "Polygon",
        "coordinates": [
          [
            [
              5.5905555555555555,
              51.03077706568089
            ],
            [
              5.60209632424163,
              51.03045960342783
            ],
            [
              5.613548789888272,
              51.02950964573707
            ],
            [
              5.624825335899489,
              51.02793446092934
            ],
            [
              5.635839712897513,
              51.02574610008003
            ],
            [
              5.6465077082173885,
              51.02296130337509
            ],
            [
              5.656747798623143,
              51.01960137009261
            ],
            [
              5.666481780915122,
              51.0156919932805
            ],
            [
              5.675635375317716,
              51.01126306048793
            ],
            [
              5.684138796804931,
              51.00634842218202
            ],
            [
              5.691927289833925,
              51.00098562973913
            ],
            [
              5.698941622309347,
              50.99521564513964
            ],
            [
              5.705128534988757,
              50.989082524714185
            ],
            [
              5.710441142956447,
              50.982633079486114
            ],
            [
              5.714839286233822,
              50.975916514828526
            ],
            [
              5.718289827053402,
              50.968984052302375
            ],
            [
              5.720766891794988,
              50.96188853666536
            ],
            [
              5.722252056060672,
              50.954684031137866
            ],
            [
              5.72273447184517,
              50.94742540408299
            ],
            [
              5.722210936234177,
              50.94016791030141
            ],
            [
              5.720685901531532,
              50.932966770160455
            ],
            [
              5.718171427171863,
              50.92587674976927
            ],
            [
              5.714687074215221,
              50.91895174538051
            ],
            [
              5.710259743641067,
              50.9122443751432
            ],
            [
              5.7049234600581205,
              50.90580558125375
            ],
            [
              5.698719102821984,
              50.8996842454528
            ],
            [
              5.691694086902565,
              50.89392682069637
            ],
            [
              5.683901996167049,
              50.88857698169224
            ],
            [
              5.675402172040867,
              50.88367529683767
            ],
            [
              5.666259260778452,
              50.879258923924404
            ],
            [
              5.656542722817699,
              50.875361331792334
            ],
            [
              5.646326307907212,
              50.872012049916584
            ],
            [
              5.635687499884116,
              50.86923644770442
            ],
            [
              5.624706935143141,
              50.86705554506061
            ],
            [
              5.613467798975509,
              50.86548585555425
            ],
            [
              5.602055204069646,
              50.864539263286275
            ],
            [
              5.5905555555555555,
              50.8642229343191
            ],
            [
              5.579055907041465,
              50.864539263286275
            ],
            [
              5.567643312135602,
              50.86548585555425
            ],
            [
              5.5564041759679705,
              50.86705554506061
            ],
            [
              5.545423611226995,
              50.86923644770442
            ],
            [
              5.534784803203899,
              50.872012049916584
            ],
            [
              5.524568388293413,
              50.875361331792334
            ],
            [
              5.51485185033266,
              50.879258923924404
            ],
            [
              5.505708939070244,
              50.88367529683767
            ],
            [
              5.497209114944063,
              50.88857698169224
            ],
            [
              5.489417024208547,
              50.89392682069637
            ],
            [
              5.482392008289127,
              50.8996842454528
            ],
            [
              5.4761876510529905,
              50.90580558125375
            ],
            [
              5.470851367470044,
              50.9122443751432
            ],
            [
              5.466424036895891,
              50.91895174538051
            ],
            [
              5.462939683939248,
              50.92587674976927
            ],
            [
              5.46042520957958,
              50.932966770160455
            ],
            [
              5.458900174876935,
              50.94016791030141
            ],
            [
              5.458376639265942,
              50.94742540408299
            ],
            [
              5.45885905505044,
              50.954684031137866
            ],
            [
              5.460344219316124,
              50.96188853666536
            ],
            [
              5.46282128405771,
              50.968984052302375
            ],
            [
              5.46627182487729,
              50.975916514828526
            ],
            [
              5.470669968154664,
              50.982633079486114
            ],
            [
              5.475982576122355,
              50.989082524714185
            ],
            [
              5.482169488801764,
              50.99521564513964
            ],
            [
              5.489183821277186,
              51.00098562973913
            ],
            [
              5.496972314306181,
              51.00634842218202
            ],
            [
              5.505475735793395,
              51.01126306048793
            ],
            [
              5.514629330195989,
              51.0156919932805
            ],
            [
              5.524363312487968,
              51.01960137009261
            ],
            [
              5.5346034028937225,
              51.02296130337509
            ],
            [
              5.545271398213598,
              51.02574610008003
            ],
            [
              5.556285775211623,
              51.02793446092934
            ],
            [
              5.567562321222839,
              51.02950964573707
            ],
            [
              5.5790147868694815,
              51.03045960342783
            ],
            [
              5.5905555555555555,
              51.03077706568089
            ]
          ]
        ]
      }
    },
    {
      "type": "Feature",
      "id": "ENR5-5-LOW-FLYING-AREA-GOLF-ONE",
      "properties": {
        "id": "ENR5-5-LOW-FLYING-AREA-GOLF-ONE",
        "name": "LOW FLYING AREA GOLF ONE",
        "chapter": "ENR 5.5",
        "upperLimit": "FL055",
        "lowerLimit": "4500FTAMSL",
        "verticalLimits": "FL055 / 4500FTAMSL",
        "lateralLimits": "511635N0032236E- 510500N0031500E- 510357N0025825E- 505900N0024917E- 510043N0023905E- 510059N0023428E- along the Belgian-French border- 493232N0054520E- 493537N0054356E- 494032N0054956E- 494328N0054956E- along the Belgian-Luxembourg border- 500748N0060816E- along the Belgian- German border- 504515N0060116E- 504259N0055149E- 503917N 0054900E - 502426N 0052347E - an arc of circle, 6.5NM radius, centred on 502912N0051650E and traced clockwise to 503101N0050701E- 503814N0050408E- 504817N0051953E- 505150N0052933E- 505223N0053407E- 505000N0053854E- along the Belgian-Dutch border- 512844N0043011E- 511807N0043011E- 511835N0043325E- 511938N0044052E- an arc of circle, 26NM radius, centred on 505408N0043217E and traced clockwise to 511332N0045955E- 510605N0051000E- 510122N0051315E- an arc of circle, 40NM radius, centred on 510954N0041102E and traced clockwise to 503810N0044949E- 503640N 0045629E - 502407N 0045910E - 501842N 0041627E - 502920N 0034840E - 503059N 0034410E - 504012N 0033609E - 505334N 0032421E - 510314N 0032818E - 511257N 0035731E - along the Belgian-Dutch border - 511635N 0032236E. ⁽²⁾",
        "restrictionOrHazard": "Glider activity.",
        "timeOfActivity": "HJ (outside ATCC OPR HR) ⁽³⁾",
        "aipSource": "Belgium and Luxembourg AIP ENR 5.5",
        "aipPage": "ENR 5.5-10",
        "amendment": "AMDT 007/2026",
        "effectiveDate": "09-JUL-2026",
        "aipNotes": [
          "(1) Airspace class G during activation.",
          "(2). Excluding Reserved or Segregated areas (TRA/TSA), the activation as announced by NOTAM. Liège TMA Three, Four and Five excluded during activation.",
          "(3) Activation can be checked with Brussels FIC on FREQ 126.900MHZ or TEL +32 (0) 2 206 29 49."
        ],
        "geometryNote": "Published border/coastline/river segments are represented by straight joins between their published anchor points. Published circular arcs are geodesically sampled at maximum 3 degrees.",
        "color": null,
        "colorNote": "No matching colour classification identified on the Brussels FIR Structure chart.",
        "areaType": "recreational",
        "footnoteReferences": {
          "lateralLimits": [
            2
          ],
          "timeOfActivity": [
            3
          ]
        }
      },
      "geometry": {
        "type": "Polygon",
        "coordinates": [
          [
            [
              3.3766666666666665,
              51.27638888888889
            ],
            [
              3.25,
              51.083333333333336
            ],
            [
              2.9736111111111114,
              51.06583333333333
            ],
            [
              2.8213888888888885,
              50.983333333333334
            ],
            [
              2.651388888888889,
              51.011944444444445
            ],
            [
              2.574444444444444,
              51.01638888888889
            ],
            [
              5.7555555555555555,
              49.54222222222222
            ],
            [
              5.732222222222222,
              49.593611111111116
            ],
            [
              5.832222222222222,
              49.675555555555555
            ],
            [
              5.832222222222222,
              49.724444444444444
            ],
            [
              6.137777777777778,
              50.13
            ],
            [
              6.021111111111111,
              50.75416666666667
            ],
            [
              5.863611111111111,
              50.71638888888889
            ],
            [
              5.816666666666666,
              50.65472222222222
            ],
            [
              5.39638888888889,
              50.407222222222224
            ],
            [
              5.389738613128135,
              50.40349308832422
            ],
            [
              5.38279379113258,
              50.39998926210659
            ],
            [
              5.375573219182701,
              50.39672019493548
            ],
            [
              5.368096425015168,
              50.39369470304752
            ],
            [
              5.360383615457868,
              50.39092094417242
            ],
            [
              5.352455622391884,
              50.38840639591908
            ],
            [
              5.344333847178691,
              50.38615783597804
            ],
            [
              5.336040203693303,
              50.38418132418912
            ],
            [
              5.327597060106255,
              50.38248218651797
            ],
            [
              5.319027179559349,
              50.38106500098062
            ],
            [
              5.3103536598816845,
              50.379933585550376
            ],
            [
              5.301599872494021,
              50.379090988076406
            ],
            [
              5.292789400650651,
              50.37853947823838
            ],
            [
              5.283945977168998,
              50.37828054155679
            ],
            [
              5.275093421797856,
              50.37831487547329
            ],
            [
              5.266255578375725,
              50.378642387510716
            ],
            [
              5.2574562519309955,
              50.379262195516986
            ],
            [
              5.248719145875822,
              50.38017262999257
            ],
            [
              5.240067799445386,
              50.381371238495646
            ],
            [
              5.231525525533899,
              50.38285479211448
            ],
            [
              5.223115349078112,
              50.38461929399128
            ],
            [
              5.214859946138343,
              50.386659989876904
            ],
            [
              5.206781583825921,
              50.38897138069078
            ],
            [
              5.1989020612248,
              50.391547237055555
            ],
            [
              5.1912426514534875,
              50.39438061577107
            ],
            [
              5.183824045011762,
              50.39746387818743
            ],
            [
              5.176666294554596,
              50.400788710432224
            ],
            [
              5.169788761233461,
              50.40434614544216
            ],
            [
              5.16321006274262,
              50.40812658674503
            ],
            [
              5.156948023205198,
              50.412119833933
            ],
            [
              5.151019625030667,
              50.41631510976427
            ],
            [
              5.145440962871967,
              50.42070108882553
            ],
            [
              5.140227199806705,
              50.42526592768338
            ],
            [
              5.135392525862825,
              50.4299972964493
            ],
            [
              5.130950119004676,
              50.43488241167828
            ],
            [
              5.126912108690709,
              50.43990807051782
            ],
            [
              5.123289542108842,
              50.445060686020305
            ],
            [
              5.120092353190146,
              50.45032632352827
            ],
            [
              5.117329334495599,
              50.45569073803895
            ],
            [
              5.11500811206451,
              50.46113941245151
            ],
            [
              5.113135123306631,
              50.46665759659729
            ],
            [
              5.111715598013058,
              50.472230346951065
            ],
            [
              5.110753542553722,
              50.4778425669188
            ],
            [
              5.110251727321678,
              50.48347904759537
            ],
            [
              5.110211677476343,
              50.48912450888365
            ],
            [
              5.110633667029583,
              50.49476364086514
            ],
            [
              5.11151671630989,
              50.500381145310634
            ],
            [
              5.112858592830936,
              50.505961777218495
            ],
            [
              5.114655815581584,
              50.51149038626763
            ],
            [
              5.1169036627449875,
              50.51695195807154
            ],
            [
              5.068888888888889,
              50.63722222222222
            ],
            [
              5.331388888888888,
              50.80472222222222
            ],
            [
              5.4925,
              50.86388888888889
            ],
            [
              5.568611111111111,
              50.87305555555555
            ],
            [
              5.6483333333333325,
              50.833333333333336
            ],
            [
              4.503055555555555,
              51.47888888888889
            ],
            [
              4.503055555555555,
              51.301944444444445
            ],
            [
              4.5569444444444445,
              51.30972222222222
            ],
            [
              4.681111111111111,
              51.327222222222225
            ],
            [
              4.7162384768546275,
              51.321956315943936
            ],
            [
              4.750871368292903,
              51.315546868273
            ],
            [
              4.784913924522692,
              51.30801166454905
            ],
            [
              4.818272052797206,
              51.29937160423496
            ],
            [
              4.850853706455308,
              51.28965063831631
            ],
            [
              4.882569155035106,
              51.2788756977105
            ],
            [
              4.913331245600107,
              51.26707661296015
            ],
            [
              4.9430556543614,
              51.25428602551565
            ],
            [
              4.971661127739516,
              51.240539290941356
            ],
            [
              4.999069712074058,
              51.22587437440689
            ],
            [
              5.166666666666667,
              51.10138888888889
            ],
            [
              5.220833333333333,
              51.022777777777776
            ],
            [
              5.207850413144375,
              50.9903817059383
            ],
            [
              5.192324818649402,
              50.95843373541002
            ],
            [
              5.174300247633871,
              50.92701311105029
            ],
            [
              5.153826318101544,
              50.89619761205202
            ],
            [
              5.130958402854097,
              50.86606336854326
            ],
            [
              5.10575745380108,
              50.83668468351741
            ],
            [
              5.078289816742266,
              50.80813386040303
            ],
            [
              5.048627037341491,
              50.78048103656097
            ],
            [
              5.016845658985138,
              50.75379402297434
            ],
            [
              4.983027013190214,
              50.72813815037686
            ],
            [
              4.947257003196954,
              50.70357612204493
            ],
            [
              4.909625881349501,
              50.68016787346031
            ],
            [
              4.8702280208359925,
              50.65797043903239
            ],
            [
              4.829161682326735,
              50.6370378260521
            ],
            [
              4.9413888888888895,
              50.611111111111114
            ],
            [
              4.986111111111112,
              50.401944444444446
            ],
            [
              4.274166666666667,
              50.31166666666666
            ],
            [
              3.811111111111111,
              50.48888888888889
            ],
            [
              3.736111111111111,
              50.51638888888889
            ],
            [
              3.6025,
              50.669999999999995
            ],
            [
              3.4058333333333333,
              50.89277777777778
            ],
            [
              3.4716666666666667,
              51.053888888888885
            ],
            [
              3.9586111111111113,
              51.215833333333336
            ],
            [
              3.3766666666666665,
              51.27638888888889
            ]
          ]
        ]
      }
    },
    {
      "type": "Feature",
      "id": "ENR5-5-LOW-FLYING-AREA-GOLF-TWO-NORTH",
      "properties": {
        "id": "ENR5-5-LOW-FLYING-AREA-GOLF-TWO-NORTH",
        "name": "LOW FLYING AREA GOLF TWO NORTH",
        "chapter": "ENR 5.5",
        "upperLimit": "FL075",
        "lowerLimit": "FL055",
        "verticalLimits": "FL075/ FL055",
        "lateralLimits": "512844N0043011E- 511807N0043011E- 511835N0043325E- 511938N0044052E- an arc of circle, 26NM radius, centred on 505408N0043217E and traced clockwise to 511332N0045955E- 510605N0051000E- 510122N 0051315E - 510057N 0051655E - 505000N0053854E- along the Belgian- Dutch border- 512844N0043011E. ⁽²⁾",
        "restrictionOrHazard": "Glider activity.",
        "timeOfActivity": "HX ⁽³⁾",
        "aipSource": "Belgium and Luxembourg AIP ENR 5.5",
        "aipPage": "ENR 5.5-10",
        "amendment": "AMDT 007/2026",
        "effectiveDate": "09-JUL-2026",
        "aipNotes": [
          "(1) Airspace class G during activation. Activation can only be refused for motivated operational reasons.",
          "(2). Excluding Reserved or Segregated areas (TRA/TSA), the activation as announced by NOTAM.",
          "(3) Only during activation of Low Flying Area Golf One. Brussels ACC will release Low Flying Area Golf Two North on request of the \"Liga van Vlaamse zweefclubs\" with 30MIN prior notice to be addressed to the Brussels ACC Supervisor. Activation can be checked with Brussels FIC on FREQ 126.900MHZ or TEL +32 (0) 2 206 29 49."
        ],
        "geometryNote": "Published border/coastline/river segments are represented by straight joins between their published anchor points. Published circular arcs are geodesically sampled at maximum 3 degrees.",
        "color": null,
        "colorNote": "No matching colour classification identified on the Brussels FIR Structure chart.",
        "areaType": "recreational",
        "footnoteReferences": {
          "lateralLimits": [
            2
          ],
          "timeOfActivity": [
            3
          ]
        }
      },
      "geometry": {
        "type": "Polygon",
        "coordinates": [
          [
            [
              4.503055555555555,
              51.47888888888889
            ],
            [
              4.503055555555555,
              51.301944444444445
            ],
            [
              4.5569444444444445,
              51.30972222222222
            ],
            [
              4.681111111111111,
              51.327222222222225
            ],
            [
              4.7162384768546275,
              51.321956315943936
            ],
            [
              4.750871368292903,
              51.315546868273
            ],
            [
              4.784913924522692,
              51.30801166454905
            ],
            [
              4.818272052797206,
              51.29937160423496
            ],
            [
              4.850853706455308,
              51.28965063831631
            ],
            [
              4.882569155035106,
              51.2788756977105
            ],
            [
              4.913331245600107,
              51.26707661296015
            ],
            [
              4.9430556543614,
              51.25428602551565
            ],
            [
              4.971661127739516,
              51.240539290941356
            ],
            [
              4.999069712074058,
              51.22587437440689
            ],
            [
              5.166666666666667,
              51.10138888888889
            ],
            [
              5.220833333333333,
              51.022777777777776
            ],
            [
              5.281944444444444,
              51.01583333333333
            ],
            [
              5.6483333333333325,
              50.833333333333336
            ],
            [
              4.503055555555555,
              51.47888888888889
            ]
          ]
        ]
      }
    },
    {
      "type": "Feature",
      "id": "ENR5-5-LOW-FLYING-AREA-GOLF-TWO-SOUTH",
      "properties": {
        "id": "ENR5-5-LOW-FLYING-AREA-GOLF-TWO-SOUTH",
        "name": "LOW FLYING AREA GOLF TWO SOUTH",
        "chapter": "ENR 5.5",
        "upperLimit": "FL075",
        "lowerLimit": "FL055",
        "verticalLimits": "FL075/ FL055",
        "lateralLimits": "500206N 0040901E - 502317N 0052111E - an arc of circle, 6.5NM radius, centred on 502912N 0051650E and traced counterclockwise to 502426N 0052347E - 503029N 0053401E - 503053N 0053725E - 503726N 0061055E - along the Belgian-German border - 500748N 0060816E - along the Belgian-Luxembourg border - 494328N 0054955E - 494032N 0054956E - 493702N 0054540E - 493258N 0052644E - along the Belgian-French border - 500206N 0040901E. ⁽²⁾",
        "restrictionOrHazard": "Glider activity.",
        "timeOfActivity": "HX ⁽³⁾",
        "aipSource": "Belgium and Luxembourg AIP ENR 5.5",
        "aipPage": "ENR 5.5-11",
        "amendment": "AMDT 003/2025",
        "effectiveDate": "20-MAR-2025",
        "aipNotes": [
          "(1) Airspace class G during activation. Activation can only be refused for motivated operational reasons.",
          "(2). Excluding Reserved or Segregated areas (TRA/TSA), the activation as announced by NOTAM.",
          "(3) Only during activation of Low Flying Area Golf One. Brussels ACC will release Low Flying Area Golf Two South on request of the \"Fédération des Clubs francophones de Vol à voile\" with 30MIN prior notice to be addressed to the Brussels ACC Supervisor. Activation can be checked with Brussels FIC on FREQ 126.900MHZ or TEL +32 (0) 2 206 29 49."
        ],
        "geometryNote": "Published border/coastline/river segments are represented by straight joins between their published anchor points. Published circular arcs are geodesically sampled at maximum 3 degrees.",
        "color": null,
        "colorNote": "No matching colour classification identified on the Brussels FIR Structure chart.",
        "areaType": "recreational",
        "footnoteReferences": {
          "lateralLimits": [
            2
          ],
          "timeOfActivity": [
            3
          ]
        }
      },
      "geometry": {
        "type": "Polygon",
        "coordinates": [
          [
            [
              4.150277777777778,
              50.035
            ],
            [
              5.353055555555555,
              50.38805555555555
            ],
            [
              5.360965503188675,
              50.39057488273979
            ],
            [
              5.368661227388056,
              50.393351327153106
            ],
            [
              5.3761221845096525,
              50.39637749126331
            ],
            [
              5.383328445362262,
              50.39964531071454
            ],
            [
              5.390260747881965,
              50.403146075443324
            ],
            [
              5.396900548182779,
              50.406870452503284
            ],
            [
              5.566944444444444,
              50.50805555555556
            ],
            [
              5.623611111111112,
              50.514722222222225
            ],
            [
              6.1819444444444445,
              50.62388888888889
            ],
            [
              6.137777777777778,
              50.13
            ],
            [
              5.831944444444444,
              49.724444444444444
            ],
            [
              5.832222222222222,
              49.675555555555555
            ],
            [
              5.761111111111111,
              49.617222222222225
            ],
            [
              5.445555555555556,
              49.54944444444444
            ],
            [
              4.150277777777778,
              50.035
            ]
          ]
        ]
      }
    },
    {
      "type": "Feature",
      "id": "ENR5-5-LOW-FLYING-AREA-GOLF-TWO-WEST",
      "properties": {
        "id": "ENR5-5-LOW-FLYING-AREA-GOLF-TWO-WEST",
        "name": "LOW FLYING AREA GOLF TWO WEST",
        "chapter": "ENR 5.5",
        "upperLimit": "FL075",
        "lowerLimit": "FL055",
        "verticalLimits": "FL075/ FL055",
        "lateralLimits": "510059N0023428E- 510043N0023905E- 505900N0024917E- 505334N0032421E- 503548N0033959E- 503119N0033107E- along the Belgian-French border- 510059N0023428E. ⁽²⁾",
        "restrictionOrHazard": "Glider activity.",
        "timeOfActivity": "HX ⁽³⁾",
        "aipSource": "Belgium and Luxembourg AIP ENR 5.5",
        "aipPage": "ENR 5.5-11",
        "amendment": "AMDT 003/2025",
        "effectiveDate": "20-MAR-2025",
        "aipNotes": [
          "(1) Airspace class G during activation. Activation can only be refused for motivated operational reasons.",
          "(2). Excluding Reserved or Segregated areas (TRA/TSA), the activation as announced by NOTAM.",
          "(3) Only during activation of Low Flying Area Golf One. Brussels ACC will release Low Flying Area Golf Two West on request of the \"Liga van Vlaamse zweefclubs\" with 30MIN prior notice to be addressed to the Brussels ACC Supervisor. Activation can be checked with Brussels FIC on FREQ 126.900MHZ or TEL +32 (0) 2 206 29 49."
        ],
        "geometryNote": "Published border/coastline/river segments are represented by straight joins between their published anchor points.",
        "color": null,
        "colorNote": "No matching colour classification identified on the Brussels FIR Structure chart.",
        "areaType": "recreational",
        "footnoteReferences": {
          "lateralLimits": [
            2
          ],
          "timeOfActivity": [
            3
          ]
        }
      },
      "geometry": {
        "type": "Polygon",
        "coordinates": [
          [
            [
              2.574444444444444,
              51.01638888888889
            ],
            [
              2.651388888888889,
              51.011944444444445
            ],
            [
              2.8213888888888885,
              50.983333333333334
            ],
            [
              3.4058333333333333,
              50.89277777777778
            ],
            [
              3.6663888888888887,
              50.59666666666667
            ],
            [
              3.518611111111111,
              50.52194444444444
            ],
            [
              2.574444444444444,
              51.01638888888889
            ]
          ]
        ]
      }
    },
    {
      "type": "Feature",
      "id": "ENR5-5-LOW-FLYING-AREA-GOLF-THREE",
      "properties": {
        "id": "ENR5-5-LOW-FLYING-AREA-GOLF-THREE",
        "name": "LOW FLYING AREA GOLF THREE",
        "chapter": "ENR 5.5",
        "upperLimit": "FL065",
        "lowerLimit": "4500FTAMSL",
        "verticalLimits": "FL065/ 4500FTAMSL",
        "lateralLimits": "503053N0053725E- 503343N0055152E- 503420N 0055956E - 501955N 0055956E - 501324N 0060343E - 501011N 0060832E- along the Belgian-German border- 500748N 0060816E - along the Belgian- Luxembourg border - 500426N0055210E- 502810N 0053819E - 503053N0053725E. ⁽²⁾",
        "restrictionOrHazard": "Glider activity.",
        "timeOfActivity": "HX ⁽³⁾",
        "aipSource": "Belgium and Luxembourg AIP ENR 5.5",
        "aipPage": "ENR 5.5-11",
        "amendment": "AMDT 003/2025",
        "effectiveDate": "20-MAR-2025",
        "aipNotes": [
          "(1) Airspace class G during activation. Activation can only be refused for motivated operational reasons.",
          "(2). Excluding Reserved or Segregated areas (TRA/TSA), the activation as announced by NOTAM.",
          "(3) HJ only. Brussels ACC will release Low Flying Area Golf Three on request of EBTX with 30MIN prior notice to be addressed to the Brussels ACC Supervisor. EBTX shall inform the Brussels ACC Supervisor of the end of the activity. During MIL activity, Brussels ACC will inform MIL ATC of activation of Low Flying Area Golf Three. Activation can be checked with Brussels FIC on FREQ 126.900MHZ or TEL +32 (0) 2 206 29 49."
        ],
        "geometryNote": "Published border/coastline/river segments are represented by straight joins between their published anchor points.",
        "color": null,
        "colorNote": "No matching colour classification identified on the Brussels FIR Structure chart.",
        "areaType": "recreational",
        "footnoteReferences": {
          "lateralLimits": [
            2
          ],
          "timeOfActivity": [
            3
          ]
        }
      },
      "geometry": {
        "type": "Polygon",
        "coordinates": [
          [
            [
              5.623611111111112,
              50.514722222222225
            ],
            [
              5.864444444444444,
              50.56194444444444
            ],
            [
              5.998888888888889,
              50.57222222222222
            ],
            [
              5.998888888888889,
              50.331944444444446
            ],
            [
              6.061944444444444,
              50.223333333333336
            ],
            [
              6.142222222222222,
              50.16972222222222
            ],
            [
              6.137777777777778,
              50.13
            ],
            [
              5.869444444444445,
              50.073888888888895
            ],
            [
              5.638611111111111,
              50.46944444444445
            ],
            [
              5.623611111111112,
              50.514722222222225
            ]
          ]
        ]
      }
    },
    {
      "type": "Feature",
      "id": "ENR5-5-LOW-FLYING-AREA-GOLF-FIVE-EAST",
      "properties": {
        "id": "ENR5-5-LOW-FLYING-AREA-GOLF-FIVE-EAST",
        "name": "LOW FLYING AREA GOLF FIVE EAST",
        "chapter": "ENR 5.5",
        "upperLimit": "FL095",
        "lowerLimit": "FL075",
        "verticalLimits": "FL095/ FL075",
        "lateralLimits": "503318N0055610E- 503754N0061308E- along the Belgian-German border- 502134N0062204E- 502240N0061131E- 503318N0055610E. ⁽²⁾",
        "restrictionOrHazard": "Glider activity.",
        "timeOfActivity": "HX ⁽³⁾",
        "aipSource": "Belgium and Luxembourg AIP ENR 5.5",
        "aipPage": "ENR 5.5-11",
        "amendment": "AMDT 003/2025",
        "effectiveDate": "20-MAR-2025",
        "aipNotes": [
          "(1) Airspace class G during activation. Activation can only be refused for motivated operational reasons.",
          "(2). Excluding Reserved or Segregated areas (TRA/TSA), the activation as announced by NOTAM.",
          "(3) Only during activation of Low Flying Area Golf One and Two. Brussels ACC will release Low Flying Area Golf Five on request of the \"Fédération des Clubs francophones de Vol à voile\" with 30MIN prior notice to be addressed to the Brussels ACC Supervisor. Activation can be checked with Brussels FIC on FREQ 126.900MHZ or TEL +32 (0) 2 206 29 49."
        ],
        "geometryNote": "Published border/coastline/river segments are represented by straight joins between their published anchor points.",
        "color": null,
        "colorNote": "No matching colour classification identified on the Brussels FIR Structure chart.",
        "areaType": "recreational",
        "footnoteReferences": {
          "lateralLimits": [
            2
          ],
          "timeOfActivity": [
            3
          ]
        }
      },
      "geometry": {
        "type": "Polygon",
        "coordinates": [
          [
            [
              5.936111111111112,
              50.555
            ],
            [
              6.218888888888889,
              50.63166666666667
            ],
            [
              6.3677777777777775,
              50.35944444444445
            ],
            [
              6.191944444444444,
              50.37777777777778
            ],
            [
              5.936111111111112,
              50.555
            ]
          ]
        ]
      }
    },
    {
      "type": "Feature",
      "id": "ENR5-5-LOW-FLYING-AREA-GOLF-FIVE-WEST",
      "properties": {
        "id": "ENR5-5-LOW-FLYING-AREA-GOLF-FIVE-WEST",
        "name": "LOW FLYING AREA GOLF FIVE WEST",
        "chapter": "ENR 5.5",
        "upperLimit": "FL095",
        "lowerLimit": "FL075",
        "verticalLimits": "FL095/ FL075",
        "lateralLimits": "500206N0040901E- 502810N0053819E- 500426N0055210E- along the Belgian-Luxembourg border- 494809N0054507E- 494137N0051624E- along the Belgian-French border- 500206N0040901E. ⁽²⁾",
        "restrictionOrHazard": "Glider activity.",
        "timeOfActivity": "HX ⁽³⁾",
        "aipSource": "Belgium and Luxembourg AIP ENR 5.5",
        "aipPage": "ENR 5.5-12",
        "amendment": "AMDT 003/2025",
        "effectiveDate": "20-MAR-2025",
        "aipNotes": [
          "(1) Airspace class G during activation. Activation can only be refused for motivated operational reasons.",
          "(2). Excluding Reserved or Segregated areas (TRA/TSA), the activation as announced by NOTAM.",
          "(3) Only during activation of Low Flying Area Golf One and Two. Brussels ACC will release Low Flying Area Golf Five on request of the \"Fédération des Clubs francophones de Vol à voile\" with 30MIN prior notice to be addressed to the Brussels ACC Supervisor. Activation can be checked with Brussels FIC on FREQ 126.900MHZ or TEL +32 (0) 2 206 29 49."
        ],
        "geometryNote": "Published border/coastline/river segments are represented by straight joins between their published anchor points.",
        "color": null,
        "colorNote": "No matching colour classification identified on the Brussels FIR Structure chart.",
        "areaType": "recreational",
        "footnoteReferences": {
          "lateralLimits": [
            2
          ],
          "timeOfActivity": [
            3
          ]
        }
      },
      "geometry": {
        "type": "Polygon",
        "coordinates": [
          [
            [
              4.150277777777778,
              50.035
            ],
            [
              5.638611111111111,
              50.46944444444445
            ],
            [
              5.869444444444445,
              50.073888888888895
            ],
            [
              5.751944444444445,
              49.802499999999995
            ],
            [
              5.273333333333333,
              49.69361111111111
            ],
            [
              4.150277777777778,
              50.035
            ]
          ]
        ]
      }
    },
    {
      "type": "Feature",
      "id": "ENR5-5-EBBUGLD11-GLIDER-AREA-SAINT-HUBERT",
      "properties": {
        "id": "ENR5-5-EBBUGLD11-GLIDER-AREA-SAINT-HUBERT",
        "name": "EBBUGLD11 - GLIDER AREA SAINT-HUBERT",
        "chapter": "ENR 5.5",
        "upperLimit": "FL 065",
        "lowerLimit": "4500 FT AMSL",
        "verticalLimits": "FL 065 / 4500 FT AMSL",
        "lateralLimits": "500557N 0045210E - 500657N 0050553E - 501252N 0052512E - 495757N 0054744E- along the Belgian- Luxembourg border- 494738N 0054729E - 494106N 0053116E - 494038N 0051741E - along the Belgian- French border - 500557N 0045210E. ⁽³⁾",
        "restrictionOrHazard": "Glider activity. ⁽⁴⁾",
        "timeOfActivity": "by NOTAM ⁽⁵⁾⁽⁶⁾",
        "aipSource": "Belgium and Luxembourg AIP ENR 5.5",
        "aipPage": "ENR 5.5-13",
        "amendment": "AMDT 003/2026",
        "effectiveDate": "19-MAR-2026",
        "aipNotes": [
          "(1) Airspace class G during activation.",
          "(2) Gliders equipped with transponders should select code A1477.",
          "(3) Conflicting areas activated by NOTAM are excluded, except TSA25C and TSA26B.",
          "(4) Non-military aircraft should establish two-way radio contact with Saint-Hubert Radio on 122.180 (8.33 KHZ CH) or Bertrix Radio on 130.130 (8.33 KHZ CH), as applicable.",
          "(5) May be activated from 01 APR till 30 SEP, from 1000 (0900) to SS (or the closure of Steenokkerzeel ATCC, whichever is earlier). NOTAM will be issued not later than 1600",
          "(1500) on the day before activation.",
          "(6) Activation can be checked with Brussels FIC (FREQ 126.900 MHZ or TEL +32 (0) 2 206 29 49) or Steenokkerzeel ATCC (FREQ 129.325 MHZ or TEL +32 (0) 2 443 82 04)."
        ],
        "geometryNote": "Published border/coastline/river segments are represented by straight joins between their published anchor points.",
        "color": null,
        "colorNote": "No matching colour classification identified on the Brussels FIR Structure chart.",
        "areaType": "recreational",
        "footnoteReferences": {
          "lateralLimits": [
            3
          ],
          "restrictionOrHazard": [
            4
          ],
          "timeOfActivity": [
            5,
            6
          ]
        }
      },
      "geometry": {
        "type": "Polygon",
        "coordinates": [
          [
            [
              4.869444444444445,
              50.09916666666667
            ],
            [
              5.098055555555555,
              50.115833333333335
            ],
            [
              5.42,
              50.214444444444446
            ],
            [
              5.795555555555556,
              49.965833333333336
            ],
            [
              5.791388888888889,
              49.79388888888889
            ],
            [
              5.521111111111111,
              49.684999999999995
            ],
            [
              5.294722222222222,
              49.67722222222222
            ],
            [
              4.869444444444445,
              50.09916666666667
            ]
          ]
        ]
      }
    },
    {
      "type": "Feature",
      "id": "ENR5-5-EBBUGLD12-GLIDER-AREA-LA-ROCHE",
      "properties": {
        "id": "ENR5-5-EBBUGLD12-GLIDER-AREA-LA-ROCHE",
        "name": "EBBUGLD12 - GLIDER AREA LA ROCHE",
        "chapter": "ENR 5.5",
        "upperLimit": "FL 065",
        "lowerLimit": "4500 FT AMSL",
        "verticalLimits": "FL 065 / 4500 FT AMSL",
        "lateralLimits": "501252N 0052512E - 501654N 0054455E - 500426N 0055210E - along the Belgian-Luxembourg border- 495757N 0054744E - 501252N 0052512E. ⁽³⁾",
        "restrictionOrHazard": "Glider activity. ⁽⁴⁾",
        "timeOfActivity": "by NOTAM ⁽⁵⁾⁽⁶⁾",
        "aipSource": "Belgium and Luxembourg AIP ENR 5.5",
        "aipPage": "ENR 5.5-13",
        "amendment": "AMDT 003/2026",
        "effectiveDate": "19-MAR-2026",
        "aipNotes": [
          "(1) Airspace class G during activation.",
          "(2) Gliders equipped with transponders should select code A1477.",
          "(3) Conflicting areas activated by NOTAM are excluded.",
          "(4) Non-military aircraft should establish two-way radio contact with Saint-Hubert Radio on 122.180 (8.33 KHZ CH).",
          "(5) May be activated from 01 APR till 30 SEP, from 1000 (0900) to SS (or the closure of Steenokkerzeel ATCC, whichever is earlier). NOTAM will be issued not later than 1600",
          "(1500) on the day before activation.",
          "(6) Activation can be checked with Brussels FIC (FREQ 126.900 MHZ or TEL +32 (0) 2 206 29 49) or Steenokkerzeel ATCC (FREQ 129.325 MHZ or TEL +32 (0) 2 443 82 04)."
        ],
        "geometryNote": "Published border/coastline/river segments are represented by straight joins between their published anchor points.",
        "color": null,
        "colorNote": "No matching colour classification identified on the Brussels FIR Structure chart.",
        "areaType": "recreational",
        "footnoteReferences": {
          "lateralLimits": [
            3
          ],
          "restrictionOrHazard": [
            4
          ],
          "timeOfActivity": [
            5,
            6
          ]
        }
      },
      "geometry": {
        "type": "Polygon",
        "coordinates": [
          [
            [
              5.42,
              50.214444444444446
            ],
            [
              5.748611111111111,
              50.281666666666666
            ],
            [
              5.869444444444445,
              50.073888888888895
            ],
            [
              5.795555555555556,
              49.965833333333336
            ],
            [
              5.42,
              50.214444444444446
            ]
          ]
        ]
      }
    },
    {
      "type": "Feature",
      "id": "ENR5-5-EBBUGLD13-GLIDER-AREA-MALMEDY",
      "properties": {
        "id": "ENR5-5-EBBUGLD13-GLIDER-AREA-MALMEDY",
        "name": "EBBUGLD13 - GLIDER AREA MALMEDY",
        "chapter": "ENR 5.5",
        "upperLimit": "FL 065",
        "lowerLimit": "4500 FT AMSL",
        "verticalLimits": "FL 065 / 4500 FT AMSL",
        "lateralLimits": "501654N 0054455E - 501955N 0055956E - 503420N 0055956E - 503754N 0061308E- along the Belgian- German border- 500748N 0060816E - along the Belgian-Luxembourg - 500426N 0055210E - 501654N 0054455E. ⁽²⁾",
        "restrictionOrHazard": "Glider activity. ⁽³⁾",
        "timeOfActivity": "by NOTAM ⁽⁴⁾⁽⁵⁾",
        "aipSource": "Belgium and Luxembourg AIP ENR 5.5",
        "aipPage": "ENR 5.5-13",
        "amendment": "AMDT 003/2026",
        "effectiveDate": "19-MAR-2026",
        "aipNotes": [
          "(1) Airspace class G during activation.",
          "(2) Conflicting areas activated by NOTAM are excluded.",
          "(3) Non-military aircraft should establish two-way radio contact with Saint-Hubert Radio on 122.180 (8.33 KHZ CH).",
          "(4) May be activated from 01 APR till 30 SEP, from 1000 (0900) to SS (or the closure of Steenokkerzeel ATCC, whichever is earlier). NOTAM will be issued not later than 1600",
          "(1500) on the day before activation.",
          "(5) Activation can be checked with Brussels FIC (FREQ 126.900 MHZ or TEL +32 (0) 2 206 29 49) or Steenokkerzeel ATCC (FREQ 129.325 MHZ or TEL +32 (0) 2 443 82 04)."
        ],
        "geometryNote": "Published border/coastline/river segments are represented by straight joins between their published anchor points.",
        "color": null,
        "colorNote": "No matching colour classification identified on the Brussels FIR Structure chart.",
        "areaType": "recreational",
        "footnoteReferences": {
          "lateralLimits": [
            2
          ],
          "restrictionOrHazard": [
            3
          ],
          "timeOfActivity": [
            4,
            5
          ]
        }
      },
      "geometry": {
        "type": "Polygon",
        "coordinates": [
          [
            [
              5.748611111111111,
              50.281666666666666
            ],
            [
              5.998888888888889,
              50.331944444444446
            ],
            [
              5.998888888888889,
              50.57222222222222
            ],
            [
              6.218888888888889,
              50.63166666666667
            ],
            [
              6.137777777777778,
              50.13
            ],
            [
              5.869444444444445,
              50.073888888888895
            ],
            [
              5.748611111111111,
              50.281666666666666
            ]
          ]
        ]
      }
    },
    {
      "type": "Feature",
      "id": "ENR5-5-BETTENDORF",
      "properties": {
        "id": "ENR5-5-BETTENDORF",
        "name": "BETTENDORF",
        "chapter": "ENR 5.5",
        "upperLimit": "3 500 FTAMSL",
        "lowerLimit": "GND",
        "verticalLimits": "3 500 FTAMSL / GND",
        "lateralLimits": "495133N0061340E.",
        "restrictionOrHazard": "Paragliding.",
        "timeOfActivity": "HJ. In VMC only.",
        "aipSource": "Belgium and Luxembourg AIP ENR 5.5",
        "aipPage": "ENR 5.5-17",
        "amendment": "AMDT 005/2026",
        "effectiveDate": "14-MAY-2026",
        "geometryNote": "Published as a single location rather than an area boundary.",
        "color": null,
        "colorNote": "No matching colour classification identified on the Brussels FIR Structure chart.",
        "areaType": "recreational"
      },
      "geometry": {
        "type": "Point",
        "coordinates": [
          6.227777777777778,
          49.85916666666667
        ]
      }
    },
    {
      "type": "Feature",
      "id": "ENR5-5-CONSTHUM",
      "properties": {
        "id": "ENR5-5-CONSTHUM",
        "name": "CONSTHUM",
        "chapter": "ENR 5.5",
        "upperLimit": "3 500 FTAMSL",
        "lowerLimit": "GND",
        "verticalLimits": "3 500 FTAMSL / GND",
        "lateralLimits": "495828N0060338E.",
        "restrictionOrHazard": "Paragliding.",
        "timeOfActivity": "HJ. In VMC only.",
        "aipSource": "Belgium and Luxembourg AIP ENR 5.5",
        "aipPage": "ENR 5.5-17",
        "amendment": "AMDT 005/2026",
        "effectiveDate": "14-MAY-2026",
        "geometryNote": "Published as a single location rather than an area boundary.",
        "color": null,
        "colorNote": "No matching colour classification identified on the Brussels FIR Structure chart.",
        "areaType": "recreational"
      },
      "geometry": {
        "type": "Point",
        "coordinates": [
          6.060555555555555,
          49.974444444444444
        ]
      }
    },
    {
      "type": "Feature",
      "id": "ENR5-5-KAUTENBACH",
      "properties": {
        "id": "ENR5-5-KAUTENBACH",
        "name": "KAUTENBACH",
        "chapter": "ENR 5.5",
        "upperLimit": "3 500 FTAMSL",
        "lowerLimit": "GND",
        "verticalLimits": "3 500 FTAMSL / GND",
        "lateralLimits": "495707N0060153E.",
        "restrictionOrHazard": "Paragliding.",
        "timeOfActivity": "HJ. In VMC only.",
        "aipSource": "Belgium and Luxembourg AIP ENR 5.5",
        "aipPage": "ENR 5.5-17",
        "amendment": "AMDT 005/2026",
        "effectiveDate": "14-MAY-2026",
        "geometryNote": "Published as a single location rather than an area boundary.",
        "color": null,
        "colorNote": "No matching colour classification identified on the Brussels FIR Structure chart.",
        "areaType": "recreational"
      },
      "geometry": {
        "type": "Point",
        "coordinates": [
          6.0313888888888885,
          49.95194444444445
        ]
      }
    },
    {
      "type": "Feature",
      "id": "ENR5-5-MICHELAU-2",
      "properties": {
        "id": "ENR5-5-MICHELAU-2",
        "name": "MICHELAU",
        "chapter": "ENR 5.5",
        "upperLimit": "3 500 FTAMSL",
        "lowerLimit": "GND",
        "verticalLimits": "3 500 FTAMSL / GND",
        "lateralLimits": "495352N0060449E.",
        "restrictionOrHazard": "Paragliding.",
        "timeOfActivity": "HJ. In VMC only.",
        "aipSource": "Belgium and Luxembourg AIP ENR 5.5",
        "aipPage": "ENR 5.5-17",
        "amendment": "AMDT 005/2026",
        "effectiveDate": "14-MAY-2026",
        "geometryNote": "Published as a single location rather than an area boundary.",
        "color": null,
        "colorNote": "No matching colour classification identified on the Brussels FIR Structure chart.",
        "areaType": "recreational"
      },
      "geometry": {
        "type": "Point",
        "coordinates": [
          6.080277777777778,
          49.897777777777776
        ]
      }
    },
    {
      "type": "Feature",
      "id": "ENR5-5-WAHLHAUSEN",
      "properties": {
        "id": "ENR5-5-WAHLHAUSEN",
        "name": "WAHLHAUSEN",
        "chapter": "ENR 5.5",
        "upperLimit": "3 500 FTAMSL",
        "lowerLimit": "GND",
        "verticalLimits": "3 500 FTAMSL / GND",
        "lateralLimits": "495917N0060759E.",
        "restrictionOrHazard": "Paragliding.",
        "timeOfActivity": "HJ. In VMC only.",
        "aipSource": "Belgium and Luxembourg AIP ENR 5.5",
        "aipPage": "ENR 5.5-18",
        "amendment": "AMDT 005/2026",
        "effectiveDate": "14-MAY-2026",
        "geometryNote": "Published as a single location rather than an area boundary.",
        "color": null,
        "colorNote": "No matching colour classification identified on the Brussels FIR Structure chart.",
        "areaType": "recreational"
      },
      "geometry": {
        "type": "Point",
        "coordinates": [
          6.133055555555555,
          49.988055555555555
        ]
      }
    },
    {
      "type": "Feature",
      "id": "ENR5-5-WALDBILLIG",
      "properties": {
        "id": "ENR5-5-WALDBILLIG",
        "name": "WALDBILLIG",
        "chapter": "ENR 5.5",
        "upperLimit": "2 500 FTAMSL",
        "lowerLimit": "GND",
        "verticalLimits": "2 500 FTAMSL / GND",
        "lateralLimits": "494849N0061731E.",
        "restrictionOrHazard": "Paragliding.",
        "timeOfActivity": "HJ. In VMC only.",
        "aipSource": "Belgium and Luxembourg AIP ENR 5.5",
        "aipPage": "ENR 5.5-18",
        "amendment": "AMDT 005/2026",
        "effectiveDate": "14-MAY-2026",
        "geometryNote": "Published as a single location rather than an area boundary.",
        "color": null,
        "colorNote": "No matching colour classification identified on the Brussels FIR Structure chart.",
        "areaType": "recreational"
      },
      "geometry": {
        "type": "Point",
        "coordinates": [
          6.291944444444444,
          49.81361111111111
        ]
      }
    }
  ]
}
