{
  "type": "FeatureCollection",
  "name": "Belgium and Luxembourg AIP ENR 5.2 - Military Exercise and Training Areas",
  "aipSource": "Belgium and Luxembourg AIP ENR 5.2",
  "sourceFile": "EB_ENR_5_2_en.pdf",
  "importedOn": "2026-07-30",
  "airDefenceIdentificationZone": "NIL",
  "notes": "The literal published lateral and vertical limits, restriction/hazard and activity text are retained on every feature. Geometry is a map representation; consult lateralLimits for the authoritative AIP description.",
  "features": [
    {
      "type": "Feature",
      "id": "TRA NA",
      "properties": {
        "id": "TRA NA",
        "name": "TRA NA - TRA NORTH ALPHA",
        "chapter": "ENR 5.2",
        "upperLimit": "FL195",
        "lowerLimit": "4500FT AMSL ⁽²⁾",
        "verticalLimits": "FL195 / 4500FT AMSL ⁽²⁾",
        "lateralLimits": "512908N0044913E- along the Belgian-Dutch border- 505000N0053854E- 510057N0051655E- 510251N0045955E- 511835N0043325E- 511807N0043011E- 512136N 0043011E - 512908N0044913E. ⁽¹⁾",
        "restrictionOrHazard": "Air exercises and UAS flights (NATO Class III). Crossing clearance shall be requested in- flight from Steenokkerzeel ATCC.",
        "timeOfActivity": "HX ⁽³⁾",
        "aipSource": "Belgium and Luxembourg AIP ENR 5.2",
        "aipPage": "ENR 5.2-1",
        "amendment": "AMDT 008/2025",
        "effectiveDate": "07-AUG-2025",
        "aipNotes": [
          "(1) Brussels TMA Four excl.",
          "(2) Upper limit FL 095 in area 505000N0053854E- 505513N0052827E- 510023N0054559E- along the Belgian-Dutch border- 505000N0053854E excluding EBR05F when active. Lower limit FL145 in area 511835N 0043325E - 511938N 0044052E - 505408N 0043217E, along arc 26 DME BUB, 511332N 0045955E - 510251N 0045955E - 511835N 0043325E.",
          "(3) AMC manageable area. Activation can be checked pre-flight with Steenokkerzeel ATCC (TEL +32 (0) 2 443 82 04) or Brussels FIC."
        ],
        "geometryNote": "Published AIP anchor points expanded along applicable national borders/coastline using full Eurostat GISCO 2024 1:1M boundary geometry.",
        "color": "#778899",
        "colorSource": "AIM Belgium Brussels FIR Structure, 09 JUL 2026",
        "areaType": "military",
        "footnoteReferences": {
          "lateralLimits": [
            1
          ],
          "verticalLimits": [
            2
          ],
          "lowerLimit": [
            2
          ],
          "timeOfActivity": [
            3
          ]
        }
      },
      "geometry": {
        "type": "Polygon",
        "coordinates": [
          [
            [
              4.820277777777777,
              51.48555555555556
            ],
            [
              4.831995491000043,
              51.48192554800005
            ],
            [
              4.841390519000072,
              51.48071314600003
            ],
            [
              4.837326847000043,
              51.464903064000055
            ],
            [
              4.84131426700003,
              51.45896148800006
            ],
            [
              4.833697580000035,
              51.45620553300006
            ],
            [
              4.833407159000046,
              51.456100449000076
            ],
            [
              4.824699800000076,
              51.44760642800003
            ],
            [
              4.827026980000028,
              51.43048315200008
            ],
            [
              4.828057930000057,
              51.42289746900008
            ],
            [
              4.813327615000048,
              51.42600379100003
            ],
            [
              4.78548554300005,
              51.431875113000046
            ],
            [
              4.769907095000065,
              51.426435954000056
            ],
            [
              4.772964503000026,
              51.41545692700004
            ],
            [
              4.78789421700003,
              51.41000432300007
            ],
            [
              4.815579274000072,
              51.41243651600007
            ],
            [
              4.835521135000022,
              51.414188453000065
            ],
            [
              4.842900611000061,
              51.413305956000045
            ],
            [
              4.846174158000053,
              51.41291447900005
            ],
            [
              4.850039369000058,
              51.413533131000065
            ],
            [
              4.852512973000046,
              51.41392904700007
            ],
            [
              4.854186435000031,
              51.41366510200004
            ],
            [
              4.858392450000053,
              51.41300171200004
            ],
            [
              4.859726470000055,
              51.41139992800004
            ],
            [
              4.867408860000069,
              51.409118973000034
            ],
            [
              4.869729301000064,
              51.41309408300003
            ],
            [
              4.875732613000025,
              51.41435076000005
            ],
            [
              4.883665665000024,
              51.41601139100004
            ],
            [
              4.899937438000052,
              51.41351992700004
            ],
            [
              4.911621080000032,
              51.404248841000026
            ],
            [
              4.916633857000022,
              51.40027115300006
            ],
            [
              4.914105526000071,
              51.39502387700003
            ],
            [
              4.920862953000039,
              51.39368792300007
            ],
            [
              4.927639358000022,
              51.39542462400004
            ],
            [
              4.941809612000043,
              51.405967614000076
            ],
            [
              4.963669268000046,
              51.42223169400006
            ],
            [
              4.990459705000035,
              51.43692422100003
            ],
            [
              5.001429502000065,
              51.44294032500005
            ],
            [
              5.010374136000053,
              51.45825205400007
            ],
            [
              5.009252147000041,
              51.46262640800006
            ],
            [
              5.008305393000057,
              51.46631756200003
            ],
            [
              5.016353434000052,
              51.47555891500008
            ],
            [
              5.022609268000053,
              51.48145804100005
            ],
            [
              5.036698250000029,
              51.48693196500005
            ],
            [
              5.039456545000064,
              51.485584817000074
            ],
            [
              5.039141140000027,
              51.48021323200004
            ],
            [
              5.039047006000033,
              51.47861006200003
            ],
            [
              5.049744013000065,
              51.47112307300006
            ],
            [
              5.06079716000005,
              51.47083785800004
            ],
            [
              5.079385100000025,
              51.47035821500003
            ],
            [
              5.102720321000049,
              51.43370547000006
            ],
            [
              5.102137094000057,
              51.42895604100005
            ],
            [
              5.096069095000075,
              51.42302286700004
            ],
            [
              5.094868940000026,
              51.42164257100006
            ],
            [
              5.093627831000049,
              51.42021458200003
            ],
            [
              5.091770912000072,
              51.41807765400006
            ],
            [
              5.088430656000071,
              51.41423398500007
            ],
            [
              5.084294791000048,
              51.40917536000006
            ],
            [
              5.076795196000035,
              51.40000149600007
            ],
            [
              5.072981970000058,
              51.39563808500003
            ],
            [
              5.071045140000024,
              51.39342085200008
            ],
            [
              5.084907839000039,
              51.38358911900008
            ],
            [
              5.115002737000054,
              51.36224515200007
            ],
            [
              5.131070070000021,
              51.34721966600006
            ],
            [
              5.132513399000061,
              51.333728561000044
            ],
            [
              5.13446456500003,
              51.31549060100008
            ],
            [
              5.162679369000045,
              51.31081328600004
            ],
            [
              5.174322278000034,
              51.31447249400003
            ],
            [
              5.200244843000064,
              51.32261960500006
            ],
            [
              5.241098058000034,
              51.30566287600004
            ],
            [
              5.230605467000032,
              51.27903475000005
            ],
            [
              5.22682465500003,
              51.269439797000075
            ],
            [
              5.237716348000049,
              51.26160036400006
            ],
            [
              5.263516742000036,
              51.26660095900007
            ],
            [
              5.295439695000027,
              51.261790648000044
            ],
            [
              5.336000114000058,
              51.263452037000036
            ],
            [
              5.342270392000046,
              51.26624218400008
            ],
            [
              5.348088639000025,
              51.27524956900004
            ],
            [
              5.417375001000039,
              51.26222604900005
            ],
            [
              5.428662604000067,
              51.27201298600005
            ],
            [
              5.432269617000031,
              51.27514045400005
            ],
            [
              5.436876385000062,
              51.27584146800007
            ],
            [
              5.438299550000067,
              51.27605803100005
            ],
            [
              5.438905729000055,
              51.27678735400008
            ],
            [
              5.443318249000072,
              51.28209626700004
            ],
            [
              5.45353766900007,
              51.28360736800005
            ],
            [
              5.465571274000069,
              51.28538672500008
            ],
            [
              5.478616615000021,
              51.29529678000006
            ],
            [
              5.484878348000052,
              51.30005358300008
            ],
            [
              5.515765233000025,
              51.29532461900004
            ],
            [
              5.520148881000068,
              51.28977637000003
            ],
            [
              5.523077389000036,
              51.28606984700008
            ],
            [
              5.539176901000076,
              51.27603341000008
            ],
            [
              5.556669157000044,
              51.265128735000076
            ],
            [
              5.556271699000035,
              51.25711701700004
            ],
            [
              5.555609869000023,
              51.24377622900005
            ],
            [
              5.560063487000036,
              51.22287434700007
            ],
            [
              5.566283615000032,
              51.220836500000075
            ],
            [
              5.653097358000025,
              51.19702776500003
            ],
            [
              5.651935920000028,
              51.194034110000075
            ],
            [
              5.651352744000064,
              51.19253095000005
            ],
            [
              5.658263781000073,
              51.18475949200007
            ],
            [
              5.688936011000067,
              51.18499722300004
            ],
            [
              5.71004967500005,
              51.18117114200004
            ],
            [
              5.733198930000071,
              51.18656862800003
            ],
            [
              5.745651094000038,
              51.18947197700004
            ],
            [
              5.775388295000027,
              51.17876015100006
            ],
            [
              5.77545064100002,
              51.17094096000005
            ],
            [
              5.774750686000061,
              51.170467304000056
            ],
            [
              5.769853978000071,
              51.16715372900006
            ],
            [
              5.777408441000034,
              51.16373839100004
            ],
            [
              5.778739438000059,
              51.16313665300004
            ],
            [
              5.778222468000024,
              51.16167743200003
            ],
            [
              5.775879082000074,
              51.15506288600005
            ],
            [
              5.778261680000071,
              51.15210815300003
            ],
            [
              5.788210063000065,
              51.155821066000044
            ],
            [
              5.805021088000046,
              51.16209523800006
            ],
            [
              5.813871401000029,
              51.15992862200005
            ],
            [
              5.814504298000031,
              51.15977368400007
            ],
            [
              5.814864628000066,
              51.16008760500006
            ],
            [
              5.821839531000023,
              51.16616417800003
            ],
            [
              5.826551128000062,
              51.16672219800006
            ],
            [
              5.837530919000073,
              51.15695214800007
            ],
            [
              5.838166146000049,
              51.15426108200006
            ],
            [
              5.838426249000065,
              51.15315918400006
            ],
            [
              5.840504422000038,
              51.15203620200003
            ],
            [
              5.854312384000025,
              51.144574798000065
            ],
            [
              5.850472762000038,
              51.14255128500008
            ],
            [
              5.846288430000072,
              51.14034610700003
            ],
            [
              5.845420678000039,
              51.13903632500006
            ],
            [
              5.840648873000021,
              51.131833776000065
            ],
            [
              5.831767511000066,
              51.130015496000055
            ],
            [
              5.824573182000051,
              51.12854260300003
            ],
            [
              5.813638341000058,
              51.12090533700007
            ],
            [
              5.808913518000054,
              51.115812306000066
            ],
            [
              5.809665881000058,
              51.11070002900004
            ],
            [
              5.821131642000068,
              51.10817491900008
            ],
            [
              5.829243939000037,
              51.10638834400004
            ],
            [
              5.833199077000074,
              51.09974892100007
            ],
            [
              5.825479508000058,
              51.09323537400007
            ],
            [
              5.814866453000036,
              51.09456224200005
            ],
            [
              5.806910617000028,
              51.09555689900003
            ],
            [
              5.798231026000053,
              51.09233087900003
            ],
            [
              5.79728558100004,
              51.08754219700006
            ],
            [
              5.800838266000028,
              51.08286225300003
            ],
            [
              5.803992298000026,
              51.07870745400004
            ],
            [
              5.80002500300003,
              51.07556459600005
            ],
            [
              5.797416902000066,
              51.07349848000007
            ],
            [
              5.799129207000021,
              51.067526342000065
            ],
            [
              5.800084344000027,
              51.06419503500007
            ],
            [
              5.798274119000041,
              51.05985338200003
            ],
            [
              5.772983756000031,
              51.06102107300006
            ],
            [
              5.771481721000043,
              51.05414536300003
            ],
            [
              5.770656616000053,
              51.050368365000054
            ],
            [
              5.766635476000033,
              51.04460012700008
            ],
            [
              5.759419879000063,
              51.03424951000005
            ],
            [
              5.761215640000046,
              51.030609422000055
            ],
            [
              5.769014308000067,
              51.02766344400004
            ],
            [
              5.774233817000038,
              51.025691753000046
            ],
            [
              5.773411483000075,
              51.018817596000076
            ],
            [
              5.766074106000076,
              51.008594294000034
            ],
            [
              5.765072018000069,
              50.99722077800004
            ],
            [
              5.748910982000041,
              50.98248295800005
            ],
            [
              5.745662737000032,
              50.98127095000007
            ],
            [
              5.738007233000076,
              50.97841447600007
            ],
            [
              5.72109623800003,
              50.961649856000065
            ],
            [
              5.722445042000061,
              50.95790987600003
            ],
            [
              5.728954790000046,
              50.955545794000045
            ],
            [
              5.738547800000049,
              50.95862581700004
            ],
            [
              5.745614197000066,
              50.96089462100008
            ],
            [
              5.753896867000037,
              50.958323146000055
            ],
            [
              5.757608016000063,
              50.95172198200004
            ],
            [
              5.749882454000044,
              50.94646466300003
            ],
            [
              5.745539220000069,
              50.943509050000046
            ],
            [
              5.728361023000048,
              50.92512673500005
            ],
            [
              5.725549551000029,
              50.916257975000065
            ],
            [
              5.723732659000063,
              50.910526608000055
            ],
            [
              5.715379520000056,
              50.90850891200006
            ],
            [
              5.709965837000027,
              50.910501553000074
            ],
            [
              5.707244655000068,
              50.91150315200008
            ],
            [
              5.699221677000025,
              50.90985957300006
            ],
            [
              5.696616650000067,
              50.90269316300004
            ],
            [
              5.694290815000045,
              50.89629480800005
            ],
            [
              5.68779117400004,
              50.89163836700004
            ],
            [
              5.682338654000034,
              50.88773209900006
            ],
            [
              5.680642223000063,
              50.884408965000034
            ],
            [
              5.679131849000044,
              50.88145029900005
            ],
            [
              5.67446807500005,
              50.88124371600003
            ],
            [
              5.668625071000065,
              50.880984898000065
            ],
            [
              5.645754966000027,
              50.87208110500006
            ],
            [
              5.648137919000021,
              50.86831515100005
            ],
            [
              5.645963781000034,
              50.86663065400006
            ],
            [
              5.644531236000034,
              50.86552073400003
            ],
            [
              5.642348810000044,
              50.86382981600008
            ],
            [
              5.639799555000025,
              50.84703154600004
            ],
            [
              5.64512425700002,
              50.837104915000054
            ],
            [
              5.6483333333333325,
              50.833333333333336
            ],
            [
              5.281944444444444,
              51.01583333333333
            ],
            [
              4.998611111111111,
              51.0475
            ],
            [
              4.5569444444444445,
              51.30972222222222
            ],
            [
              4.503055555555555,
              51.301944444444445
            ],
            [
              4.503055555555555,
              51.36
            ],
            [
              4.820277777777777,
              51.48555555555556
            ]
          ]
        ]
      }
    },
    {
      "type": "Feature",
      "id": "TRA NB",
      "properties": {
        "id": "TRA NB",
        "name": "TRA NB - TRA NORTH BRAVO",
        "chapter": "ENR 5.2",
        "upperLimit": "UNL",
        "lowerLimit": "FL195",
        "verticalLimits": "UNL / FL195",
        "lateralLimits": "511032N0042037E- 512049N0042812E- 512254N0043326E- 512649N0044320E- 512650N0044925E- along the Belgian-Dutch border- 512651N0050018E- 512651N0050400E- 512603N0050610E- 511857N0052158E- 511654N0052630E- along the Belgian-Dutch border- 510133N0054629E- 505729N0052350E- 505342N0050316E- 505830N0043650E- 511032N0042037E.",
        "restrictionOrHazard": "Air exercises and UAS flights (NATO Class III). Crossing clearance shall be requested in- flight from Steenokkerzeel ATCC. ⁽¹⁾",
        "timeOfActivity": "HX ⁽²⁾",
        "aipSource": "Belgium and Luxembourg AIP ENR 5.2",
        "aipPage": "ENR 5.2-1",
        "amendment": "AMDT 008/2025",
        "effectiveDate": "07-AUG-2025",
        "aipNotes": [
          "(1) Airspace within the Amsterdam FIR is delegated for ATC provision to Steenokkerzeel ATCC.",
          "(2) AMC manageable area. Activation can be checked pre-flight with Steenokkerzeel ATCC (TEL +32 (0) 2 443 82 04) or Brussels FIC."
        ],
        "geometryNote": "Published AIP anchor points expanded along applicable national borders/coastline using full Eurostat GISCO 2024 1:1M boundary geometry.",
        "color": "#778899",
        "colorSource": "AIM Belgium Brussels FIR Structure, 09 JUL 2026",
        "areaType": "military",
        "footnoteReferences": {
          "restrictionOrHazard": [
            1
          ],
          "timeOfActivity": [
            2
          ]
        }
      },
      "geometry": {
        "type": "Polygon",
        "coordinates": [
          [
            [
              4.343611111111111,
              51.175555555555555
            ],
            [
              4.47,
              51.346944444444446
            ],
            [
              4.557222222222222,
              51.38166666666667
            ],
            [
              4.722222222222222,
              51.44694444444444
            ],
            [
              4.823611111111111,
              51.447222222222216
            ],
            [
              4.827026980000028,
              51.43048315200008
            ],
            [
              4.828057930000057,
              51.42289746900008
            ],
            [
              4.813327615000048,
              51.42600379100003
            ],
            [
              4.78548554300005,
              51.431875113000046
            ],
            [
              4.769907095000065,
              51.426435954000056
            ],
            [
              4.772964503000026,
              51.41545692700004
            ],
            [
              4.78789421700003,
              51.41000432300007
            ],
            [
              4.815579274000072,
              51.41243651600007
            ],
            [
              4.835521135000022,
              51.414188453000065
            ],
            [
              4.842900611000061,
              51.413305956000045
            ],
            [
              4.846174158000053,
              51.41291447900005
            ],
            [
              4.850039369000058,
              51.413533131000065
            ],
            [
              4.852512973000046,
              51.41392904700007
            ],
            [
              4.854186435000031,
              51.41366510200004
            ],
            [
              4.858392450000053,
              51.41300171200004
            ],
            [
              4.859726470000055,
              51.41139992800004
            ],
            [
              4.867408860000069,
              51.409118973000034
            ],
            [
              4.869729301000064,
              51.41309408300003
            ],
            [
              4.875732613000025,
              51.41435076000005
            ],
            [
              4.883665665000024,
              51.41601139100004
            ],
            [
              4.899937438000052,
              51.41351992700004
            ],
            [
              4.911621080000032,
              51.404248841000026
            ],
            [
              4.916633857000022,
              51.40027115300006
            ],
            [
              4.914105526000071,
              51.39502387700003
            ],
            [
              4.920862953000039,
              51.39368792300007
            ],
            [
              4.927639358000022,
              51.39542462400004
            ],
            [
              4.941809612000043,
              51.405967614000076
            ],
            [
              4.963669268000046,
              51.42223169400006
            ],
            [
              4.990459705000035,
              51.43692422100003
            ],
            [
              5.005,
              51.4475
            ],
            [
              5.066666666666666,
              51.4475
            ],
            [
              5.102777777777778,
              51.43416666666666
            ],
            [
              5.366111111111111,
              51.31583333333333
            ],
            [
              5.441666666666667,
              51.281666666666666
            ],
            [
              5.45353766900007,
              51.28360736800005
            ],
            [
              5.465571274000069,
              51.28538672500008
            ],
            [
              5.478616615000021,
              51.29529678000006
            ],
            [
              5.484878348000052,
              51.30005358300008
            ],
            [
              5.515765233000025,
              51.29532461900004
            ],
            [
              5.520148881000068,
              51.28977637000003
            ],
            [
              5.523077389000036,
              51.28606984700008
            ],
            [
              5.539176901000076,
              51.27603341000008
            ],
            [
              5.556669157000044,
              51.265128735000076
            ],
            [
              5.556271699000035,
              51.25711701700004
            ],
            [
              5.555609869000023,
              51.24377622900005
            ],
            [
              5.560063487000036,
              51.22287434700007
            ],
            [
              5.566283615000032,
              51.220836500000075
            ],
            [
              5.653097358000025,
              51.19702776500003
            ],
            [
              5.651935920000028,
              51.194034110000075
            ],
            [
              5.651352744000064,
              51.19253095000005
            ],
            [
              5.658263781000073,
              51.18475949200007
            ],
            [
              5.688936011000067,
              51.18499722300004
            ],
            [
              5.71004967500005,
              51.18117114200004
            ],
            [
              5.733198930000071,
              51.18656862800003
            ],
            [
              5.745651094000038,
              51.18947197700004
            ],
            [
              5.775388295000027,
              51.17876015100006
            ],
            [
              5.77545064100002,
              51.17094096000005
            ],
            [
              5.774750686000061,
              51.170467304000056
            ],
            [
              5.769853978000071,
              51.16715372900006
            ],
            [
              5.777408441000034,
              51.16373839100004
            ],
            [
              5.778739438000059,
              51.16313665300004
            ],
            [
              5.778222468000024,
              51.16167743200003
            ],
            [
              5.775879082000074,
              51.15506288600005
            ],
            [
              5.778261680000071,
              51.15210815300003
            ],
            [
              5.788210063000065,
              51.155821066000044
            ],
            [
              5.805021088000046,
              51.16209523800006
            ],
            [
              5.813871401000029,
              51.15992862200005
            ],
            [
              5.814504298000031,
              51.15977368400007
            ],
            [
              5.814864628000066,
              51.16008760500006
            ],
            [
              5.821839531000023,
              51.16616417800003
            ],
            [
              5.826551128000062,
              51.16672219800006
            ],
            [
              5.837530919000073,
              51.15695214800007
            ],
            [
              5.838166146000049,
              51.15426108200006
            ],
            [
              5.838426249000065,
              51.15315918400006
            ],
            [
              5.840504422000038,
              51.15203620200003
            ],
            [
              5.854312384000025,
              51.144574798000065
            ],
            [
              5.850472762000038,
              51.14255128500008
            ],
            [
              5.846288430000072,
              51.14034610700003
            ],
            [
              5.845420678000039,
              51.13903632500006
            ],
            [
              5.840648873000021,
              51.131833776000065
            ],
            [
              5.831767511000066,
              51.130015496000055
            ],
            [
              5.824573182000051,
              51.12854260300003
            ],
            [
              5.813638341000058,
              51.12090533700007
            ],
            [
              5.808913518000054,
              51.115812306000066
            ],
            [
              5.809665881000058,
              51.11070002900004
            ],
            [
              5.821131642000068,
              51.10817491900008
            ],
            [
              5.829243939000037,
              51.10638834400004
            ],
            [
              5.833199077000074,
              51.09974892100007
            ],
            [
              5.825479508000058,
              51.09323537400007
            ],
            [
              5.814866453000036,
              51.09456224200005
            ],
            [
              5.806910617000028,
              51.09555689900003
            ],
            [
              5.798231026000053,
              51.09233087900003
            ],
            [
              5.79728558100004,
              51.08754219700006
            ],
            [
              5.800838266000028,
              51.08286225300003
            ],
            [
              5.803992298000026,
              51.07870745400004
            ],
            [
              5.80002500300003,
              51.07556459600005
            ],
            [
              5.797416902000066,
              51.07349848000007
            ],
            [
              5.799129207000021,
              51.067526342000065
            ],
            [
              5.800084344000027,
              51.06419503500007
            ],
            [
              5.798274119000041,
              51.05985338200003
            ],
            [
              5.772983756000031,
              51.06102107300006
            ],
            [
              5.771481721000043,
              51.05414536300003
            ],
            [
              5.770656616000053,
              51.050368365000054
            ],
            [
              5.766635476000033,
              51.04460012700008
            ],
            [
              5.759419879000063,
              51.03424951000005
            ],
            [
              5.761215640000046,
              51.030609422000055
            ],
            [
              5.769014308000067,
              51.02766344400004
            ],
            [
              5.7747222222222225,
              51.02583333333333
            ],
            [
              5.397222222222223,
              50.95805555555556
            ],
            [
              5.054444444444444,
              50.894999999999996
            ],
            [
              4.613888888888889,
              50.975
            ],
            [
              4.343611111111111,
              51.175555555555555
            ]
          ]
        ]
      }
    },
    {
      "type": "Feature",
      "id": "TRA/TSA N1",
      "properties": {
        "id": "TRA/TSA N1",
        "name": "TRA/TSA N1 - BRUSSELS AREA",
        "chapter": "ENR 5.2",
        "upperLimit": "UNL",
        "lowerLimit": "FL195",
        "verticalLimits": "UNL / FL195",
        "lateralLimits": "512254N0043326E- 511835N0043325E- 510251N0045955E- 510057N0051655E- 505729N0052350E- 505342N0050316E- 505830N0043650E- 511032N0042037E- 512049N0042812E- 512254N0043326E.",
        "restrictionOrHazard": "Aerobatic area and UAS flights (NATO Class III). ⁽¹⁾",
        "timeOfActivity": "HX ⁽²⁾",
        "aipSource": "Belgium and Luxembourg AIP ENR 5.2",
        "aipPage": "ENR 5.2-1",
        "amendment": "AMDT 008/2025",
        "effectiveDate": "07-AUG-2025",
        "aipNotes": [
          "(1) Permeable for OAT traffic after coordination with the area’s controlling agency and not permeable for GAT traffic.",
          "(2) Activation can be checked pre-flight with Steenokkerzeel ATCC (TEL +32 (0) 2 443 82 04) or Brussels FIC."
        ],
        "color": "#778899",
        "colorSource": "AIM Belgium Brussels FIR Structure, 09 JUL 2026",
        "areaType": "military",
        "footnoteReferences": {
          "restrictionOrHazard": [
            1
          ],
          "timeOfActivity": [
            2
          ]
        }
      },
      "geometry": {
        "type": "Polygon",
        "coordinates": [
          [
            [
              4.557222222222222,
              51.38166666666667
            ],
            [
              4.5569444444444445,
              51.30972222222222
            ],
            [
              4.998611111111111,
              51.0475
            ],
            [
              5.281944444444444,
              51.01583333333333
            ],
            [
              5.397222222222223,
              50.95805555555556
            ],
            [
              5.054444444444444,
              50.894999999999996
            ],
            [
              4.613888888888889,
              50.975
            ],
            [
              4.343611111111111,
              51.175555555555555
            ],
            [
              4.47,
              51.346944444444446
            ],
            [
              4.557222222222222,
              51.38166666666667
            ]
          ]
        ]
      }
    },
    {
      "type": "Feature",
      "id": "TRA/TSA N2",
      "properties": {
        "id": "TRA/TSA N2",
        "name": "TRA/TSA N2 - BALEN AREA",
        "chapter": "ENR 5.2",
        "upperLimit": "UNL",
        "lowerLimit": "FL075⁽¹⁾⁽²⁾",
        "verticalLimits": "UNL / FL075⁽¹⁾⁽²⁾",
        "lateralLimits": "511857N0052158E- 512603N0050610E- 512651N0050400E- 512649N0044320E- 512254N0043326E- 511835N0043325E- 510251N0045955E- 510634N0045955E- 511551N0051647E- 511857N0052158E.",
        "restrictionOrHazard": "Aerobatic area and UAS flights (NATO Class III).⁽³⁾",
        "timeOfActivity": "HX⁽⁴⁾",
        "aipSource": "Belgium and Luxembourg AIP ENR 5.2",
        "aipPage": "ENR 5.2-2",
        "amendment": "AMDT 008/2025",
        "effectiveDate": "07-AUG-2025",
        "aipNotes": [
          "(1) Subject to availability of Brussels TMA Four.",
          "(2) Lower FL is FL 095 in Dutch FIR.",
          "(3) Permeable for OAT traffic after coordination with the area’s controlling agency and not permeable for GAT traffic.",
          "(4) Activation can be checked pre-flight with Steenokkerzeel ATCC (TEL +32 (0) 2 443 82 04) or Brussels FIC."
        ],
        "color": "#778899",
        "colorSource": "AIM Belgium Brussels FIR Structure, 09 JUL 2026",
        "areaType": "military",
        "footnoteReferences": {
          "verticalLimits": [
            1,
            2
          ],
          "lowerLimit": [
            1,
            2
          ],
          "restrictionOrHazard": [
            3
          ],
          "timeOfActivity": [
            4
          ]
        }
      },
      "geometry": {
        "type": "Polygon",
        "coordinates": [
          [
            [
              5.366111111111111,
              51.31583333333333
            ],
            [
              5.102777777777778,
              51.43416666666666
            ],
            [
              5.066666666666666,
              51.4475
            ],
            [
              4.722222222222222,
              51.44694444444444
            ],
            [
              4.557222222222222,
              51.38166666666667
            ],
            [
              4.5569444444444445,
              51.30972222222222
            ],
            [
              4.998611111111111,
              51.0475
            ],
            [
              4.998611111111111,
              51.10944444444445
            ],
            [
              5.279722222222222,
              51.26416666666667
            ],
            [
              5.366111111111111,
              51.31583333333333
            ]
          ]
        ]
      }
    },
    {
      "type": "Feature",
      "id": "TRA/TSA N3",
      "properties": {
        "id": "TRA/TSA N3",
        "name": "TRA/TSA N3 - MEEUWEN AREA",
        "chapter": "ENR 5.2",
        "upperLimit": "UNL",
        "lowerLimit": "FL075⁽¹⁾⁽²⁾",
        "verticalLimits": "UNL / FL075⁽¹⁾⁽²⁾",
        "lateralLimits": "511857N0052158E- 511654N0052630E- along the Belgian-Dutch border- 510133N0054629E- 505729N0052350E- 510057N0051655E- 510251N0045955E- 510634N0045955E- 511551N0051647E- 511857N0052158E.",
        "restrictionOrHazard": "Aerobatic area and UAS flights (NATO Class III).⁽³⁾",
        "timeOfActivity": "HX⁽⁴⁾",
        "aipSource": "Belgium and Luxembourg AIP ENR 5.2",
        "aipPage": "ENR 5.2-2",
        "amendment": "AMDT 008/2025",
        "effectiveDate": "07-AUG-2025",
        "aipNotes": [
          "(1) Lower limit FL110 during activation of EBR05A and FL250 during activation of EBR05E.",
          "(2) Lower FL is FL 095 in Dutch FIR.",
          "(3) Airspace within the Amsterdam FIR is delegated for ATC provision to Steenokkerzeel ATCC. Permeable for OAT traffic after coordination with the area’s controlling agency and not permeable for GAT traffic.",
          "(4) Activation can be checked pre-flight with Steenokkerzeel ATCC (TEL +32 (0) 2 443 82 04) or Brussels FIC."
        ],
        "geometryNote": "Published AIP anchor points expanded along applicable national borders/coastline using full Eurostat GISCO 2024 1:1M boundary geometry.",
        "color": "#778899",
        "colorSource": "AIM Belgium Brussels FIR Structure, 09 JUL 2026",
        "areaType": "military",
        "footnoteReferences": {
          "verticalLimits": [
            1,
            2
          ],
          "lowerLimit": [
            1,
            2
          ],
          "restrictionOrHazard": [
            3
          ],
          "timeOfActivity": [
            4
          ]
        }
      },
      "geometry": {
        "type": "Polygon",
        "coordinates": [
          [
            [
              5.366111111111111,
              51.31583333333333
            ],
            [
              5.441666666666667,
              51.281666666666666
            ],
            [
              5.45353766900007,
              51.28360736800005
            ],
            [
              5.465571274000069,
              51.28538672500008
            ],
            [
              5.478616615000021,
              51.29529678000006
            ],
            [
              5.484878348000052,
              51.30005358300008
            ],
            [
              5.515765233000025,
              51.29532461900004
            ],
            [
              5.520148881000068,
              51.28977637000003
            ],
            [
              5.523077389000036,
              51.28606984700008
            ],
            [
              5.539176901000076,
              51.27603341000008
            ],
            [
              5.556669157000044,
              51.265128735000076
            ],
            [
              5.556271699000035,
              51.25711701700004
            ],
            [
              5.555609869000023,
              51.24377622900005
            ],
            [
              5.560063487000036,
              51.22287434700007
            ],
            [
              5.566283615000032,
              51.220836500000075
            ],
            [
              5.653097358000025,
              51.19702776500003
            ],
            [
              5.651935920000028,
              51.194034110000075
            ],
            [
              5.651352744000064,
              51.19253095000005
            ],
            [
              5.658263781000073,
              51.18475949200007
            ],
            [
              5.688936011000067,
              51.18499722300004
            ],
            [
              5.71004967500005,
              51.18117114200004
            ],
            [
              5.733198930000071,
              51.18656862800003
            ],
            [
              5.745651094000038,
              51.18947197700004
            ],
            [
              5.775388295000027,
              51.17876015100006
            ],
            [
              5.77545064100002,
              51.17094096000005
            ],
            [
              5.774750686000061,
              51.170467304000056
            ],
            [
              5.769853978000071,
              51.16715372900006
            ],
            [
              5.777408441000034,
              51.16373839100004
            ],
            [
              5.778739438000059,
              51.16313665300004
            ],
            [
              5.778222468000024,
              51.16167743200003
            ],
            [
              5.775879082000074,
              51.15506288600005
            ],
            [
              5.778261680000071,
              51.15210815300003
            ],
            [
              5.788210063000065,
              51.155821066000044
            ],
            [
              5.805021088000046,
              51.16209523800006
            ],
            [
              5.813871401000029,
              51.15992862200005
            ],
            [
              5.814504298000031,
              51.15977368400007
            ],
            [
              5.814864628000066,
              51.16008760500006
            ],
            [
              5.821839531000023,
              51.16616417800003
            ],
            [
              5.826551128000062,
              51.16672219800006
            ],
            [
              5.837530919000073,
              51.15695214800007
            ],
            [
              5.838166146000049,
              51.15426108200006
            ],
            [
              5.838426249000065,
              51.15315918400006
            ],
            [
              5.840504422000038,
              51.15203620200003
            ],
            [
              5.854312384000025,
              51.144574798000065
            ],
            [
              5.850472762000038,
              51.14255128500008
            ],
            [
              5.846288430000072,
              51.14034610700003
            ],
            [
              5.845420678000039,
              51.13903632500006
            ],
            [
              5.840648873000021,
              51.131833776000065
            ],
            [
              5.831767511000066,
              51.130015496000055
            ],
            [
              5.824573182000051,
              51.12854260300003
            ],
            [
              5.813638341000058,
              51.12090533700007
            ],
            [
              5.808913518000054,
              51.115812306000066
            ],
            [
              5.809665881000058,
              51.11070002900004
            ],
            [
              5.821131642000068,
              51.10817491900008
            ],
            [
              5.829243939000037,
              51.10638834400004
            ],
            [
              5.833199077000074,
              51.09974892100007
            ],
            [
              5.825479508000058,
              51.09323537400007
            ],
            [
              5.814866453000036,
              51.09456224200005
            ],
            [
              5.806910617000028,
              51.09555689900003
            ],
            [
              5.798231026000053,
              51.09233087900003
            ],
            [
              5.79728558100004,
              51.08754219700006
            ],
            [
              5.800838266000028,
              51.08286225300003
            ],
            [
              5.803992298000026,
              51.07870745400004
            ],
            [
              5.80002500300003,
              51.07556459600005
            ],
            [
              5.797416902000066,
              51.07349848000007
            ],
            [
              5.799129207000021,
              51.067526342000065
            ],
            [
              5.800084344000027,
              51.06419503500007
            ],
            [
              5.798274119000041,
              51.05985338200003
            ],
            [
              5.772983756000031,
              51.06102107300006
            ],
            [
              5.771481721000043,
              51.05414536300003
            ],
            [
              5.770656616000053,
              51.050368365000054
            ],
            [
              5.766635476000033,
              51.04460012700008
            ],
            [
              5.759419879000063,
              51.03424951000005
            ],
            [
              5.761215640000046,
              51.030609422000055
            ],
            [
              5.769014308000067,
              51.02766344400004
            ],
            [
              5.7747222222222225,
              51.02583333333333
            ],
            [
              5.397222222222223,
              50.95805555555556
            ],
            [
              5.281944444444444,
              51.01583333333333
            ],
            [
              4.998611111111111,
              51.0475
            ],
            [
              4.998611111111111,
              51.10944444444445
            ],
            [
              5.279722222222222,
              51.26416666666667
            ],
            [
              5.366111111111111,
              51.31583333333333
            ]
          ]
        ]
      }
    },
    {
      "type": "Feature",
      "id": "TRA SA",
      "properties": {
        "id": "TRA SA",
        "name": "TRA SA - TRA SOUTH ALPHA",
        "chapter": "ENR 5.2",
        "upperLimit": "FL195",
        "lowerLimit": "4500FT AMSL ⁽¹⁾⁽²⁾",
        "verticalLimits": "FL195 / 4500FT AMSL ⁽¹⁾⁽²⁾",
        "lateralLimits": "503019N0035834E- 503039N0040151E- 504048N0043801E- 503001N0052456E- 502627N0053920E- 500426N0055210E- along the Belgian-Luxembourg border- 494738N0054729E- 494106N0053116E- 494038N0051741E- along the Belgian-French border- 502101N0040008E- 503019N0035834E.",
        "restrictionOrHazard": "Air exercises and UAS flights (NATO Class III). Crossing clearance shall be requested in- flight from Steenokkerzeel ATCC.",
        "timeOfActivity": "HX ⁽³⁾",
        "aipSource": "Belgium and Luxembourg AIP ENR 5.2",
        "aipPage": "ENR 5.2-2",
        "amendment": "AMDT 008/2025",
        "effectiveDate": "07-AUG-2025",
        "aipNotes": [
          "(1) Lower limit FL100 above Brussels CTA South One and FL060 above Liège TMA One. Upper limit FL155 in area 494131N0051633E- 494809N0054507E- along the Belgian-Luxembourg border- 494738N0054729E- 494106N0053116E- 494038N0051741E- along the Belgian-French border- 494131N0051633E.",
          "(2) Lower limit FL065 within Glider Area Saint-Hubert and Glider Area La Roche when active.",
          "(3) AMC manageable area. Activation can be checked pre-flight with Steenokkerzeel ATCC (TEL +32 (0) 2 443 82 04) or Brussels FIC."
        ],
        "geometryNote": "Published AIP anchor points expanded along applicable national borders/coastline using full Eurostat GISCO 2024 1:1M boundary geometry.",
        "color": "#778899",
        "colorSource": "AIM Belgium Brussels FIR Structure, 09 JUL 2026",
        "areaType": "military",
        "footnoteReferences": {
          "verticalLimits": [
            1,
            2
          ],
          "lowerLimit": [
            1,
            2
          ],
          "timeOfActivity": [
            3
          ]
        }
      },
      "geometry": {
        "type": "Polygon",
        "coordinates": [
          [
            [
              3.9761111111111114,
              50.50527777777778
            ],
            [
              4.030833333333334,
              50.51083333333333
            ],
            [
              4.633611111111111,
              50.68
            ],
            [
              5.415555555555556,
              50.500277777777775
            ],
            [
              5.655555555555556,
              50.44083333333333
            ],
            [
              5.869444444444445,
              50.073888888888895
            ],
            [
              5.861147632000041,
              50.06892125200005
            ],
            [
              5.856644202000041,
              50.06163296700004
            ],
            [
              5.856065765000039,
              50.057159091000074
            ],
            [
              5.864303595000024,
              50.05034120700003
            ],
            [
              5.86920974700007,
              50.04628072400004
            ],
            [
              5.863572194000028,
              50.041412886000046
            ],
            [
              5.857525447000057,
              50.03619172200007
            ],
            [
              5.858268573000032,
              50.03219193400008
            ],
            [
              5.858817436000038,
              50.02923774800007
            ],
            [
              5.854845085000022,
              50.027634109000076
            ],
            [
              5.85295583900006,
              50.02687142000008
            ],
            [
              5.852742508000063,
              50.02653028200007
            ],
            [
              5.849810727000033,
              50.021842062000076
            ],
            [
              5.834714710000071,
              50.01706591200008
            ],
            [
              5.819999606000067,
              50.01241027800006
            ],
            [
              5.821609479000074,
              50.00436991300006
            ],
            [
              5.822752026000046,
              49.99866356200005
            ],
            [
              5.830796702000043,
              49.992432302000054
            ],
            [
              5.832389553000041,
              49.99119850900007
            ],
            [
              5.840232595000032,
              49.98937255800007
            ],
            [
              5.838419326000064,
              49.98250532900005
            ],
            [
              5.832160481000074,
              49.97714025400006
            ],
            [
              5.821376373000021,
              49.97406921800007
            ],
            [
              5.811915277000026,
              49.97137494200007
            ],
            [
              5.811076573000037,
              49.96774058700004
            ],
            [
              5.810162794000064,
              49.96378091100007
            ],
            [
              5.803164391000053,
              49.964420518000054
            ],
            [
              5.795344546000024,
              49.96513519900003
            ],
            [
              5.788999723000074,
              49.96155068000007
            ],
            [
              5.776485267000055,
              49.96095083600005
            ],
            [
              5.771329971000057,
              49.94858307900006
            ],
            [
              5.772300248000022,
              49.945371195000064
            ],
            [
              5.774371496000072,
              49.93851479400007
            ],
            [
              5.770011576000059,
              49.93215150900005
            ],
            [
              5.766948382000066,
              49.93099807200008
            ],
            [
              5.764102364000053,
              49.929926411000054
            ],
            [
              5.761635023000053,
              49.919375771000034
            ],
            [
              5.762165196000069,
              49.91815221100006
            ],
            [
              5.763349260000041,
              49.91541957100003
            ],
            [
              5.75540559600006,
              49.912303773000076
            ],
            [
              5.748185754000076,
              49.90947188400003
            ],
            [
              5.739336613000035,
              49.90293283300008
            ],
            [
              5.737032083000031,
              49.89687891500006
            ],
            [
              5.760633908000045,
              49.88929085600006
            ],
            [
              5.777458239000055,
              49.88388178100007
            ],
            [
              5.782818140000074,
              49.87584190800004
            ],
            [
              5.774566640000046,
              49.868380098000046
            ],
            [
              5.769475064000062,
              49.871390235000035
            ],
            [
              5.763707411000041,
              49.871613618000026
            ],
            [
              5.755290009000021,
              49.87193962600003
            ],
            [
              5.753748193000035,
              49.86899093800008
            ],
            [
              5.75509831200003,
              49.865631267000026
            ],
            [
              5.758766898000033,
              49.856502266000064
            ],
            [
              5.746363995000024,
              49.85361445400008
            ],
            [
              5.754770969000049,
              49.84827790700007
            ],
            [
              5.749228294000034,
              49.84277806400007
            ],
            [
              5.741244336000022,
              49.83485580300004
            ],
            [
              5.74500689100006,
              49.828885556000046
            ],
            [
              5.746658700000069,
              49.82626454200005
            ],
            [
              5.746368356000062,
              49.82468031900004
            ],
            [
              5.745434248000038,
              49.819583487000045
            ],
            [
              5.750130608000063,
              49.813059630000055
            ],
            [
              5.75037707000007,
              49.812717262000035
            ],
            [
              5.750735880000036,
              49.81119009000008
            ],
            [
              5.755377693000071,
              49.791433563000055
            ],
            [
              5.77777522100007,
              49.79283669700004
            ],
            [
              5.781006669000021,
              49.79303913700005
            ],
            [
              5.791388888888889,
              49.79388888888889
            ],
            [
              5.521111111111111,
              49.684999999999995
            ],
            [
              5.294722222222222,
              49.67722222222222
            ],
            [
              5.283008209000059,
              49.68487990500006
            ],
            [
              5.282181016000038,
              49.68559254200005
            ],
            [
              5.281726723000077,
              49.685644652000065
            ],
            [
              5.281147174000068,
              49.68571113000007
            ],
            [
              5.280942009000057,
              49.68611294300007
            ],
            [
              5.278921113000024,
              49.69007084000003
            ],
            [
              5.26751093300004,
              49.69603157000006
            ],
            [
              5.256622536000066,
              49.69389815000005
            ],
            [
              5.248890156000073,
              49.68925133600004
            ],
            [
              5.24441904300005,
              49.68656439700004
            ],
            [
              5.238114154000073,
              49.68840887300007
            ],
            [
              5.230617872000039,
              49.69060188700007
            ],
            [
              5.224950149000051,
              49.68952608400008
            ],
            [
              5.217464994000068,
              49.68810531100007
            ],
            [
              5.21373593900006,
              49.69047781900008
            ],
            [
              5.206350117000056,
              49.69517684500005
            ],
            [
              5.199690764000025,
              49.69238138800006
            ],
            [
              5.191089759000022,
              49.69458209900006
            ],
            [
              5.176605486000028,
              49.69362903100006
            ],
            [
              5.16624874300004,
              49.692947556000036
            ],
            [
              5.164005954000061,
              49.69848789900004
            ],
            [
              5.164289177000057,
              49.70256707200008
            ],
            [
              5.164882832000046,
              49.71111729200004
            ],
            [
              5.153738464000071,
              49.71792598900004
            ],
            [
              5.143607818000021,
              49.70932409900007
            ],
            [
              5.138733407000075,
              49.71330247000003
            ],
            [
              5.126777763000064,
              49.713113175000046
            ],
            [
              5.123038870000073,
              49.71732698100004
            ],
            [
              5.124402557000053,
              49.72461216700003
            ],
            [
              5.124841849000063,
              49.72695898200004
            ],
            [
              5.120221394000055,
              49.73324121600007
            ],
            [
              5.118425041000023,
              49.73568363900006
            ],
            [
              5.118445095000027,
              49.73690712600006
            ],
            [
              5.118468991000043,
              49.73836502800003
            ],
            [
              5.116915732000052,
              49.73988657800004
            ],
            [
              5.096569035000073,
              49.75980757800005
            ],
            [
              5.08880244300002,
              49.76530580800005
            ],
            [
              5.082519642000022,
              49.764456805000066
            ],
            [
              5.064615988000071,
              49.762037460000045
            ],
            [
              5.059487886000056,
              49.76709712100006
            ],
            [
              5.046799813000064,
              49.77015692900005
            ],
            [
              5.014872095000044,
              49.77952947400007
            ],
            [
              5.008960376000061,
              49.78266614100005
            ],
            [
              5.002727044000039,
              49.792193076000046
            ],
            [
              5.001752798000041,
              49.79368210000007
            ],
            [
              4.996017656000049,
              49.80019486500004
            ],
            [
              4.969431021000048,
              49.80182612700003
            ],
            [
              4.964670453000053,
              49.79835002600004
            ],
            [
              4.962116670000057,
              49.79924604400003
            ],
            [
              4.956855017000066,
              49.80109214200007
            ],
            [
              4.949535580000031,
              49.799283571000046
            ],
            [
              4.944831860000022,
              49.79314895400006
            ],
            [
              4.942950199000052,
              49.790694882000025
            ],
            [
              4.941629670000054,
              49.792019405000076
            ],
            [
              4.941206008000051,
              49.79244434900005
            ],
            [
              4.937801775000025,
              49.792333830000075
            ],
            [
              4.93277600600004,
              49.78978548100008
            ],
            [
              4.932303703000059,
              49.788729739000075
            ],
            [
              4.931408135000027,
              49.78672787000005
            ],
            [
              4.887225151000052,
              49.78805894900006
            ],
            [
              4.881646966000062,
              49.79182381000004
            ],
            [
              4.880696968000052,
              49.79246498800006
            ],
            [
              4.875542744000029,
              49.793377099000054
            ],
            [
              4.870099844000038,
              49.79343255400005
            ],
            [
              4.870174439000039,
              49.79299475100004
            ],
            [
              4.870767096000066,
              49.78951638800004
            ],
            [
              4.861711245000038,
              49.789294873000074
            ],
            [
              4.854960240000025,
              49.793716275000065
            ],
            [
              4.862576305000061,
              49.80255579700008
            ],
            [
              4.863032468000029,
              49.80308523900004
            ],
            [
              4.863292710000053,
              49.803846048000025
            ],
            [
              4.866560824000032,
              49.81340029100005
            ],
            [
              4.869635483000025,
              49.81526943700004
            ],
            [
              4.875897296000062,
              49.819076117000066
            ],
            [
              4.871513277000076,
              49.82225920600007
            ],
            [
              4.869313301000034,
              49.82385653400007
            ],
            [
              4.868494738000038,
              49.82894293100003
            ],
            [
              4.866581282000027,
              49.840832789000046
            ],
            [
              4.862815027000067,
              49.841519093000045
            ],
            [
              4.857644808000032,
              49.84246123300005
            ],
            [
              4.855064195000068,
              49.849036858000034
            ],
            [
              4.852210901000035,
              49.86265540800008
            ],
            [
              4.858441365000033,
              49.865954808000026
            ],
            [
              4.861510338000073,
              49.867580012000076
            ],
            [
              4.866589420000025,
              49.87673152900004
            ],
            [
              4.872478329000046,
              49.887342199000045
            ],
            [
              4.879212959000029,
              49.89342758200007
            ],
            [
              4.885330818000057,
              49.898955655000066
            ],
            [
              4.882441246000042,
              49.90170816800003
            ],
            [
              4.88075658300005,
              49.903312923000044
            ],
            [
              4.883053214000029,
              49.90555380400008
            ],
            [
              4.887677047000068,
              49.91006539600005
            ],
            [
              4.875831920000053,
              49.92474341700006
            ],
            [
              4.866012212000044,
              49.929316021000034
            ],
            [
              4.858596444000057,
              49.93276921700004
            ],
            [
              4.851921451000067,
              49.94180707700008
            ],
            [
              4.846798652000075,
              49.948743284000045
            ],
            [
              4.835792290000029,
              49.949249157000054
            ],
            [
              4.830627618000051,
              49.94948653500006
            ],
            [
              4.819742456000029,
              49.95259162900004
            ],
            [
              4.813807932000032,
              49.95428450700007
            ],
            [
              4.797625658000072,
              49.95719916400003
            ],
            [
              4.790869140000041,
              49.95841610900004
            ],
            [
              4.790320885000028,
              49.96875411600007
            ],
            [
              4.794346699000073,
              49.981503442000076
            ],
            [
              4.804569539000056,
              49.98362778000006
            ],
            [
              4.81075800800005,
              49.98872271700003
            ],
            [
              4.817428722000045,
              49.99421468400004
            ],
            [
              4.816593199000067,
              49.99974468900007
            ],
            [
              4.816248664000057,
              50.00202503500003
            ],
            [
              4.817261104000067,
              50.00436991300006
            ],
            [
              4.817886783000063,
              50.005819028000076
            ],
            [
              4.820061917000032,
              50.010856784000055
            ],
            [
              4.819340255000043,
              50.012644160000036
            ],
            [
              4.817523165000068,
              50.01714463500008
            ],
            [
              4.820638491000068,
              50.026072844000055
            ],
            [
              4.829539081000064,
              50.03145089900005
            ],
            [
              4.838956154000073,
              50.03714103200008
            ],
            [
              4.841247679000048,
              50.042770579000035
            ],
            [
              4.83932324400007,
              50.045994793000034
            ],
            [
              4.832329352000045,
              50.048575268000036
            ],
            [
              4.828307080000059,
              50.05005933000007
            ],
            [
              4.826993734000041,
              50.05841244100003
            ],
            [
              4.819182908000073,
              50.06067654200007
            ],
            [
              4.82073317000004,
              50.06528439500005
            ],
            [
              4.828122726000061,
              50.06655471200003
            ],
            [
              4.837763755000026,
              50.06821207300004
            ],
            [
              4.84191886800005,
              50.076487272000065
            ],
            [
              4.841177365000021,
              50.07965144700006
            ],
            [
              4.84043908600006,
              50.082801869000036
            ],
            [
              4.841996150000057,
              50.08339437600006
            ],
            [
              4.845681293000041,
              50.08479667800003
            ],
            [
              4.843061480000074,
              50.08826434200006
            ],
            [
              4.838924601000031,
              50.093740042000036
            ],
            [
              4.850080780000042,
              50.10019312800006
            ],
            [
              4.858923204000064,
              50.09922805200006
            ],
            [
              4.861781574000076,
              50.09327562400006
            ],
            [
              4.862455518000047,
              50.09187216500004
            ],
            [
              4.872252803000038,
              50.08897724000008
            ],
            [
              4.874399553000046,
              50.09394211400007
            ],
            [
              4.869991903000027,
              50.09730716400003
            ],
            [
              4.868935950000036,
              50.098113338000076
            ],
            [
              4.87027370800007,
              50.10165815200003
            ],
            [
              4.872895389000064,
              50.108605124000064
            ],
            [
              4.871039148000023,
              50.113476297000034
            ],
            [
              4.868420998000033,
              50.12034688400007
            ],
            [
              4.879237200000034,
              50.13029500600004
            ],
            [
              4.88659479100005,
              50.13275572500004
            ],
            [
              4.894888537000043,
              50.13552953700008
            ],
            [
              4.895311089000074,
              50.13977797600006
            ],
            [
              4.885571939000044,
              50.14115460700003
            ],
            [
              4.882721592000053,
              50.14155750400005
            ],
            [
              4.880511392000074,
              50.14610545800008
            ],
            [
              4.876919701000077,
              50.153496121000046
            ],
            [
              4.871967751000057,
              50.15356460300006
            ],
            [
              4.850522714000022,
              50.15368315300003
            ],
            [
              4.83341251500002,
              50.153777740000066
            ],
            [
              4.824823270000024,
              50.161154716000055
            ],
            [
              4.824142391000066,
              50.164304736000076
            ],
            [
              4.823244713000065,
              50.16845775000007
            ],
            [
              4.811408751000045,
              50.15804041300004
            ],
            [
              4.805790330000036,
              50.15309540000004
            ],
            [
              4.796697108000046,
              50.14867816000003
            ],
            [
              4.779636229000062,
              50.14134996000007
            ],
            [
              4.771332200000074,
              50.13882159800005
            ],
            [
              4.763364781000064,
              50.13639572500006
            ],
            [
              4.755916812000066,
              50.121650498000065
            ],
            [
              4.750367423000057,
              50.12109248200005
            ],
            [
              4.751005650000025,
              50.11466360500003
            ],
            [
              4.751293992000058,
              50.11175913100004
            ],
            [
              4.742012395000074,
              50.10887389800007
            ],
            [
              4.739291943000069,
              50.10802860200005
            ],
            [
              4.735006700000042,
              50.10669657400007
            ],
            [
              4.720072483000024,
              50.10205440900006
            ],
            [
              4.716955228000074,
              50.099718540000026
            ],
            [
              4.713358008000057,
              50.09702301600004
            ],
            [
              4.705673628000056,
              50.09535748900004
            ],
            [
              4.701460277000024,
              50.09444428000006
            ],
            [
              4.691655947000072,
              50.08243471800006
            ],
            [
              4.690462084000046,
              50.07956213800003
            ],
            [
              4.687230164000027,
              50.07178574100004
            ],
            [
              4.686311966000062,
              50.07114222900003
            ],
            [
              4.681087363000074,
              50.067480610000075
            ],
            [
              4.687393479000036,
              50.058016672000065
            ],
            [
              4.690821718000052,
              50.05847397900004
            ],
            [
              4.696980862000032,
              50.05929557400003
            ],
            [
              4.69865012200006,
              50.052065697000046
            ],
            [
              4.69512476500006,
              50.044173243000046
            ],
            [
              4.690586029000031,
              50.03401206800004
            ],
            [
              4.687263753000025,
              50.028438367000035
            ],
            [
              4.684905895000043,
              50.02677155300006
            ],
            [
              4.687082955000051,
              50.02460091800003
            ],
            [
              4.685755942000071,
              50.020389640000076
            ],
            [
              4.685893788000044,
              50.01432043600005
            ],
            [
              4.687853659000041,
              50.012113999000064
            ],
            [
              4.688502864000043,
              50.01138311900007
            ],
            [
              4.686467135000044,
              50.00436991300006
            ],
            [
              4.68633711800004,
              50.003921999000056
            ],
            [
              4.694556080000041,
              49.99650955000004
            ],
            [
              4.675534359000039,
              49.99676670500003
            ],
            [
              4.669014341000036,
              49.996854849000044
            ],
            [
              4.657273910000072,
              49.993809217000035
            ],
            [
              4.633338281000022,
              49.98759998100007
            ],
            [
              4.612935553000057,
              49.98662811600008
            ],
            [
              4.600076965000028,
              49.98601560900005
            ],
            [
              4.597349521000069,
              49.986196404000054
            ],
            [
              4.588358098000072,
              49.984138904000076
            ],
            [
              4.58168607600004,
              49.98344395300006
            ],
            [
              4.575996952000025,
              49.98112844500008
            ],
            [
              4.573628107000047,
              49.980254881000064
            ],
            [
              4.573699348000048,
              49.97865301200005
            ],
            [
              4.573771945000033,
              49.97702063300005
            ],
            [
              4.572236167000028,
              49.97466659200006
            ],
            [
              4.570150005000073,
              49.97363295000008
            ],
            [
              4.561047969000072,
              49.96969193500007
            ],
            [
              4.555242394000061,
              49.969375039000056
            ],
            [
              4.541175169000041,
              49.96860718200003
            ],
            [
              4.527690047000021,
              49.95552497700004
            ],
            [
              4.523698443000058,
              49.95165263700005
            ],
            [
              4.51127798400006,
              49.946811506000074
            ],
            [
              4.505632735000063,
              49.94740529100005
            ],
            [
              4.504769778000025,
              49.94749606000005
            ],
            [
              4.498709070000075,
              49.94813336100003
            ],
            [
              4.495178027000065,
              49.948504875000026
            ],
            [
              4.485989325000048,
              49.94606009300003
            ],
            [
              4.480582884000057,
              49.94768889000005
            ],
            [
              4.47040155600007,
              49.94461656500005
            ],
            [
              4.445755916000053,
              49.937179478000076
            ],
            [
              4.439918374000058,
              49.941133696000065
            ],
            [
              4.432493779000026,
              49.94161597200008
            ],
            [
              4.418445703000032,
              49.94669688000005
            ],
            [
              4.399139160000061,
              49.948398499000064
            ],
            [
              4.390630334000036,
              49.948108379000075
            ],
            [
              4.38079742900004,
              49.953539231000036
            ],
            [
              4.349324988000035,
              49.952240104000055
            ],
            [
              4.33495119600002,
              49.96274579000004
            ],
            [
              4.305992552000021,
              49.96797610800007
            ],
            [
              4.291635449000069,
              49.964044830000034
            ],
            [
              4.256165483000075,
              49.963631458000066
            ],
            [
              4.233054695000021,
              49.957830612000066
            ],
            [
              4.227724269000021,
              49.957973983000045
            ],
            [
              4.225692046000063,
              49.95908764600006
            ],
            [
              4.222760831000073,
              49.95767965700003
            ],
            [
              4.219242983000072,
              49.95732656100006
            ],
            [
              4.216150240000047,
              49.95701613400007
            ],
            [
              4.215214494000065,
              49.95717954400004
            ],
            [
              4.212177692000068,
              49.95770986100007
            ],
            [
              4.20979686000004,
              49.95713791500003
            ],
            [
              4.205925199000035,
              49.95750454000006
            ],
            [
              4.202716623000072,
              49.956723440000076
            ],
            [
              4.198919051000075,
              49.955798955000034
            ],
            [
              4.197321841000075,
              49.95449434100004
            ],
            [
              4.195263469000054,
              49.95767966000005
            ],
            [
              4.195667890000038,
              49.96112229500005
            ],
            [
              4.196384634000026,
              49.96722358800008
            ],
            [
              4.173847949000049,
              49.976068431000044
            ],
            [
              4.164161812000032,
              49.97551478300005
            ],
            [
              4.153602034000073,
              49.974911199000076
            ],
            [
              4.140853127000071,
              49.97876015200006
            ],
            [
              4.155512943000076,
              49.98620495700004
            ],
            [
              4.162492831000066,
              49.99751123900006
            ],
            [
              4.160255932000041,
              50.00094709500007
            ],
            [
              4.14997044100005,
              50.002754320000065
            ],
            [
              4.147883786000023,
              50.00312095800007
            ],
            [
              4.146588389000044,
              50.00436991300006
            ],
            [
              4.135377764000054,
              50.01517861800005
            ],
            [
              4.137435355000036,
              50.02121931900007
            ],
            [
              4.160735844000044,
              50.04752736100005
            ],
            [
              4.17101682200007,
              50.047004591000075
            ],
            [
              4.173942292000049,
              50.04739987200003
            ],
            [
              4.19351081700006,
              50.050043911000046
            ],
            [
              4.199708251000061,
              50.05634168500006
            ],
            [
              4.22156267400004,
              50.06296898200003
            ],
            [
              4.230168307000042,
              50.07128692600003
            ],
            [
              4.227497023000069,
              50.07968156700008
            ],
            [
              4.213175289000048,
              50.09468763800004
            ],
            [
              4.212034661000075,
              50.09513138800003
            ],
            [
              4.203453521000029,
              50.09846979500003
            ],
            [
              4.202375428000039,
              50.10148452800007
            ],
            [
              4.206033393000041,
              50.10521065700004
            ],
            [
              4.197606023000048,
              50.10944340000003
            ],
            [
              4.201807522000024,
              50.11440163100008
            ],
            [
              4.203196232000039,
              50.11604046100007
            ],
            [
              4.201792831000034,
              50.12311997000006
            ],
            [
              4.198734431000048,
              50.12758702700006
            ],
            [
              4.199523670000076,
              50.13293537100003
            ],
            [
              4.196081068000069,
              50.13500236600004
            ],
            [
              4.159927794000055,
              50.135131063000074
            ],
            [
              4.154455669000072,
              50.130934327000034
            ],
            [
              4.151513331000046,
              50.12867776000007
            ],
            [
              4.12687479300007,
              50.134922137000046
            ],
            [
              4.134817206000037,
              50.14290304200006
            ],
            [
              4.138908951000076,
              50.15225746400006
            ],
            [
              4.144957480000073,
              50.155834155000036
            ],
            [
              4.152935311000022,
              50.160551706000035
            ],
            [
              4.155018751000057,
              50.16713355300004
            ],
            [
              4.154399191000039,
              50.17152005100007
            ],
            [
              4.152471820000073,
              50.17265155300004
            ],
            [
              4.149341727000035,
              50.17448913700008
            ],
            [
              4.15331635900003,
              50.18022899500005
            ],
            [
              4.154596341000058,
              50.18207744700004
            ],
            [
              4.156619,
              50.18499841700003
            ],
            [
              4.156196931000068,
              50.19284057300007
            ],
            [
              4.159606756000073,
              50.19374977000007
            ],
            [
              4.159889025000041,
              50.201023028000066
            ],
            [
              4.15601851100007,
              50.204473473000064
            ],
            [
              4.15279313800005,
              50.20734879400004
            ],
            [
              4.150810967000041,
              50.21342096800004
            ],
            [
              4.159465585000021,
              50.21432932300007
            ],
            [
              4.166002941000045,
              50.21501545900003
            ],
            [
              4.171742675000075,
              50.21812415000005
            ],
            [
              4.178411229000062,
              50.22640839200005
            ],
            [
              4.183104530000037,
              50.23223880900008
            ],
            [
              4.199013945000047,
              50.24045554500003
            ],
            [
              4.203763870000046,
              50.242572335000034
            ],
            [
              4.21360339000006,
              50.24695728900008
            ],
            [
              4.221174017000067,
              50.25539035700007
            ],
            [
              4.204320498000072,
              50.27415835000005
            ],
            [
              4.182254234000027,
              50.27506364300007
            ],
            [
              4.178887849000034,
              50.27520175300003
            ],
            [
              4.175649499000031,
              50.27802637500008
            ],
            [
              4.175630521000073,
              50.27852283800007
            ],
            [
              4.17542915100006,
              50.28379059400004
            ],
            [
              4.163213702000064,
              50.28817406700006
            ],
            [
              4.15078098400005,
              50.275661125000056
            ],
            [
              4.158897529000058,
              50.27282812300007
            ],
            [
              4.162466150000057,
              50.271582530000046
            ],
            [
              4.167498834000071,
              50.26606940000005
            ],
            [
              4.167340977000038,
              50.260747898000034
            ],
            [
              4.163608125000053,
              50.25729013100005
            ],
            [
              4.134910787000024,
              50.25909038200007
            ],
            [
              4.137799237000024,
              50.26149485900004
            ],
            [
              4.136908683000058,
              50.26628690900003
            ],
            [
              4.135555344000068,
              50.27356919700003
            ],
            [
              4.132233537000047,
              50.27348477500004
            ],
            [
              4.124071934000028,
              50.27327735100005
            ],
            [
              4.124821599000029,
              50.284896210000056
            ],
            [
              4.12509314700003,
              50.28910486800004
            ],
            [
              4.12260734900002,
              50.29696696800005
            ],
            [
              4.116748080000036,
              50.30282440800005
            ],
            [
              4.109619512000052,
              50.30280723200008
            ],
            [
              4.097682404000068,
              50.31259535600003
            ],
            [
              4.086262164000061,
              50.31057355300004
            ],
            [
              4.078786187000048,
              50.309250030000044
            ],
            [
              4.078618874000028,
              50.310428588000036
            ],
            [
              4.07792732300004,
              50.31409617500003
            ],
            [
              4.076596509000069,
              50.32115404400008
            ],
            [
              4.065053055000021,
              50.33002934800004
            ],
            [
              4.056242944000076,
              50.33273577500006
            ],
            [
              4.053239975000054,
              50.33864179300008
            ],
            [
              4.042493861000025,
              50.33983237700005
            ],
            [
              4.037566882000021,
              50.34290702900006
            ],
            [
              4.027774357000055,
              50.35833051100008
            ],
            [
              4.018599582000036,
              50.35647584800006
            ],
            [
              4.018206758000076,
              50.35611325900004
            ],
            [
              4.002222222222223,
              50.35027777777778
            ],
            [
              3.9761111111111114,
              50.50527777777778
            ]
          ]
        ]
      }
    },
    {
      "type": "Feature",
      "id": "TRA SB",
      "properties": {
        "id": "TRA SB",
        "name": "TRA SB - TRA SOUTH BRAVO",
        "chapter": "ENR 5.2",
        "upperLimit": "UNL",
        "lowerLimit": "FL195",
        "verticalLimits": "UNL / FL195",
        "lateralLimits": "494735N0054237E- 494137N0051624E- 494030N0051133E- 494040N0045055E- 494920N0041830E- 495835N0040853E- 500853N0041028E- 503205N0040655E- 503335N0041212E- 503813N0043620E- 503519N0045040E- 500118N 0054241E- 494735N0054237E.",
        "restrictionOrHazard": "Air exercises and UAS flights (NATO Class III). Crossing clearance shall be requested in- flight from Steenokkerzeel ATCC.",
        "timeOfActivity": "HX ⁽¹⁾",
        "aipSource": "Belgium and Luxembourg AIP ENR 5.2",
        "aipPage": "ENR 5.2-2",
        "amendment": "AMDT 008/2025",
        "effectiveDate": "07-AUG-2025",
        "aipNotes": [
          "(1) AMC manageable area. Activation can be checked pre-flight with Steenokkerzeel ATCC (TEL +32 (0) 2 443 82 04) or Brussels FIC."
        ],
        "color": "#778899",
        "colorSource": "AIM Belgium Brussels FIR Structure, 09 JUL 2026",
        "areaType": "military",
        "footnoteReferences": {
          "timeOfActivity": [
            1
          ]
        }
      },
      "geometry": {
        "type": "Polygon",
        "coordinates": [
          [
            [
              5.710277777777778,
              49.793055555555554
            ],
            [
              5.273333333333333,
              49.69361111111111
            ],
            [
              5.1925,
              49.675
            ],
            [
              4.8486111111111105,
              49.67777777777778
            ],
            [
              4.308333333333334,
              49.82222222222222
            ],
            [
              4.148055555555556,
              49.97638888888889
            ],
            [
              4.174444444444445,
              50.14805555555556
            ],
            [
              4.115277777777777,
              50.53472222222222
            ],
            [
              4.203333333333333,
              50.55972222222222
            ],
            [
              4.605555555555555,
              50.636944444444445
            ],
            [
              4.844444444444444,
              50.58861111111111
            ],
            [
              5.711388888888889,
              50.02166666666667
            ],
            [
              5.710277777777778,
              49.793055555555554
            ]
          ]
        ]
      }
    },
    {
      "type": "Feature",
      "id": "TRA SBZ",
      "properties": {
        "id": "TRA SBZ",
        "name": "TRA SBZ - TRA SOUTH BRAVO FBZ",
        "chapter": "ENR 5.2",
        "upperLimit": "UNL",
        "lowerLimit": "FL245",
        "verticalLimits": "UNL / FL245",
        "lateralLimits": "494735N 0054237E - 494137N 0051624E - 494030N 0051133E - 494040N 0045055E - 494920N 0041830E - 495835N 0040853E - 500853N 0041028E - 503205N 0040655E - 503335N 0041212E - 503813N 0043620E - 503519N 0045040E - 500118N 0054241E - 494735N 0054237E",
        "restrictionOrHazard": "For IFR flight planning purposes only.",
        "timeOfActivity": "HX ⁽¹⁾",
        "aipSource": "Belgium and Luxembourg AIP ENR 5.2",
        "aipPage": "ENR 5.2-3",
        "amendment": "AMDT 010/2025",
        "effectiveDate": "02-OCT-2025",
        "aipNotes": [
          "(1) Activation can be checked via EAUP/EUUP."
        ],
        "color": null,
        "colorNote": "No matching colour classification identified on the Brussels FIR Structure chart.",
        "areaType": "military",
        "footnoteReferences": {
          "timeOfActivity": [
            1
          ]
        }
      },
      "geometry": {
        "type": "Polygon",
        "coordinates": [
          [
            [
              5.710277777777778,
              49.793055555555554
            ],
            [
              5.273333333333333,
              49.69361111111111
            ],
            [
              5.1925,
              49.675
            ],
            [
              4.8486111111111105,
              49.67777777777778
            ],
            [
              4.308333333333334,
              49.82222222222222
            ],
            [
              4.148055555555556,
              49.97638888888889
            ],
            [
              4.174444444444445,
              50.14805555555556
            ],
            [
              4.115277777777777,
              50.53472222222222
            ],
            [
              4.203333333333333,
              50.55972222222222
            ],
            [
              4.605555555555555,
              50.636944444444445
            ],
            [
              4.844444444444444,
              50.58861111111111
            ],
            [
              5.711388888888889,
              50.02166666666667
            ],
            [
              5.710277777777778,
              49.793055555555554
            ]
          ]
        ]
      }
    },
    {
      "type": "Feature",
      "id": "TRA SBZ",
      "properties": {
        "id": "TRA SBZ",
        "name": "TRA SBZ - TRA SOUTH BRAVO FBZ",
        "chapter": "ENR 5.2",
        "upperLimit": "FL245",
        "lowerLimit": "FL195",
        "verticalLimits": "FL245 / FL195",
        "lateralLimits": "503418N 0040504E - 503423N 0040517E - 503555N 0041053E - 503929N 0042926E - 504036N 0043514E - 504040N 0043543E - 504042N 0043633E - 504040N 0043652E - 504036N 0043721E - 503739N 0045203E - 503727N 0045237E - 503712N 0045311E - 500253N 0054544E - 500210N 0054625E - 500113N 0054639E - 494728N 0054632E - 494646N 0054618E - 494607N 0054545E - 494533N 0054455E - 493812N 0051315E - 493805N 0051246E - 493758N 0051136E - 493807N 0045105E - 493809N 0045025E - 493814N 0044951E - 494707N 0041631E - 494723N 0041601E - 494745N 0041526E - 495739N 0040537E - 495756N 0040524E - 495816N 0040515E - 495846N 0040510E - 495928N 0040506E - 495946N 0040508E - 500706N 0040619E - 503207N 0040304E - 503238N 0040310E - 503316N 0040330E - 503344N 0040401E - 503407N 0040438E - 503418N 0040504E",
        "restrictionOrHazard": "For IFR flight planning purposes only.",
        "timeOfActivity": "",
        "aipSource": "Belgium and Luxembourg AIP ENR 5.2",
        "aipPage": "ENR 5.2-3",
        "amendment": "AMDT 010/2025",
        "effectiveDate": "02-OCT-2025",
        "aipNotes": [
          "(1) Activation can be checked via EAUP/EUUP."
        ],
        "color": null,
        "colorNote": "No matching colour classification identified on the Brussels FIR Structure chart.",
        "areaType": "military"
      },
      "geometry": {
        "type": "Polygon",
        "coordinates": [
          [
            [
              4.084444444444444,
              50.57166666666667
            ],
            [
              4.088055555555555,
              50.573055555555555
            ],
            [
              4.181388888888889,
              50.59861111111111
            ],
            [
              4.490555555555556,
              50.658055555555556
            ],
            [
              4.587222222222222,
              50.67666666666666
            ],
            [
              4.595277777777778,
              50.67777777777778
            ],
            [
              4.609166666666666,
              50.67833333333333
            ],
            [
              4.614444444444444,
              50.67777777777778
            ],
            [
              4.6225000000000005,
              50.67666666666666
            ],
            [
              4.867500000000001,
              50.6275
            ],
            [
              4.876944444444445,
              50.62416666666667
            ],
            [
              4.886388888888888,
              50.62
            ],
            [
              5.762222222222222,
              50.04805555555556
            ],
            [
              5.773611111111111,
              50.03611111111111
            ],
            [
              5.7775,
              50.02027777777778
            ],
            [
              5.775555555555555,
              49.79111111111111
            ],
            [
              5.7716666666666665,
              49.779444444444444
            ],
            [
              5.7625,
              49.76861111111111
            ],
            [
              5.748611111111111,
              49.759166666666665
            ],
            [
              5.220833333333333,
              49.63666666666666
            ],
            [
              5.212777777777778,
              49.63472222222222
            ],
            [
              5.193333333333333,
              49.632777777777775
            ],
            [
              4.851388888888889,
              49.63527777777778
            ],
            [
              4.840277777777778,
              49.63583333333333
            ],
            [
              4.8308333333333335,
              49.63722222222222
            ],
            [
              4.275277777777777,
              49.78527777777778
            ],
            [
              4.266944444444444,
              49.78972222222222
            ],
            [
              4.2572222222222225,
              49.795833333333334
            ],
            [
              4.093611111111111,
              49.96083333333333
            ],
            [
              4.09,
              49.96555555555556
            ],
            [
              4.0874999999999995,
              49.971111111111114
            ],
            [
              4.086111111111111,
              49.97944444444445
            ],
            [
              4.085,
              49.99111111111111
            ],
            [
              4.085555555555556,
              49.99611111111111
            ],
            [
              4.105277777777777,
              50.11833333333333
            ],
            [
              4.051111111111111,
              50.53527777777778
            ],
            [
              4.052777777777778,
              50.54388888888889
            ],
            [
              4.058333333333334,
              50.55444444444444
            ],
            [
              4.066944444444444,
              50.56222222222222
            ],
            [
              4.077222222222222,
              50.56861111111112
            ],
            [
              4.084444444444444,
              50.57166666666667
            ]
          ]
        ]
      }
    },
    {
      "type": "Feature",
      "id": "TRA/TSA S1",
      "properties": {
        "id": "TRA/TSA S1",
        "name": "TRA/TSA S1 - NAMUR AREA",
        "chapter": "ENR 5.2",
        "upperLimit": "UNL",
        "lowerLimit": "4500FT AMSL ⁽¹⁾",
        "verticalLimits": "UNL / 4500FT AMSL ⁽¹⁾",
        "lateralLimits": "503705N0043024E- 503813N0043620E- 503519N0045040E- 501808N0051710E- 501208N0044021E- 503705N0043024E.",
        "restrictionOrHazard": "Aerobatic area and UAS flights (NATO Class III). Crossing clearance shall be requested in- flight from Steenokkerzeel ATCC. ⁽²⁾",
        "timeOfActivity": "HX ⁽³⁾",
        "aipSource": "Belgium and Luxembourg AIP ENR 5.2",
        "aipPage": "ENR 5.2-3",
        "amendment": "AMDT 010/2025",
        "effectiveDate": "02-OCT-2025",
        "aipNotes": [
          "(1) Lower limit FL100 above Brussels CTA South One. Above TRA23 first usable level FL100.",
          "(2) Permeable for OAT traffic after coordination with the area’s controlling agency and not permeable for GAT traffic.",
          "(3) Activation can be checked pre-flight with Steenokkerzeel ATCC (TEL +32 (0) 2 443 82 04) or Brussels FIC."
        ],
        "color": "#778899",
        "colorSource": "AIM Belgium Brussels FIR Structure, 09 JUL 2026",
        "areaType": "military",
        "footnoteReferences": {
          "verticalLimits": [
            1
          ],
          "lowerLimit": [
            1
          ],
          "restrictionOrHazard": [
            2
          ],
          "timeOfActivity": [
            3
          ]
        }
      },
      "geometry": {
        "type": "Polygon",
        "coordinates": [
          [
            [
              4.506666666666667,
              50.61805555555556
            ],
            [
              4.605555555555555,
              50.636944444444445
            ],
            [
              4.844444444444444,
              50.58861111111111
            ],
            [
              5.286111111111111,
              50.30222222222222
            ],
            [
              4.6725,
              50.202222222222225
            ],
            [
              4.506666666666667,
              50.61805555555556
            ]
          ]
        ]
      }
    },
    {
      "type": "Feature",
      "id": "TRA/TSA S2",
      "properties": {
        "id": "TRA/TSA S2",
        "name": "TRA/TSA S2 - BEAURAING AREA",
        "chapter": "ENR 5.2",
        "upperLimit": "UNL",
        "lowerLimit": "4500FT AMSL ⁽¹⁾⁽²⁾",
        "verticalLimits": "UNL / 4500FT AMSL ⁽¹⁾⁽²⁾",
        "lateralLimits": "501208N0044021E- 501808N0051710E- 500118N0054241E- 495854N0054241E- 494927N0044914E- 501208N0044021E.",
        "restrictionOrHazard": "Aerobatic area and UAS flights (NATO Class III).⁽³⁾⁽⁴⁾",
        "timeOfActivity": "HX ⁽⁵⁾",
        "aipSource": "Belgium and Luxembourg AIP ENR 5.2",
        "aipPage": "ENR 5.2-3",
        "amendment": "AMDT 010/2025",
        "effectiveDate": "02-OCT-2025",
        "aipNotes": [
          "(1) Lower limit FL065 within CBA16B (see AIP France).",
          "(2) Lower limit FL065 within Glider Area Saint-Hubert when active, except when announced by NOTAM.",
          "(3) May be announced by NOTAM for medium level CAS in case of BELGIAN AIR FORCE STAFF Calendar exercise in conjunction with TSA32A, TSA32B and TSA34A, TSA34B.",
          "(4) Permeable for OAT traffic after coordination with the area’s controlling agency and not permeable for GAT traffic.",
          "(5) Activation can be checked pre-flight with Steenokkerzeel ATCC (TEL +32 (0) 2 443 82 04) or Brussels FIC."
        ],
        "color": "#778899",
        "colorSource": "AIM Belgium Brussels FIR Structure, 09 JUL 2026",
        "areaType": "military",
        "footnoteReferences": {
          "verticalLimits": [
            1,
            2
          ],
          "lowerLimit": [
            1,
            2
          ],
          "restrictionOrHazard": [
            3,
            4
          ],
          "timeOfActivity": [
            5
          ]
        }
      },
      "geometry": {
        "type": "Polygon",
        "coordinates": [
          [
            [
              4.6725,
              50.202222222222225
            ],
            [
              5.286111111111111,
              50.30222222222222
            ],
            [
              5.711388888888889,
              50.02166666666667
            ],
            [
              5.711388888888889,
              49.98166666666667
            ],
            [
              4.820555555555555,
              49.82416666666667
            ],
            [
              4.6725,
              50.202222222222225
            ]
          ]
        ]
      }
    },
    {
      "type": "Feature",
      "id": "TRA/TSA S3",
      "properties": {
        "id": "TRA/TSA S3",
        "name": "TRA/TSA S3 - GIVET AREA",
        "chapter": "ENR 5.2",
        "upperLimit": "UNL",
        "lowerLimit": "4500FT AMSL ⁽¹⁾",
        "verticalLimits": "UNL / 4500FT AMSL ⁽¹⁾",
        "lateralLimits": "500703N0041011E- 501208N0044021E- 494927N0044914E- 494604N0043047E- 494920N0041830E- 495835N0040853E- 500703N0041011E.",
        "restrictionOrHazard": "Aerobatic area and UAS flights (NATO Class III). ⁽²⁾",
        "timeOfActivity": "HX ⁽³⁾",
        "aipSource": "Belgium and Luxembourg AIP ENR 5.2",
        "aipPage": "ENR 5.2-4",
        "amendment": "AMDT 010/2025",
        "effectiveDate": "02-OCT-2025",
        "aipNotes": [
          "(1) Lower limit FL065 within CBA16B (see AIP France).",
          "(2) GAT is allowed to cross TRA/TSA S3 on the route MATIX - MMD on a fixed FL. The traffic shall remain below FL195. Permeable for OAT traffic after coordination with the area’s controlling agency and not permeable for GAT traffic.",
          "(3) Activation can be checked pre-flight with Steenokkerzeel ATCC (TEL +32 (0) 2 443 82 04) or Brussels FIC."
        ],
        "color": "#778899",
        "colorSource": "AIM Belgium Brussels FIR Structure, 09 JUL 2026",
        "areaType": "military",
        "footnoteReferences": {
          "verticalLimits": [
            1
          ],
          "lowerLimit": [
            1
          ],
          "restrictionOrHazard": [
            2
          ],
          "timeOfActivity": [
            3
          ]
        }
      },
      "geometry": {
        "type": "Polygon",
        "coordinates": [
          [
            [
              4.169722222222222,
              50.1175
            ],
            [
              4.6725,
              50.202222222222225
            ],
            [
              4.820555555555555,
              49.82416666666667
            ],
            [
              4.513055555555556,
              49.76777777777777
            ],
            [
              4.308333333333334,
              49.82222222222222
            ],
            [
              4.148055555555556,
              49.97638888888889
            ],
            [
              4.169722222222222,
              50.1175
            ]
          ]
        ]
      }
    },
    {
      "type": "Feature",
      "id": "TRA/TSA S4",
      "properties": {
        "id": "TRA/TSA S4",
        "name": "TRA/TSA S4 - CHARLEROI AREA",
        "chapter": "ENR 5.2",
        "upperLimit": "UNL",
        "lowerLimit": "4500FT AMSL ⁽¹⁾",
        "verticalLimits": "UNL / 4500FT AMSL ⁽¹⁾",
        "lateralLimits": "503205N0040655E- 503335N0041214E- 503705N0043024E- 501208N0044021E- 500703N0041011E- 500853N0041028E- 503205N0040655E.",
        "restrictionOrHazard": "Aerobatic area and UAS flights (NATO Class III). ⁽²⁾",
        "timeOfActivity": "HX ⁽³⁾",
        "aipSource": "Belgium and Luxembourg AIP ENR 5.2",
        "aipPage": "ENR 5.2-4",
        "amendment": "AMDT 010/2025",
        "effectiveDate": "02-OCT-2025",
        "aipNotes": [
          "(1) Lower limit FL100 above Brussels CTA South One.",
          "(2) Permeable for OAT traffic after coordination with the area’s controlling agency and not permeable for GAT traffic.",
          "(3) Activation can be checked pre-flight with Steenokkerzeel ATCC (TEL +32 (0) 2 443 82 04) or Brussels FIC."
        ],
        "color": "#778899",
        "colorSource": "AIM Belgium Brussels FIR Structure, 09 JUL 2026",
        "areaType": "military",
        "footnoteReferences": {
          "verticalLimits": [
            1
          ],
          "lowerLimit": [
            1
          ],
          "restrictionOrHazard": [
            2
          ],
          "timeOfActivity": [
            3
          ]
        }
      },
      "geometry": {
        "type": "Polygon",
        "coordinates": [
          [
            [
              4.115277777777777,
              50.53472222222222
            ],
            [
              4.203888888888889,
              50.55972222222222
            ],
            [
              4.506666666666667,
              50.61805555555556
            ],
            [
              4.6725,
              50.202222222222225
            ],
            [
              4.169722222222222,
              50.1175
            ],
            [
              4.174444444444445,
              50.14805555555556
            ],
            [
              4.115277777777777,
              50.53472222222222
            ]
          ]
        ]
      }
    },
    {
      "type": "Feature",
      "id": "TRA/TSA S5",
      "properties": {
        "id": "TRA/TSA S5",
        "name": "TRA/TSA S5 - NEUFCHATEAU AREA",
        "chapter": "ENR 5.2",
        "upperLimit": "UNL",
        "lowerLimit": "4500FT AMSL ⁽¹⁾ ⁽²⁾",
        "verticalLimits": "UNL / 4500FT AMSL ⁽¹⁾ ⁽²⁾",
        "lateralLimits": "494604N0043047E- 495854N0054241E- 494735N0054237E- 494137N0051624E- 494030N0051133E- 494040N0045055E- 494604N0043047E.",
        "restrictionOrHazard": "Aerobatic area and UAS flights (NATO Class III). ⁽³⁾⁽⁴⁾",
        "timeOfActivity": "HX ⁽⁵⁾",
        "aipSource": "Belgium and Luxembourg AIP ENR 5.2",
        "aipPage": "ENR 5.2-4",
        "amendment": "AMDT 010/2025",
        "effectiveDate": "02-OCT-2025",
        "aipNotes": [
          "(1) Lower limit FL065 within CBA16B (see AIP France).",
          "(2) Lower limit FL065 within Glider Area Saint-Hubert when active, except when announced by NOTAM.",
          "(3) May be announced by NOTAM for medium level CAS in case of BELGIAN AIR FORCE STAFF Calendar exercise in conjunction with TSA32A, TSA32B.",
          "(4) Permeable for OAT traffic after coordination with the area’s controlling agency and not permeable for GAT traffic. GAT is allowed to cross TRA/TSA S5 on the route MATIX - MMD on a fixed FL. The traffic shall remain below FL195.",
          "(5) Activation can be checked pre-flight with Steenokkerzeel ATCC (TEL +32 (0) 2 443 82 04) or Brussels FIC."
        ],
        "color": "#778899",
        "colorSource": "AIM Belgium Brussels FIR Structure, 09 JUL 2026",
        "areaType": "military",
        "footnoteReferences": {
          "verticalLimits": [
            1,
            2
          ],
          "lowerLimit": [
            1,
            2
          ],
          "restrictionOrHazard": [
            3,
            4
          ],
          "timeOfActivity": [
            5
          ]
        }
      },
      "geometry": {
        "type": "Polygon",
        "coordinates": [
          [
            [
              4.513055555555556,
              49.76777777777777
            ],
            [
              5.711388888888889,
              49.98166666666667
            ],
            [
              5.710277777777778,
              49.793055555555554
            ],
            [
              5.273333333333333,
              49.69361111111111
            ],
            [
              5.1925,
              49.675
            ],
            [
              4.8486111111111105,
              49.67777777777778
            ],
            [
              4.513055555555556,
              49.76777777777777
            ]
          ]
        ]
      }
    },
    {
      "type": "Feature",
      "id": "TRA/TSA S6",
      "properties": {
        "id": "TRA/TSA S6",
        "name": "TRA/TSA S6 - DURBUY AREA",
        "chapter": "ENR 5.2",
        "upperLimit": "FL165",
        "lowerLimit": "FL055 ⁽¹⁾⁽²⁾⁽³⁾",
        "verticalLimits": "FL165 / FL055 ⁽¹⁾⁽²⁾⁽³⁾",
        "lateralLimits": "502536N0050543E- 503001N0052456E- 502627N0053920E- 500426N0055210E- along the Belgian-Luxembourg border- 500120N0055102E- 500118N0054241E- 502536N0050543E.",
        "restrictionOrHazard": "Aerobatic area and UAS flights (NATO Class III). ⁽⁴⁾⁽⁵⁾",
        "timeOfActivity": "HX ⁽⁶⁾",
        "aipSource": "Belgium and Luxembourg AIP ENR 5.2",
        "aipPage": "ENR 5.2-4",
        "amendment": "AMDT 010/2025",
        "effectiveDate": "02-OCT-2025",
        "aipNotes": [
          "(1) Above TRA23 first usable level is FL100.",
          "(2) Lower limit FL065 within Glider Area La Roche when active, except when announced by NOTAM.",
          "(3) GAT traffic on SID departing from EBBR is passing over the area.",
          "(4) May be announced by NOTAM for medium level CAS in case of BELGIAN AIR FORCE STAFF Calendar exercise in conjunction with TSA34A, TSA34B.",
          "(5) Permeable for OAT traffic after coordination with the area’s controlling agency and not permeable for GAT traffic.",
          "(6) Activation can be checked pre-flight with Steenokkerzeel ATCC (TEL +32 (0) 2 443 82 04) or Brussels FIC."
        ],
        "geometryNote": "Published AIP anchor points expanded along applicable national borders/coastline using full Eurostat GISCO 2024 1:1M boundary geometry.",
        "color": "#778899",
        "colorSource": "AIM Belgium Brussels FIR Structure, 09 JUL 2026",
        "areaType": "military",
        "footnoteReferences": {
          "verticalLimits": [
            1,
            2,
            3
          ],
          "lowerLimit": [
            1,
            2,
            3
          ],
          "restrictionOrHazard": [
            4,
            5
          ],
          "timeOfActivity": [
            6
          ]
        }
      },
      "geometry": {
        "type": "Polygon",
        "coordinates": [
          [
            [
              5.095277777777778,
              50.42666666666666
            ],
            [
              5.415555555555556,
              50.500277777777775
            ],
            [
              5.655555555555556,
              50.44083333333333
            ],
            [
              5.869444444444445,
              50.073888888888895
            ],
            [
              5.861147632000041,
              50.06892125200005
            ],
            [
              5.856644202000041,
              50.06163296700004
            ],
            [
              5.856065765000039,
              50.057159091000074
            ],
            [
              5.864303595000024,
              50.05034120700003
            ],
            [
              5.86920974700007,
              50.04628072400004
            ],
            [
              5.863572194000028,
              50.041412886000046
            ],
            [
              5.857525447000057,
              50.03619172200007
            ],
            [
              5.858268573000032,
              50.03219193400008
            ],
            [
              5.858817436000038,
              50.02923774800007
            ],
            [
              5.854845085000022,
              50.027634109000076
            ],
            [
              5.85295583900006,
              50.02687142000008
            ],
            [
              5.852742508000063,
              50.02653028200007
            ],
            [
              5.850555555555555,
              50.02222222222222
            ],
            [
              5.711388888888889,
              50.02166666666667
            ],
            [
              5.095277777777778,
              50.42666666666666
            ]
          ]
        ]
      }
    },
    {
      "type": "Feature",
      "id": "TRA W",
      "properties": {
        "id": "TRA W",
        "name": "TRA W - TRA WEST",
        "chapter": "ENR 5.2",
        "upperLimit": "UNL",
        "lowerLimit": "4500FT AMSL",
        "verticalLimits": "UNL / 4500FT AMSL",
        "lateralLimits": "510056N0023429E- 510045N0023740E- 505152N0032551E- 505047N0032649E- 503549N0031628E- along the Belgian-French border- 510056N0023429E.",
        "restrictionOrHazard": "Air exercises and UAS flights (NATO Class III). Crossing clearance shall be requested in- flight from Steenokkerzeel ATCC.",
        "timeOfActivity": "HX ⁽²⁾",
        "aipSource": "Belgium and Luxembourg AIP ENR 5.2",
        "aipPage": "ENR 5.2-5",
        "amendment": "AIRAC AMDT 011/2025",
        "effectiveDate": "30-OCT-2025",
        "aipNotes": [
          "(1) Area will not be activated at the same levels as active CBA1L/M/H (AIP France).",
          "(2) AMC manageable area. Activation can be checked pre-flight with Steenokkerzeel ATCC (TEL +32 (0) 2 443 82 04) or Brussels FIC."
        ],
        "geometryNote": "Published AIP anchor points expanded along applicable national borders/coastline using full Eurostat GISCO 2024 1:1M boundary geometry.",
        "color": "#778899",
        "colorSource": "AIM Belgium Brussels FIR Structure, 09 JUL 2026",
        "areaType": "military",
        "footnoteReferences": {
          "timeOfActivity": [
            2
          ]
        }
      },
      "geometry": {
        "type": "Polygon",
        "coordinates": [
          [
            [
              2.574722222222222,
              51.01555555555556
            ],
            [
              2.6277777777777778,
              51.0125
            ],
            [
              3.430833333333333,
              50.864444444444445
            ],
            [
              3.4469444444444446,
              50.84638888888889
            ],
            [
              3.2744444444444443,
              50.596944444444446
            ],
            [
              3.270942056000024,
              50.60549538300006
            ],
            [
              3.269386854000061,
              50.61018953700005
            ],
            [
              3.268600783000068,
              50.61256218200003
            ],
            [
              3.267685504000042,
              50.613298816000054
            ],
            [
              3.256381902000044,
              50.622396165000055
            ],
            [
              3.258668811000064,
              50.62815507600004
            ],
            [
              3.250621829000067,
              50.636127499000054
            ],
            [
              3.245405383000048,
              50.640740736000055
            ],
            [
              3.248720954000021,
              50.64774829900006
            ],
            [
              3.245047077000038,
              50.65140900100005
            ],
            [
              3.246176926000032,
              50.65260650400006
            ],
            [
              3.246314157000029,
              50.652751952000074
            ],
            [
              3.24569974700006,
              50.653478567000036
            ],
            [
              3.241166079000038,
              50.65884018100007
            ],
            [
              3.242077905000031,
              50.66666812300008
            ],
            [
              3.249058264000041,
              50.672396853000066
            ],
            [
              3.25803634500005,
              50.675048926000045
            ],
            [
              3.264019176000033,
              50.676816220000035
            ],
            [
              3.260205905000021,
              50.68207484200008
            ],
            [
              3.253646939000021,
              50.691119865000076
            ],
            [
              3.258587331000058,
              50.691874152000025
            ],
            [
              3.260078390000047,
              50.69210180300007
            ],
            [
              3.260187114000075,
              50.700890721000064
            ],
            [
              3.245380278000027,
              50.713005880000026
            ],
            [
              3.237037991000022,
              50.71208690900005
            ],
            [
              3.222118472000034,
              50.710443403000056
            ],
            [
              3.208282608000047,
              50.71264248700004
            ],
            [
              3.20800146800002,
              50.71684515100003
            ],
            [
              3.207908555000074,
              50.71823408200004
            ],
            [
              3.206444640000029,
              50.71881942700003
            ],
            [
              3.192094507000036,
              50.72455731500003
            ],
            [
              3.196768163000058,
              50.73109055000003
            ],
            [
              3.197893718000046,
              50.73266394700005
            ],
            [
              3.196317190000059,
              50.737033935000056
            ],
            [
              3.18922384800004,
              50.74065779400007
            ],
            [
              3.188484767000034,
              50.74103537700006
            ],
            [
              3.187591902000065,
              50.74272732900005
            ],
            [
              3.184267194000029,
              50.74902754800007
            ],
            [
              3.176995843000043,
              50.75616461000004
            ],
            [
              3.171682798000063,
              50.75861005300004
            ],
            [
              3.171543015000054,
              50.76188525900005
            ],
            [
              3.171535962000064,
              50.762050517000034
            ],
            [
              3.170842549000042,
              50.76262012900003
            ],
            [
              3.168536324000058,
              50.764514606000034
            ],
            [
              3.165015633000053,
              50.767406906000076
            ],
            [
              3.161578122000037,
              50.772251002000075
            ],
            [
              3.152705203000039,
              50.78108950400008
            ],
            [
              3.152452444000062,
              50.78191348400003
            ],
            [
              3.150092595000046,
              50.78960646400003
            ],
            [
              3.141839259000051,
              50.788670428000046
            ],
            [
              3.126294333000033,
              50.78690743000004
            ],
            [
              3.119993084000043,
              50.790781441000036
            ],
            [
              3.115134505000071,
              50.79376849800008
            ],
            [
              3.110443989000032,
              50.79246209200005
            ],
            [
              3.10581022100007,
              50.78434652400006
            ],
            [
              3.104972987000053,
              50.782880195000075
            ],
            [
              3.098480837000068,
              50.77901914200004
            ],
            [
              3.090169152000044,
              50.77437945600008
            ],
            [
              3.086843879000071,
              50.77294554800005
            ],
            [
              3.081418959000075,
              50.77265560200004
            ],
            [
              3.076940977000049,
              50.774485576000075
            ],
            [
              3.07501363700004,
              50.77527357300005
            ],
            [
              3.070548709000036,
              50.77709817900006
            ],
            [
              3.06751104600005,
              50.77833952900005
            ],
            [
              3.06196626000002,
              50.77982095700003
            ],
            [
              3.058718899000041,
              50.780689076000044
            ],
            [
              3.041192681000041,
              50.77538487000004
            ],
            [
              3.04081715500007,
              50.77505346500004
            ],
            [
              3.035247204000029,
              50.77013793000003
            ],
            [
              3.018708739000033,
              50.773533013000076
            ],
            [
              2.983271954000031,
              50.75717155400008
            ],
            [
              2.972276321000038,
              50.75024372900003
            ],
            [
              2.956712287000073,
              50.75292898600003
            ],
            [
              2.940102835000062,
              50.74535005200005
            ],
            [
              2.938186046000055,
              50.74003884800004
            ],
            [
              2.943936233000045,
              50.732117447000064
            ],
            [
              2.93720048800003,
              50.73004064100007
            ],
            [
              2.930854110000041,
              50.726513090000026
            ],
            [
              2.929900541000052,
              50.71162327700006
            ],
            [
              2.922302784000067,
              50.702793102000044
            ],
            [
              2.91108317100003,
              50.70308192700003
            ],
            [
              2.909190184000067,
              50.69390730900005
            ],
            [
              2.90040282700005,
              50.69327162400003
            ],
            [
              2.886375194000038,
              50.70537534300007
            ],
            [
              2.870144239000069,
              50.70290001700005
            ],
            [
              2.86434913100004,
              50.707492942000044
            ],
            [
              2.846892586000024,
              50.72172952300008
            ],
            [
              2.827538079000021,
              50.718970994000074
            ],
            [
              2.813247005000051,
              50.716934138000056
            ],
            [
              2.790973727000051,
              50.72614058600004
            ],
            [
              2.782974529000057,
              50.74127680700008
            ],
            [
              2.782804767000073,
              50.74504603200006
            ],
            [
              2.78256327400004,
              50.750407917000075
            ],
            [
              2.776256316000058,
              50.752675554000064
            ],
            [
              2.764204372000052,
              50.75700877300005
            ],
            [
              2.762785204000068,
              50.76176971400008
            ],
            [
              2.757669250000049,
              50.76343699100005
            ],
            [
              2.758829954000021,
              50.766299023000045
            ],
            [
              2.760702799000057,
              50.77091703000008
            ],
            [
              2.754281089000074,
              50.774589485000035
            ],
            [
              2.748155793000024,
              50.77903923300005
            ],
            [
              2.741082479000056,
              50.78017353000007
            ],
            [
              2.738531241000032,
              50.78058265400006
            ],
            [
              2.733054977000052,
              50.78626749500006
            ],
            [
              2.725846011000044,
              50.793751033000035
            ],
            [
              2.722233384000049,
              50.80197856600006
            ],
            [
              2.722579696000025,
              50.80315621900007
            ],
            [
              2.724343701000066,
              50.80915481400007
            ],
            [
              2.712383045000024,
              50.81499510400005
            ],
            [
              2.681924894000076,
              50.813591761000055
            ],
            [
              2.680621674000065,
              50.81353171600006
            ],
            [
              2.680481325000073,
              50.813638627000046
            ],
            [
              2.678669988000024,
              50.815018413000075
            ],
            [
              2.670140407000076,
              50.82151582400007
            ],
            [
              2.662292183000034,
              50.81627247200004
            ],
            [
              2.658694423000043,
              50.81434594800004
            ],
            [
              2.657241843000065,
              50.81356812200005
            ],
            [
              2.634949827000071,
              50.81274384800008
            ],
            [
              2.629650260000062,
              50.82550367500005
            ],
            [
              2.625440558000037,
              50.83563942200004
            ],
            [
              2.62279314500006,
              50.83696814100006
            ],
            [
              2.617849885000055,
              50.83944912900006
            ],
            [
              2.616285839000057,
              50.84381814500006
            ],
            [
              2.614858859000037,
              50.84780428200003
            ],
            [
              2.608842628000048,
              50.848193250000065
            ],
            [
              2.60129511100007,
              50.84868122000006
            ],
            [
              2.599138961000051,
              50.853278868000075
            ],
            [
              2.605699607000076,
              50.85906607800007
            ],
            [
              2.611476813000024,
              50.86416220900003
            ],
            [
              2.609553738000045,
              50.868018075000066
            ],
            [
              2.607277839000062,
              50.87258137400005
            ],
            [
              2.608949686000074,
              50.87873602600007
            ],
            [
              2.609180164000065,
              50.879584496000064
            ],
            [
              2.60886565200002,
              50.88022707700003
            ],
            [
              2.605128209000043,
              50.88786305700006
            ],
            [
              2.608071992000021,
              50.89430930700007
            ],
            [
              2.60897023900003,
              50.89627627400006
            ],
            [
              2.607806861000029,
              50.899013627000045
            ],
            [
              2.604694235000068,
              50.90633743700005
            ],
            [
              2.607036110000024,
              50.91268938500008
            ],
            [
              2.605032855000047,
              50.913932904000035
            ],
            [
              2.60366089300004,
              50.91640095200006
            ],
            [
              2.601563898000052,
              50.91578257900005
            ],
            [
              2.598925200000053,
              50.91500446500004
            ],
            [
              2.59352824900003,
              50.91455103100003
            ],
            [
              2.591641863000063,
              50.915767421000055
            ],
            [
              2.589983222000058,
              50.91909052700004
            ],
            [
              2.594710888000066,
              50.92073738300007
            ],
            [
              2.594799824000063,
              50.920768363000036
            ],
            [
              2.600044945000036,
              50.92516590100007
            ],
            [
              2.603058068000053,
              50.92769253500006
            ],
            [
              2.608974937000028,
              50.931018882000046
            ],
            [
              2.617291974000068,
              50.93491783500008
            ],
            [
              2.619031881000069,
              50.94119216100006
            ],
            [
              2.631577421000031,
              50.94587014200005
            ],
            [
              2.62024421700005,
              50.96237734600004
            ],
            [
              2.607809301000032,
              50.98048923300007
            ],
            [
              2.608230219000063,
              50.98172998200005
            ],
            [
              2.609555786000044,
              50.985637387000054
            ],
            [
              2.604782662000048,
              50.99064585800005
            ],
            [
              2.596864625000023,
              50.99219509000005
            ],
            [
              2.593341470000041,
              50.99288442500006
            ],
            [
              2.576964334000024,
              51.00133356100008
            ],
            [
              2.572455865000052,
              51.01308439100006
            ],
            [
              2.574443059000032,
              51.01364244500007
            ],
            [
              2.574722222222222,
              51.01555555555556
            ]
          ]
        ]
      }
    },
    {
      "type": "Feature",
      "id": "TRA WD",
      "properties": {
        "id": "TRA WD",
        "name": "TRA WD - TRA WEST DELTA",
        "chapter": "ENR 5.2",
        "upperLimit": "UNL",
        "lowerLimit": "FL195",
        "verticalLimits": "UNL / FL195",
        "lateralLimits": "513036N0020000E- 512804N0022709E- 511622N0031752E- 510825N0033918E- 510047N0033351E- 511037N0024032E- 511243N0020000E- 513036N0020000E.",
        "restrictionOrHazard": "Air exercises and UAS flights (NATO Class III). Crossing clearance shall be requested in- flight from Steenokkerzeel ATCC.",
        "timeOfActivity": "HX ⁽¹⁾",
        "aipSource": "Belgium and Luxembourg AIP ENR 5.2",
        "aipPage": "ENR 5.2-5",
        "amendment": "AIRAC AMDT 011/2025",
        "effectiveDate": "30-OCT-2025",
        "aipNotes": [
          "(1) Activation can be checked pre-flight with Steenokkerzeel ATCC (TEL +32 (0) 2 443 82 04) or Brussels FIC."
        ],
        "color": "#778899",
        "colorSource": "AIM Belgium Brussels FIR Structure, 09 JUL 2026",
        "areaType": "military",
        "footnoteReferences": {
          "timeOfActivity": [
            1
          ]
        }
      },
      "geometry": {
        "type": "Polygon",
        "coordinates": [
          [
            [
              2,
              51.51
            ],
            [
              2.4525,
              51.467777777777776
            ],
            [
              3.2977777777777777,
              51.272777777777776
            ],
            [
              3.655,
              51.140277777777776
            ],
            [
              3.5641666666666665,
              51.01305555555555
            ],
            [
              2.6755555555555555,
              51.176944444444445
            ],
            [
              2,
              51.21194444444445
            ],
            [
              2,
              51.51
            ]
          ]
        ]
      }
    },
    {
      "type": "Feature",
      "id": "CBA1L",
      "properties": {
        "id": "CBA1L",
        "name": "CBA1L - CROSS BORDER AREA LOW",
        "chapter": "ENR 5.2",
        "upperLimit": "FL265",
        "lowerLimit": "FL195",
        "verticalLimits": "FL265 / FL195",
        "lateralLimits": "510117N 0020257E - 505907N 0024100E - 505612N 0025344E - 504517N 0030434E - 503403N 0025600E - 502550N 0024504E - 502550N 0023328E - 505517N 0015201E - 510117N 0020257E.",
        "restrictionOrHazard": "Air exercises and UAS flights (NATO Class III).",
        "timeOfActivity": "HX ⁽¹⁾",
        "aipSource": "Belgium and Luxembourg AIP ENR 5.2",
        "aipPage": "ENR 5.2-5",
        "amendment": "AIRAC AMDT 011/2025",
        "effectiveDate": "30-OCT-2025",
        "aipNotes": [
          "(1) Activation can be checked with Paris UAC or Reims UAC (see AIP France). Detailed schedule is communicated via AUP France."
        ],
        "color": "#EEDD82",
        "colorSource": "AIM Belgium Brussels FIR Structure, 09 JUL 2026",
        "areaType": "military",
        "footnoteReferences": {
          "timeOfActivity": [
            1
          ]
        }
      },
      "geometry": {
        "type": "Polygon",
        "coordinates": [
          [
            [
              2.0491666666666664,
              51.021388888888886
            ],
            [
              2.6833333333333336,
              50.98527777777778
            ],
            [
              2.8955555555555557,
              50.93666666666666
            ],
            [
              3.0761111111111115,
              50.75472222222222
            ],
            [
              2.9333333333333336,
              50.5675
            ],
            [
              2.7511111111111113,
              50.43055555555555
            ],
            [
              2.5577777777777775,
              50.43055555555555
            ],
            [
              1.8669444444444445,
              50.921388888888885
            ],
            [
              2.0491666666666664,
              51.021388888888886
            ]
          ]
        ]
      }
    },
    {
      "type": "Feature",
      "id": "CBA1LZ",
      "properties": {
        "id": "CBA1LZ",
        "name": "CBA1LZ - CROSS BORDER AREA LOW FBZ",
        "chapter": "ENR 5.2",
        "upperLimit": "FL265",
        "lowerLimit": "FL195",
        "verticalLimits": "FL265 / FL195",
        "lateralLimits": "505530N 0014624E - 510351N 0020137E - 510134N 0024152E - 505815N 0025621E - 504526N 0030903E - 503241N 0025918E - 502320N 0024652E - 502320N 0023143E - 505530N 0014624E.",
        "restrictionOrHazard": "FBZ. For IFR flight planning purposes only.",
        "timeOfActivity": "HX ⁽¹⁾",
        "aipSource": "Belgium and Luxembourg AIP ENR 5.2",
        "aipPage": "ENR 5.2-5",
        "amendment": "AIRAC AMDT 011/2025",
        "effectiveDate": "30-OCT-2025",
        "aipNotes": [
          "(1) Activation can be checked via AUP/UUP France."
        ],
        "color": "#EEDD82",
        "colorSource": "AIM Belgium Brussels FIR Structure, 09 JUL 2026",
        "areaType": "military",
        "footnoteReferences": {
          "timeOfActivity": [
            1
          ]
        }
      },
      "geometry": {
        "type": "Polygon",
        "coordinates": [
          [
            [
              1.7733333333333332,
              50.925
            ],
            [
              2.026944444444444,
              51.064166666666665
            ],
            [
              2.697777777777778,
              51.02611111111111
            ],
            [
              2.939166666666667,
              50.97083333333334
            ],
            [
              3.1508333333333334,
              50.757222222222225
            ],
            [
              2.9883333333333333,
              50.54472222222222
            ],
            [
              2.781111111111111,
              50.388888888888886
            ],
            [
              2.528611111111111,
              50.388888888888886
            ],
            [
              1.7733333333333332,
              50.925
            ]
          ]
        ]
      }
    },
    {
      "type": "Feature",
      "id": "CBA1M",
      "properties": {
        "id": "CBA1M",
        "name": "CBA1M - CROSS BORDER AREA MEDIUM",
        "chapter": "ENR 5.2",
        "upperLimit": "FL315",
        "lowerLimit": "FL265",
        "verticalLimits": "FL315 / FL265",
        "lateralLimits": "510117N 0020257E - 505907N 0024100E - 505612N 0025344E - 504517N 0030434E - 503403N 0025600E - 502550N 0024504E - 502550N 0023328E - 505517N 0015201E - 510117N 0020257E.",
        "restrictionOrHazard": "Air exercises and UAS flights (NATO Class III).",
        "timeOfActivity": "HX ⁽¹⁾",
        "aipSource": "Belgium and Luxembourg AIP ENR 5.2",
        "aipPage": "ENR 5.2-5",
        "amendment": "AIRAC AMDT 011/2025",
        "effectiveDate": "30-OCT-2025",
        "aipNotes": [
          "(1) Activation can be checked with Paris UAC or Reims UAC (see AIP France). Detailed schedule is communicated via AUP France."
        ],
        "color": "#EEDD82",
        "colorSource": "AIM Belgium Brussels FIR Structure, 09 JUL 2026",
        "areaType": "military",
        "footnoteReferences": {
          "timeOfActivity": [
            1
          ]
        }
      },
      "geometry": {
        "type": "Polygon",
        "coordinates": [
          [
            [
              2.0491666666666664,
              51.021388888888886
            ],
            [
              2.6833333333333336,
              50.98527777777778
            ],
            [
              2.8955555555555557,
              50.93666666666666
            ],
            [
              3.0761111111111115,
              50.75472222222222
            ],
            [
              2.9333333333333336,
              50.5675
            ],
            [
              2.7511111111111113,
              50.43055555555555
            ],
            [
              2.5577777777777775,
              50.43055555555555
            ],
            [
              1.8669444444444445,
              50.921388888888885
            ],
            [
              2.0491666666666664,
              51.021388888888886
            ]
          ]
        ]
      }
    },
    {
      "type": "Feature",
      "id": "CBA1MZ",
      "properties": {
        "id": "CBA1MZ",
        "name": "CBA1MZ - CROSS BORDER AREA MEDIUM FBZ",
        "chapter": "ENR 5.2",
        "upperLimit": "FL315",
        "lowerLimit": "FL265",
        "verticalLimits": "FL315 / FL265",
        "lateralLimits": "505530N 0014624E - 510351N 0020137E - 510134N 0024152E - 505815N 0025621E - 504526N 0030903E - 503241N 0025918E - 502320N 0024652E - 502320N 0023143E - 505530N 0014624E.",
        "restrictionOrHazard": "FBZ. For IFR flight planning purposes only.",
        "timeOfActivity": "HX ⁽¹⁾",
        "aipSource": "Belgium and Luxembourg AIP ENR 5.2",
        "aipPage": "ENR 5.2-5",
        "amendment": "AIRAC AMDT 011/2025",
        "effectiveDate": "30-OCT-2025",
        "aipNotes": [
          "(1) Activation can be checked via AUP/UUP France."
        ],
        "color": "#EEDD82",
        "colorSource": "AIM Belgium Brussels FIR Structure, 09 JUL 2026",
        "areaType": "military",
        "footnoteReferences": {
          "timeOfActivity": [
            1
          ]
        }
      },
      "geometry": {
        "type": "Polygon",
        "coordinates": [
          [
            [
              1.7733333333333332,
              50.925
            ],
            [
              2.026944444444444,
              51.064166666666665
            ],
            [
              2.697777777777778,
              51.02611111111111
            ],
            [
              2.939166666666667,
              50.97083333333334
            ],
            [
              3.1508333333333334,
              50.757222222222225
            ],
            [
              2.9883333333333333,
              50.54472222222222
            ],
            [
              2.781111111111111,
              50.388888888888886
            ],
            [
              2.528611111111111,
              50.388888888888886
            ],
            [
              1.7733333333333332,
              50.925
            ]
          ]
        ]
      }
    },
    {
      "type": "Feature",
      "id": "CBA1H",
      "properties": {
        "id": "CBA1H",
        "name": "CBA1H - CROSS BORDER AREA HIGH",
        "chapter": "ENR 5.2",
        "upperLimit": "FL355",
        "lowerLimit": "FL315",
        "verticalLimits": "FL355 / FL315",
        "lateralLimits": "510117N 0020257E - 505907N 0024100E - 505612N 0025344E - 504517N 0030434E - 503403N 0025600E - 502550N 0024504E - 502550N 0023328E - 505517N 0015201E - 510117N 0020257E.",
        "restrictionOrHazard": "Air exercises and UAS flights (NATO Class III).",
        "timeOfActivity": "HX ⁽¹⁾",
        "aipSource": "Belgium and Luxembourg AIP ENR 5.2",
        "aipPage": "ENR 5.2-6",
        "amendment": "AIRAC AMDT 011/2025",
        "effectiveDate": "30-OCT-2025",
        "aipNotes": [
          "(1) Activation can be checked with Paris UAC or Reims UAC (see AIP France). Detailed schedule is communicated via AUP France."
        ],
        "color": "#EEDD82",
        "colorSource": "AIM Belgium Brussels FIR Structure, 09 JUL 2026",
        "areaType": "military",
        "footnoteReferences": {
          "timeOfActivity": [
            1
          ]
        }
      },
      "geometry": {
        "type": "Polygon",
        "coordinates": [
          [
            [
              2.0491666666666664,
              51.021388888888886
            ],
            [
              2.6833333333333336,
              50.98527777777778
            ],
            [
              2.8955555555555557,
              50.93666666666666
            ],
            [
              3.0761111111111115,
              50.75472222222222
            ],
            [
              2.9333333333333336,
              50.5675
            ],
            [
              2.7511111111111113,
              50.43055555555555
            ],
            [
              2.5577777777777775,
              50.43055555555555
            ],
            [
              1.8669444444444445,
              50.921388888888885
            ],
            [
              2.0491666666666664,
              51.021388888888886
            ]
          ]
        ]
      }
    },
    {
      "type": "Feature",
      "id": "CBA1HZ",
      "properties": {
        "id": "CBA1HZ",
        "name": "CBA1HZ - CROSS BORDER AREA HIGH FBZ",
        "chapter": "ENR 5.2",
        "upperLimit": "FL355",
        "lowerLimit": "FL315",
        "verticalLimits": "FL355 / FL315",
        "lateralLimits": "505530N 0014624E - 510351N 0020137E - 510134N 0024152E - 505815N 0025621E - 504526N 0030903E - 503241N 0025918E - 502320N 0024652E - 502320N 0023143E - 505530N 0014624E.",
        "restrictionOrHazard": "FBZ. For IFR flight planning purposes only.",
        "timeOfActivity": "HX ⁽¹⁾",
        "aipSource": "Belgium and Luxembourg AIP ENR 5.2",
        "aipPage": "ENR 5.2-6",
        "amendment": "AIRAC AMDT 011/2025",
        "effectiveDate": "30-OCT-2025",
        "aipNotes": [
          "(1) Activation can be checked via AUP/UUP France."
        ],
        "color": "#EEDD82",
        "colorSource": "AIM Belgium Brussels FIR Structure, 09 JUL 2026",
        "areaType": "military",
        "footnoteReferences": {
          "timeOfActivity": [
            1
          ]
        }
      },
      "geometry": {
        "type": "Polygon",
        "coordinates": [
          [
            [
              1.7733333333333332,
              50.925
            ],
            [
              2.026944444444444,
              51.064166666666665
            ],
            [
              2.697777777777778,
              51.02611111111111
            ],
            [
              2.939166666666667,
              50.97083333333334
            ],
            [
              3.1508333333333334,
              50.757222222222225
            ],
            [
              2.9883333333333333,
              50.54472222222222
            ],
            [
              2.781111111111111,
              50.388888888888886
            ],
            [
              2.528611111111111,
              50.388888888888886
            ],
            [
              1.7733333333333332,
              50.925
            ]
          ]
        ]
      }
    },
    {
      "type": "Feature",
      "id": "TRA/TSA11",
      "properties": {
        "id": "TRA/TSA11",
        "name": "TRA/TSA11 - URSEL",
        "chapter": "ENR 5.2",
        "upperLimit": "4500FT AMSL",
        "lowerLimit": "GND",
        "verticalLimits": "4500FT AMSL / GND",
        "lateralLimits": "A circle, 5NM radius, centred on 510840N0032820E.",
        "restrictionOrHazard": "Air exercises and UAS flights. During UAS activity, prohibited to all manned aircraft. During air exercises, prohibited to non- participating aircraft.",
        "timeOfActivity": "HX ⁽²⁾",
        "aipSource": "Belgium and Luxembourg AIP ENR 5.2",
        "aipPage": "ENR 5.2-6",
        "amendment": "AIRAC AMDT 011/2025",
        "effectiveDate": "30-OCT-2025",
        "aipNotes": [
          "(1) Status of the area can be checked with Brussels FIC or Steenokkerzeel ATCC.",
          "(2) Announced by NOTAM. May be active MON to FRI (HOL excl), 0700 (0600)-SS. Not in JUL or AUG."
        ],
        "geometryNote": "Circle sampled every 5 degrees from the published centre and radius.",
        "color": "#A56100",
        "colorSource": "AIM Belgium Brussels FIR Structure, 09 JUL 2026",
        "areaType": "military",
        "footnoteReferences": {
          "timeOfActivity": [
            2
          ]
        }
      },
      "geometry": {
        "type": "Polygon",
        "coordinates": [
          [
            [
              3.4722222222222223,
              51.22772151012535
            ],
            [
              3.4838123097914653,
              51.22740404386003
            ],
            [
              3.4953137136193937,
              51.22645407425505
            ],
            [
              3.50663843946985,
              51.224878869995074
            ],
            [
              3.5176998664199295,
              51.22269048274961
            ],
            [
              3.528413419331441,
              51.21990565351066
            ],
            [
              3.538697224460243,
              51.2165456825495
            ],
            [
              3.548472742846853,
              51.212636264063995
            ],
            [
              3.557665376352829,
              51.20820728687471
            ],
            [
              3.5662050414773447,
              51.20329260280261
            ],
            [
              3.574026706403111,
              51.19792976461899
            ],
            [
              3.5810708870756374,
              51.19215973569755
            ],
            [
              3.587284098509753,
              51.18602657371815
            ],
            [
              3.592619257936807,
              51.17957709096812
            ],
            [
              3.597036036849423,
              51.17286049396084
            ],
            [
              3.600501159462277,
              51.16592800523925
            ],
            [
              3.6029886455813678,
              51.158832470354994
            ],
            [
              3.604479996355086,
              51.1516279531105
            ],
            [
              3.604964321862561,
              51.14436932222148
            ],
            [
              3.6044384099734015,
              51.13711183260141
            ],
            [
              3.6029067363832312,
              51.12991070448751
            ],
            [
              3.600381416187284,
              51.122820703620114
            ],
            [
              3.5968820977960525,
              51.115895725655896
            ],
            [
              3.5924358004194255,
              51.10918838793907
            ],
            [
              3.587076696746318,
              51.10274963167704
            ],
            [
              3.5808458428234413,
              51.096628337467415
            ],
            [
              3.5737908574879365,
              51.09087095700388
            ],
            [
              3.5659655540332027,
              51.08552116365098
            ],
            [
              3.5574295270845226,
              51.08061952442241
            ],
            [
              3.5482476979309863,
              51.0762031957279
            ],
            [
              3.5384898218026466,
              51.07230564506867
            ],
            [
              3.528229960797256,
              51.06895640066481
            ],
            [
              3.517545926349756,
              51.06618083079005
            ],
            [
              3.506518695300697,
              51.063999954371255
            ],
            [
              3.4952318037575862,
              51.062430284184614
            ],
            [
              3.4837707230566486,
              51.06148370374711
            ],
            [
              3.4722222222222223,
              51.06116737876356
            ],
            [
              3.460673721387796,
              51.06148370374711
            ],
            [
              3.449212640686858,
              51.062430284184614
            ],
            [
              3.437925749143748,
              51.063999954371255
            ],
            [
              3.4268985180946885,
              51.06618083079005
            ],
            [
              3.4162144836471886,
              51.06895640066481
            ],
            [
              3.405954622641798,
              51.07230564506867
            ],
            [
              3.3961967465134584,
              51.0762031957279
            ],
            [
              3.387014917359922,
              51.08061952442241
            ],
            [
              3.378478890411242,
              51.08552116365098
            ],
            [
              3.370653586956508,
              51.09087095700388
            ],
            [
              3.3635986016210033,
              51.096628337467415
            ],
            [
              3.357367747698126,
              51.10274963167704
            ],
            [
              3.3520086440250196,
              51.10918838793907
            ],
            [
              3.3475623466483917,
              51.115895725655896
            ],
            [
              3.3440630282571604,
              51.122820703620114
            ],
            [
              3.3415377080612134,
              51.12991070448751
            ],
            [
              3.340006034471043,
              51.13711183260141
            ],
            [
              3.3394801225818838,
              51.14436932222148
            ],
            [
              3.3399644480893587,
              51.1516279531105
            ],
            [
              3.341455798863077,
              51.158832470354994
            ],
            [
              3.343943284982168,
              51.16592800523925
            ],
            [
              3.347408407595021,
              51.17286049396084
            ],
            [
              3.351825186507637,
              51.17957709096812
            ],
            [
              3.357160345934691,
              51.18602657371815
            ],
            [
              3.3633735573688073,
              51.19215973569755
            ],
            [
              3.3704177380413336,
              51.19792976461899
            ],
            [
              3.3782394029671,
              51.20329260280261
            ],
            [
              3.3867790680916157,
              51.20820728687471
            ],
            [
              3.3959717015975914,
              51.212636264063995
            ],
            [
              3.405747219984202,
              51.2165456825495
            ],
            [
              3.4160310251130035,
              51.21990565351066
            ],
            [
              3.426744578024515,
              51.22269048274961
            ],
            [
              3.4378060049745947,
              51.224878869995074
            ],
            [
              3.449130730825051,
              51.22645407425505
            ],
            [
              3.4606321346529794,
              51.22740404386003
            ],
            [
              3.4722222222222223,
              51.22772151012535
            ]
          ]
        ]
      }
    },
    {
      "type": "Feature",
      "id": "TRA/TSA13A",
      "properties": {
        "id": "TRA/TSA13A",
        "name": "TRA/TSA13A - CHANNEL A",
        "chapter": "ENR 5.2",
        "upperLimit": "FL105",
        "lowerLimit": "4500FT AMSL ⁽²⁾",
        "verticalLimits": "FL105 / 4500FT AMSL ⁽²⁾",
        "lateralLimits": "512907N0020500E- 512833N 0021630E- 512719N0023000E- 511820N0023000E- 511933N0020500E- 512907N0020500E.",
        "restrictionOrHazard": "Air exercises and UAS flights (NATO Class III). ⁽³⁾",
        "timeOfActivity": "HX ⁽⁴⁾",
        "aipSource": "Belgium and Luxembourg AIP ENR 5.2",
        "aipPage": "ENR 5.2-6",
        "amendment": "AIRAC AMDT 011/2025",
        "effectiveDate": "30-OCT-2025",
        "aipNotes": [
          "(1) Status of the area can be checked with Steenokkerzeel ATCC (TEL +32 (0) 2 443 82 04).",
          "(2) First usable level is FL060.",
          "(3) Other traffic may be allowed inside the TSA for transit purposes. Flights in the TSA are subject to ATS provided by Steenokkerzeel ATCC. During air exercises, prohibited to non-participating aircraft. At all times the standard radar separation minima must be maintained between the UAS and the other traffic, therefore the manned aircraft flying within this TSA must be under radar control.",
          "(4) Announced by NOTAM. May be active MON to FRI (HOL excl)."
        ],
        "color": "#00F0F0",
        "colorSource": "AIM Belgium Brussels FIR Structure, 09 JUL 2026",
        "areaType": "military",
        "footnoteReferences": {
          "verticalLimits": [
            2
          ],
          "lowerLimit": [
            2
          ],
          "restrictionOrHazard": [
            3
          ],
          "timeOfActivity": [
            4
          ]
        }
      },
      "geometry": {
        "type": "Polygon",
        "coordinates": [
          [
            [
              2.0833333333333335,
              51.48527777777778
            ],
            [
              2.275,
              51.475833333333334
            ],
            [
              2.5,
              51.45527777777778
            ],
            [
              2.5,
              51.30555555555555
            ],
            [
              2.0833333333333335,
              51.325833333333335
            ],
            [
              2.0833333333333335,
              51.48527777777778
            ]
          ]
        ]
      }
    },
    {
      "type": "Feature",
      "id": "TRA/TSA13B",
      "properties": {
        "id": "TRA/TSA13B",
        "name": "TRA/TSA13B - CHANNEL B",
        "chapter": "ENR 5.2",
        "upperLimit": "FL105",
        "lowerLimit": "4500FT AMSL ⁽²⁾",
        "verticalLimits": "FL105 / 4500FT AMSL ⁽²⁾",
        "lateralLimits": "512719N0023000E- 512521N0025114E- 512114N0024957E- an arc of circle, 12.8NM radius, centred on 510839N0024601E and traced counterclockwise to 511637N0023000E- 512719N0023000E.",
        "restrictionOrHazard": "Air exercises and UAS flights (NATO Class III). ⁽³⁾",
        "timeOfActivity": "HX ⁽⁴⁾",
        "aipSource": "Belgium and Luxembourg AIP ENR 5.2",
        "aipPage": "ENR 5.2-7",
        "amendment": "AIRAC AMDT 011/2025",
        "effectiveDate": "30-OCT-2025",
        "aipNotes": [
          "(1) Status of the area can be checked with Steenokkerzeel ATCC (TEL +32 (0) 2 443 82 04).",
          "(2) First usable level is FL060.",
          "(3) Other traffic may be allowed inside the TSA for transit purposes. Flights in the TSA are subject to ATS provided by Steenokkerzeel ATCC. During air exercises, prohibited to non-participating aircraft. At all times the standard radar separation minima must be maintained between the UAS and the other traffic, therefore the manned aircraft flying within this TSA must be under radar control.",
          "(4) Announced by NOTAM. May be active MON to FRI (HOL excl)."
        ],
        "geometryNote": "Published circular arcs are geodesically sampled at maximum 3 degrees.",
        "color": "#00F0F0",
        "colorSource": "AIM Belgium Brussels FIR Structure, 09 JUL 2026",
        "areaType": "military",
        "footnoteReferences": {
          "verticalLimits": [
            2
          ],
          "lowerLimit": [
            2
          ],
          "restrictionOrHazard": [
            3
          ],
          "timeOfActivity": [
            4
          ]
        }
      },
      "geometry": {
        "type": "Polygon",
        "coordinates": [
          [
            [
              2.5,
              51.45527777777778
            ],
            [
              2.853888888888889,
              51.4225
            ],
            [
              2.8324999999999996,
              51.35388888888889
            ],
            [
              2.8149782091613953,
              51.355739893911235
            ],
            [
              2.797325078584684,
              51.35701770296582
            ],
            [
              2.7795888706332668,
              51.35771882184547
            ],
            [
              2.7618180842707227,
              51.357841333194294
            ],
            [
              2.744061316955935,
              51.35738490197033
            ],
            [
              2.7263671262138005,
              51.3563507764002
            ],
            [
              2.708783891337483,
              51.354741784422615
            ],
            [
              2.6913596756775444,
              51.35256232563247
            ],
            [
              2.674142089970435,
              51.34981835875206
            ],
            [
              2.657178157153852,
              51.3465173846708
            ],
            [
              2.640514179109313,
              51.34266842510904
            ],
            [
              2.6241956057631075,
              51.33828199697628
            ],
            [
              2.608266906965581,
              51.33337008250728
            ],
            [
              2.5927714475556134,
              51.32794609527401
            ],
            [
              2.577751366002247,
              51.322024842183225
            ],
            [
              2.56324745699885,
              51.31562248158336
            ],
            [
              2.5492990583670925,
              51.30875647761496
            ],
            [
              2.5359439426084793,
              51.3014455509513
            ],
            [
              2.5232182134204226,
              51.29370962608597
            ],
            [
              2.511156207471963,
              51.28556977533416
            ],
            [
              2.4997904017114556,
              51.27704815972393
            ],
            [
              2.5,
              51.45527777777778
            ]
          ]
        ]
      }
    },
    {
      "type": "Feature",
      "id": "TRA/TSA13C",
      "properties": {
        "id": "TRA/TSA13C",
        "name": "TRA/TSA13C - CHANNEL C",
        "chapter": "ENR 5.2",
        "upperLimit": "FL105",
        "lowerLimit": "4500FT AMSL ⁽²⁾",
        "verticalLimits": "FL105 / 4500FT AMSL ⁽²⁾",
        "lateralLimits": "512521N0025114E- 512309N0031403E- 512009N0031237E- 511946N0031105E- 511905N0030630E- 512114N0024957E- 512521N0025114E.",
        "restrictionOrHazard": "Air exercises and UAS flights (NATO Class III). ⁽³⁾",
        "timeOfActivity": "HX ⁽⁴⁾",
        "aipSource": "Belgium and Luxembourg AIP ENR 5.2",
        "aipPage": "ENR 5.2-7",
        "amendment": "AIRAC AMDT 011/2025",
        "effectiveDate": "30-OCT-2025",
        "aipNotes": [
          "(1) Status of the area can be checked with Steenokkerzeel ATCC (TEL +32 (0) 2 443 82 04).",
          "(2) First usable level is FL060.",
          "(3) Other traffic may be allowed inside the TSA for transit purposes. Flights in the TSA are subject to ATS provided by Steenokkerzeel ATCC. During air exercises, prohibited to non-participating aircraft. At all times the standard radar separation minima must be maintained between the UAS and the other traffic, therefore the manned aircraft flying within this TSA must be under radar control.",
          "(4) Announced by NOTAM. May be active MON to FRI (HOL excl)."
        ],
        "color": "#00F0F0",
        "colorSource": "AIM Belgium Brussels FIR Structure, 09 JUL 2026",
        "areaType": "military",
        "footnoteReferences": {
          "verticalLimits": [
            2
          ],
          "lowerLimit": [
            2
          ],
          "restrictionOrHazard": [
            3
          ],
          "timeOfActivity": [
            4
          ]
        }
      },
      "geometry": {
        "type": "Polygon",
        "coordinates": [
          [
            [
              2.853888888888889,
              51.4225
            ],
            [
              3.234166666666667,
              51.38583333333333
            ],
            [
              3.210277777777778,
              51.33583333333333
            ],
            [
              3.1847222222222222,
              51.32944444444445
            ],
            [
              3.1083333333333334,
              51.31805555555556
            ],
            [
              2.8324999999999996,
              51.35388888888889
            ],
            [
              2.853888888888889,
              51.4225
            ]
          ]
        ]
      }
    },
    {
      "type": "Feature",
      "id": "TRA/TSA13D",
      "properties": {
        "id": "TRA/TSA13D",
        "name": "TRA/TSA13D - CHANNEL D",
        "chapter": "ENR 5.2",
        "upperLimit": "FL105",
        "lowerLimit": "4500FT AMSL ⁽²⁾⁽³⁾",
        "verticalLimits": "FL105 / 4500FT AMSL ⁽²⁾⁽³⁾",
        "lateralLimits": "511646N0031603E- 511905N0030630E- 511946N0031105E- 512009N0031237E- 512309N0031403E- 512239N0031911E- 511646N0031603E.",
        "restrictionOrHazard": "Air exercises and UAS flights (NATO Class III). ⁽⁴⁾",
        "timeOfActivity": "HX ⁽⁵⁾",
        "aipSource": "Belgium and Luxembourg AIP ENR 5.2",
        "aipPage": "ENR 5.2-7",
        "amendment": "AIRAC AMDT 011/2025",
        "effectiveDate": "30-OCT-2025",
        "aipNotes": [
          "(1) Status of the area can be checked with Steenokkerzeel ATCC (TEL +32 (0) 2 443 82 04).",
          "(2) First usable level is FL060.",
          "(3) FL 070 and lower only available after approval of Oostende APP.",
          "(4) Other traffic may be allowed inside the TSA for transit purposes. Flights in the TSA are subject to ATS provided by Steenokkerzeel ATCC. During air exercises, prohibited to non-participating aircraft. At all times the standard radar separation minima must be maintained between the UAS and the other traffic, therefore the manned aircraft flying within this TSA must be under radar control.",
          "(5) Announced by NOTAM. May be active MON to FRI (HOL excl)."
        ],
        "color": "#00F0F0",
        "colorSource": "AIM Belgium Brussels FIR Structure, 09 JUL 2026",
        "areaType": "military",
        "footnoteReferences": {
          "verticalLimits": [
            2,
            3
          ],
          "lowerLimit": [
            2,
            3
          ],
          "restrictionOrHazard": [
            4
          ],
          "timeOfActivity": [
            5
          ]
        }
      },
      "geometry": {
        "type": "Polygon",
        "coordinates": [
          [
            [
              3.2675,
              51.279444444444444
            ],
            [
              3.1083333333333334,
              51.31805555555556
            ],
            [
              3.1847222222222222,
              51.32944444444445
            ],
            [
              3.210277777777778,
              51.33583333333333
            ],
            [
              3.234166666666667,
              51.38583333333333
            ],
            [
              3.319722222222222,
              51.3775
            ],
            [
              3.2675,
              51.279444444444444
            ]
          ]
        ]
      }
    },
    {
      "type": "Feature",
      "id": "TRA/TSA15",
      "properties": {
        "id": "TRA/TSA15",
        "name": "TRA/TSA15 - LO-RENINGE RPAS AREA",
        "chapter": "ENR 5.2",
        "upperLimit": "FL095",
        "lowerLimit": "4500FT AMSL",
        "verticalLimits": "FL095 / 4500FT AMSL",
        "lateralLimits": "510056N0023429E- 510045N0023740E- 505641N0030000E- 504548N0030000E- along the Belgian-French border- 510056N0023429E.",
        "restrictionOrHazard": "Air exercises and UAS flights (NATO Class III). During UAS activity, prohibited to all manned aircraft.⁽²⁾",
        "timeOfActivity": "HX ⁽³⁾",
        "aipSource": "Belgium and Luxembourg AIP ENR 5.2",
        "aipPage": "ENR 5.2-7",
        "amendment": "AIRAC AMDT 011/2025",
        "effectiveDate": "30-OCT-2025",
        "aipNotes": [
          "(1) Status of the area can be checked with Steenokkerzeel ATCC (TEL +32 (0) 2 443 82 04).",
          "(2) Other traffic may be allowed inside the TSA for transit purposes. At all times the standard radar separation minima must be maintained between the UAS and the other traffic, therefore the manned aircraft flying within this TSA must be under radar control.",
          "(3) Announced by NOTAM. Activation can be checked pre-flight with Steenokkerzeel ATCC (TEL +32 (0) 2 443 82 04)."
        ],
        "geometryNote": "Published AIP anchor points expanded along applicable national borders/coastline using full Eurostat GISCO 2024 1:1M boundary geometry.",
        "color": "#00F0F0",
        "colorSource": "AIM Belgium Brussels FIR Structure, 09 JUL 2026",
        "areaType": "military",
        "footnoteReferences": {
          "restrictionOrHazard": [
            2
          ],
          "timeOfActivity": [
            3
          ]
        }
      },
      "geometry": {
        "type": "Polygon",
        "coordinates": [
          [
            [
              2.574722222222222,
              51.01555555555556
            ],
            [
              2.6277777777777778,
              51.0125
            ],
            [
              3,
              50.94472222222222
            ],
            [
              3.0,
              50.763333333333335
            ],
            [
              2.972276321000038,
              50.75024372900003
            ],
            [
              2.956712287000073,
              50.75292898600003
            ],
            [
              2.940102835000062,
              50.74535005200005
            ],
            [
              2.938186046000055,
              50.74003884800004
            ],
            [
              2.943936233000045,
              50.732117447000064
            ],
            [
              2.93720048800003,
              50.73004064100007
            ],
            [
              2.930854110000041,
              50.726513090000026
            ],
            [
              2.929900541000052,
              50.71162327700006
            ],
            [
              2.922302784000067,
              50.702793102000044
            ],
            [
              2.91108317100003,
              50.70308192700003
            ],
            [
              2.909190184000067,
              50.69390730900005
            ],
            [
              2.90040282700005,
              50.69327162400003
            ],
            [
              2.886375194000038,
              50.70537534300007
            ],
            [
              2.870144239000069,
              50.70290001700005
            ],
            [
              2.86434913100004,
              50.707492942000044
            ],
            [
              2.846892586000024,
              50.72172952300008
            ],
            [
              2.827538079000021,
              50.718970994000074
            ],
            [
              2.813247005000051,
              50.716934138000056
            ],
            [
              2.790973727000051,
              50.72614058600004
            ],
            [
              2.782974529000057,
              50.74127680700008
            ],
            [
              2.782804767000073,
              50.74504603200006
            ],
            [
              2.78256327400004,
              50.750407917000075
            ],
            [
              2.776256316000058,
              50.752675554000064
            ],
            [
              2.764204372000052,
              50.75700877300005
            ],
            [
              2.762785204000068,
              50.76176971400008
            ],
            [
              2.757669250000049,
              50.76343699100005
            ],
            [
              2.758829954000021,
              50.766299023000045
            ],
            [
              2.760702799000057,
              50.77091703000008
            ],
            [
              2.754281089000074,
              50.774589485000035
            ],
            [
              2.748155793000024,
              50.77903923300005
            ],
            [
              2.741082479000056,
              50.78017353000007
            ],
            [
              2.738531241000032,
              50.78058265400006
            ],
            [
              2.733054977000052,
              50.78626749500006
            ],
            [
              2.725846011000044,
              50.793751033000035
            ],
            [
              2.722233384000049,
              50.80197856600006
            ],
            [
              2.722579696000025,
              50.80315621900007
            ],
            [
              2.724343701000066,
              50.80915481400007
            ],
            [
              2.712383045000024,
              50.81499510400005
            ],
            [
              2.681924894000076,
              50.813591761000055
            ],
            [
              2.680621674000065,
              50.81353171600006
            ],
            [
              2.680481325000073,
              50.813638627000046
            ],
            [
              2.678669988000024,
              50.815018413000075
            ],
            [
              2.670140407000076,
              50.82151582400007
            ],
            [
              2.662292183000034,
              50.81627247200004
            ],
            [
              2.658694423000043,
              50.81434594800004
            ],
            [
              2.657241843000065,
              50.81356812200005
            ],
            [
              2.634949827000071,
              50.81274384800008
            ],
            [
              2.629650260000062,
              50.82550367500005
            ],
            [
              2.625440558000037,
              50.83563942200004
            ],
            [
              2.62279314500006,
              50.83696814100006
            ],
            [
              2.617849885000055,
              50.83944912900006
            ],
            [
              2.616285839000057,
              50.84381814500006
            ],
            [
              2.614858859000037,
              50.84780428200003
            ],
            [
              2.608842628000048,
              50.848193250000065
            ],
            [
              2.60129511100007,
              50.84868122000006
            ],
            [
              2.599138961000051,
              50.853278868000075
            ],
            [
              2.605699607000076,
              50.85906607800007
            ],
            [
              2.611476813000024,
              50.86416220900003
            ],
            [
              2.609553738000045,
              50.868018075000066
            ],
            [
              2.607277839000062,
              50.87258137400005
            ],
            [
              2.608949686000074,
              50.87873602600007
            ],
            [
              2.609180164000065,
              50.879584496000064
            ],
            [
              2.60886565200002,
              50.88022707700003
            ],
            [
              2.605128209000043,
              50.88786305700006
            ],
            [
              2.608071992000021,
              50.89430930700007
            ],
            [
              2.60897023900003,
              50.89627627400006
            ],
            [
              2.607806861000029,
              50.899013627000045
            ],
            [
              2.604694235000068,
              50.90633743700005
            ],
            [
              2.607036110000024,
              50.91268938500008
            ],
            [
              2.605032855000047,
              50.913932904000035
            ],
            [
              2.60366089300004,
              50.91640095200006
            ],
            [
              2.601563898000052,
              50.91578257900005
            ],
            [
              2.598925200000053,
              50.91500446500004
            ],
            [
              2.59352824900003,
              50.91455103100003
            ],
            [
              2.591641863000063,
              50.915767421000055
            ],
            [
              2.589983222000058,
              50.91909052700004
            ],
            [
              2.594710888000066,
              50.92073738300007
            ],
            [
              2.594799824000063,
              50.920768363000036
            ],
            [
              2.600044945000036,
              50.92516590100007
            ],
            [
              2.603058068000053,
              50.92769253500006
            ],
            [
              2.608974937000028,
              50.931018882000046
            ],
            [
              2.617291974000068,
              50.93491783500008
            ],
            [
              2.619031881000069,
              50.94119216100006
            ],
            [
              2.631577421000031,
              50.94587014200005
            ],
            [
              2.62024421700005,
              50.96237734600004
            ],
            [
              2.607809301000032,
              50.98048923300007
            ],
            [
              2.608230219000063,
              50.98172998200005
            ],
            [
              2.609555786000044,
              50.985637387000054
            ],
            [
              2.604782662000048,
              50.99064585800005
            ],
            [
              2.596864625000023,
              50.99219509000005
            ],
            [
              2.593341470000041,
              50.99288442500006
            ],
            [
              2.576964334000024,
              51.00133356100008
            ],
            [
              2.572455865000052,
              51.01308439100006
            ],
            [
              2.574443059000032,
              51.01364244500007
            ],
            [
              2.574722222222222,
              51.01555555555556
            ]
          ]
        ]
      }
    },
    {
      "type": "Feature",
      "id": "TRA17",
      "properties": {
        "id": "TRA17",
        "name": "TRA17 - AWACS AREA",
        "chapter": "ENR 5.2",
        "upperLimit": "3500FT AMSL",
        "lowerLimit": "1500FT AMSL",
        "verticalLimits": "3500FT AMSL / 1500FT AMSL",
        "lateralLimits": "505957N0053955E- 505957N0054601E- along the Belgian-Dutch border- 505246N0053955E- 505957N0053955E.",
        "restrictionOrHazard": "Procedural airspace for AWACS IFR approach on ETNG RWY 09. Crossing clearance shall be obtained from Beek APP (see AIP the Netherlands).",
        "timeOfActivity": "HX ⁽¹⁾",
        "aipSource": "Belgium and Luxembourg AIP ENR 5.2",
        "aipPage": "ENR 5.2-8",
        "amendment": "AIRAC AMDT 011/2025",
        "effectiveDate": "30-OCT-2025",
        "aipNotes": [
          "(1) Activation can be checked with Brussels FIC or Steenokkerzeel ATCC."
        ],
        "geometryNote": "Published AIP anchor points expanded along applicable national borders/coastline using full Eurostat GISCO 2024 1:1M boundary geometry.",
        "color": "#A56100",
        "colorSource": "AIM Belgium Brussels FIR Structure, 09 JUL 2026",
        "areaType": "military",
        "footnoteReferences": {
          "timeOfActivity": [
            1
          ]
        }
      },
      "geometry": {
        "type": "Polygon",
        "coordinates": [
          [
            [
              5.665277777777778,
              50.99916666666667
            ],
            [
              5.766944444444444,
              50.99916666666667
            ],
            [
              5.748910982000041,
              50.98248295800005
            ],
            [
              5.745662737000032,
              50.98127095000007
            ],
            [
              5.738007233000076,
              50.97841447600007
            ],
            [
              5.72109623800003,
              50.961649856000065
            ],
            [
              5.722445042000061,
              50.95790987600003
            ],
            [
              5.728954790000046,
              50.955545794000045
            ],
            [
              5.738547800000049,
              50.95862581700004
            ],
            [
              5.745614197000066,
              50.96089462100008
            ],
            [
              5.753896867000037,
              50.958323146000055
            ],
            [
              5.757608016000063,
              50.95172198200004
            ],
            [
              5.749882454000044,
              50.94646466300003
            ],
            [
              5.745539220000069,
              50.943509050000046
            ],
            [
              5.728361023000048,
              50.92512673500005
            ],
            [
              5.725549551000029,
              50.916257975000065
            ],
            [
              5.723732659000063,
              50.910526608000055
            ],
            [
              5.715379520000056,
              50.90850891200006
            ],
            [
              5.709965837000027,
              50.910501553000074
            ],
            [
              5.707244655000068,
              50.91150315200008
            ],
            [
              5.699221677000025,
              50.90985957300006
            ],
            [
              5.696616650000067,
              50.90269316300004
            ],
            [
              5.694290815000045,
              50.89629480800005
            ],
            [
              5.68779117400004,
              50.89163836700004
            ],
            [
              5.682338654000034,
              50.88773209900006
            ],
            [
              5.680642223000063,
              50.884408965000034
            ],
            [
              5.679131849000044,
              50.88145029900005
            ],
            [
              5.67446807500005,
              50.88124371600003
            ],
            [
              5.665277777777778,
              50.879444444444445
            ],
            [
              5.665277777777778,
              50.99916666666667
            ]
          ]
        ]
      }
    },
    {
      "type": "Feature",
      "id": "TRA/TSA22",
      "properties": {
        "id": "TRA/TSA22",
        "name": "TRA/TSA22 - BERTRIX-JEHONVILLE",
        "chapter": "ENR 5.2",
        "upperLimit": "4500FT AMSL",
        "lowerLimit": "GND",
        "verticalLimits": "4500FT AMSL / GND",
        "lateralLimits": "A circle, 5NM radius, centred on 495333N0051325E.",
        "restrictionOrHazard": "Air exercises and UAS flights. During UAS activity, prohibited to all manned aircraft. During air exercises, prohibited to non- participating aircraft.",
        "timeOfActivity": "HX ⁽²⁾⁽³⁾",
        "aipSource": "Belgium and Luxembourg AIP ENR 5.2",
        "aipPage": "ENR 5.2-8",
        "amendment": "AIRAC AMDT 011/2025",
        "effectiveDate": "30-OCT-2025",
        "aipNotes": [
          "(1) Status of the area can be checked with Brussels FIC or Steenokkerzeel ATCC.",
          "(2) Announced by NOTAM. May be active MON to FRI (HOL excl), 0700 (0600)-SS. Not in JUL or AUG.",
          "(3) May not be active at the same time as TSA34A or TSA34B."
        ],
        "geometryNote": "Circle sampled every 5 degrees from the published centre and radius.",
        "color": "#A56100",
        "colorSource": "AIM Belgium Brussels FIR Structure, 09 JUL 2026",
        "areaType": "military",
        "footnoteReferences": {
          "timeOfActivity": [
            2,
            3
          ]
        }
      },
      "geometry": {
        "type": "Polygon",
        "coordinates": [
          [
            [
              5.223611111111111,
              49.975777065680894
            ],
            [
              5.234896906975055,
              49.97545962435544
            ],
            [
              5.246096367678688,
              49.97450972880829
            ],
            [
              5.257123828688247,
              49.97293464546215
            ],
            [
              5.267894961200875,
              49.97074642229395
            ],
            [
              5.278327426259762,
              49.967961795285795
            ],
            [
              5.288341512522522,
              49.96460205853565
            ],
            [
              5.297860752487386,
              49.96069289909395
            ],
            [
              5.306812512194072,
              49.956264197878916
            ],
            [
              5.315128549675508,
              49.951349798296306
            ],
            [
              5.322745537739034,
              49.945987244446854
            ],
            [
              5.32960554699696,
              49.94021749104342
            ],
            [
              5.335656485441588,
              49.934084587378976
            ],
            [
              5.340852491263802,
              49.92763533788369
            ],
            [
              5.3451542760417965,
              49.92091894198242
            ],
            [
              5.348529415871887,
              49.913986616113334
            ],
            [
              5.35095258847121,
              49.90689120089192
            ],
            [
              5.352405754747083,
              49.89968675650183
            ],
            [
              5.352878283794771,
              49.89242814946578
            ],
            [
              5.352367020749459,
              49.885170633995045
            ],
            [
              5.350876297374997,
              49.877969431134744
            ],
            [
              5.348417885717344,
              49.87087930891687
            ],
            [
              5.345010895581076,
              49.863954166702115
            ],
            [
              5.340681616999672,
              49.85724662683707
            ],
            [
              5.335463309262119,
              49.85080763667671
            ],
            [
              5.329395938427457,
              49.84468608392402
            ],
            [
              5.32252586560372,
              49.8389284281197
            ],
            [
              5.314905488587171,
              49.83357835097884
            ],
            [
              5.306592839751007,
              49.82867642811631
            ],
            [
              5.297651143339499,
              49.824259824533506
            ],
            [
              5.288148335563798,
              49.82036201605426
            ],
            [
              5.278156551109496,
              49.817012538701256
            ],
            [
              5.2677515798540195,
              49.81423676779553
            ],
            [
              5.25701229775445,
              49.81205572834387
            ],
            [
              5.246020076004092,
              49.81048593805199
            ],
            [
              5.23485817266968,
              49.809539284067746
            ],
            [
              5.223611111111111,
              49.8092229343191
            ],
            [
              5.2123640495525425,
              49.809539284067746
            ],
            [
              5.201202146218131,
              49.81048593805199
            ],
            [
              5.190209924467774,
              49.81205572834387
            ],
            [
              5.179470642368203,
              49.81423676779553
            ],
            [
              5.169065671112727,
              49.817012538701256
            ],
            [
              5.159073886658425,
              49.82036201605426
            ],
            [
              5.149571078882725,
              49.824259824533506
            ],
            [
              5.140629382471216,
              49.82867642811631
            ],
            [
              5.132316733635052,
              49.83357835097884
            ],
            [
              5.124696356618503,
              49.8389284281197
            ],
            [
              5.117826283794766,
              49.84468608392402
            ],
            [
              5.111758912960104,
              49.85080763667671
            ],
            [
              5.106540605222551,
              49.85724662683707
            ],
            [
              5.1022113266411475,
              49.863954166702115
            ],
            [
              5.0988043365048785,
              49.87087930891687
            ],
            [
              5.096345924847226,
              49.877969431134744
            ],
            [
              5.094855201472764,
              49.885170633995045
            ],
            [
              5.0943439384274525,
              49.89242814946578
            ],
            [
              5.09481646747514,
              49.89968675650183
            ],
            [
              5.096269633751013,
              49.90689120089192
            ],
            [
              5.098692806350336,
              49.913986616113334
            ],
            [
              5.102067946180426,
              49.92091894198242
            ],
            [
              5.106369730958421,
              49.92763533788369
            ],
            [
              5.111565736780634,
              49.934084587378976
            ],
            [
              5.117616675225263,
              49.94021749104342
            ],
            [
              5.124476684483189,
              49.945987244446854
            ],
            [
              5.132093672546715,
              49.951349798296306
            ],
            [
              5.140409710028151,
              49.956264197878916
            ],
            [
              5.1493614697348375,
              49.96069289909395
            ],
            [
              5.158880709699701,
              49.96460205853565
            ],
            [
              5.168894795962461,
              49.967961795285795
            ],
            [
              5.179327261021347,
              49.97074642229395
            ],
            [
              5.190098393533976,
              49.97293464546215
            ],
            [
              5.201125854543535,
              49.97450972880829
            ],
            [
              5.212325315247168,
              49.97545962435544
            ],
            [
              5.223611111111111,
              49.975777065680894
            ]
          ]
        ]
      }
    },
    {
      "type": "Feature",
      "id": "TRA23",
      "properties": {
        "id": "TRA23",
        "name": "TRA23 - TIENEN AREA",
        "chapter": "ENR 5.2",
        "upperLimit": "FL090",
        "lowerLimit": "4500FT AMSL",
        "verticalLimits": "FL090 / 4500FT AMSL",
        "lateralLimits": "502323N0051322E- 502112N0045247E- 502316N0045220E- 502900N0045106E- 503053N0045743E- 503353N0050818E- 503231N0051326E- 502323N0051322E.",
        "restrictionOrHazard": "VMC training sector for EBBE based aircraft. Flights in this area shall maintain two-way radio contact with Steenokkerzeel ATCC.",
        "timeOfActivity": "HX ⁽¹⁾",
        "aipSource": "Belgium and Luxembourg AIP ENR 5.2",
        "aipPage": "ENR 5.2-8",
        "amendment": "AIRAC AMDT 011/2025",
        "effectiveDate": "30-OCT-2025",
        "aipNotes": [
          "(1) May be active during MIL OPR HR. Activation can be checked with Steenokkerzeel ATCC (TEL +32 (0) 2 443 82 04)."
        ],
        "color": "#A56100",
        "colorSource": "AIM Belgium Brussels FIR Structure, 09 JUL 2026",
        "areaType": "military",
        "footnoteReferences": {
          "timeOfActivity": [
            1
          ]
        }
      },
      "geometry": {
        "type": "Polygon",
        "coordinates": [
          [
            [
              5.222777777777778,
              50.38972222222222
            ],
            [
              4.879722222222223,
              50.35333333333333
            ],
            [
              4.872222222222223,
              50.38777777777778
            ],
            [
              4.851666666666667,
              50.483333333333334
            ],
            [
              4.961944444444445,
              50.514722222222225
            ],
            [
              5.138333333333334,
              50.56472222222222
            ],
            [
              5.223888888888889,
              50.54194444444444
            ],
            [
              5.222777777777778,
              50.38972222222222
            ]
          ]
        ]
      }
    },
    {
      "type": "Feature",
      "id": "TSA24",
      "properties": {
        "id": "TSA24",
        "name": "TSA24 - ARDENNES 02",
        "chapter": "ENR 5.2",
        "upperLimit": "UNL",
        "lowerLimit": "FL095 ⁽¹⁾",
        "verticalLimits": "UNL / FL095 ⁽¹⁾",
        "lateralLimits": "503705N0043024E- 503813N0043620E- 503519N0045040E- 500118N0054241E- 495854N0054241E- 494927N0044914E- 503705N0043024E.",
        "restrictionOrHazard": "High performance flights and UAS flights (NATO Class III). ⁽²⁾",
        "timeOfActivity": "HX ⁽³⁾",
        "aipSource": "Belgium and Luxembourg AIP ENR 5.2",
        "aipPage": "ENR 5.2-8",
        "amendment": "AIRAC AMDT 011/2025",
        "effectiveDate": "30-OCT-2025",
        "aipNotes": [
          "(1) First usable level is FL100.",
          "(2) Not permeable.",
          "(3) Activation can be checked with Steenokkerzeel ATCC."
        ],
        "color": "#780078",
        "colorSource": "AIM Belgium Brussels FIR Structure, 09 JUL 2026",
        "areaType": "military",
        "footnoteReferences": {
          "verticalLimits": [
            1
          ],
          "lowerLimit": [
            1
          ],
          "restrictionOrHazard": [
            2
          ],
          "timeOfActivity": [
            3
          ]
        }
      },
      "geometry": {
        "type": "Polygon",
        "coordinates": [
          [
            [
              4.506666666666667,
              50.61805555555556
            ],
            [
              4.605555555555555,
              50.636944444444445
            ],
            [
              4.844444444444444,
              50.58861111111111
            ],
            [
              5.711388888888889,
              50.02166666666667
            ],
            [
              5.711388888888889,
              49.98166666666667
            ],
            [
              4.820555555555555,
              49.82416666666667
            ],
            [
              4.506666666666667,
              50.61805555555556
            ]
          ]
        ]
      }
    },
    {
      "type": "Feature",
      "id": "TSA25A",
      "properties": {
        "id": "TSA25A",
        "name": "TSA25A - ARDENNES 03A",
        "chapter": "ENR 5.2",
        "upperLimit": "UNL",
        "lowerLimit": "FL095 ⁽¹⁾",
        "verticalLimits": "UNL / FL095 ⁽¹⁾",
        "lateralLimits": "495854N0054241E- 500118N0054241E- 501808N0051710E- 500703N0041011E- 495835N0040853E- 494920N0041830E- 494604N0043047E- 495854N0054241E.",
        "restrictionOrHazard": "High performance flights and UAS flights (NATO Class III). ⁽²⁾",
        "timeOfActivity": "HX ⁽³⁾",
        "aipSource": "Belgium and Luxembourg AIP ENR 5.2",
        "aipPage": "ENR 5.2-8",
        "amendment": "AIRAC AMDT 011/2025",
        "effectiveDate": "30-OCT-2025",
        "aipNotes": [
          "(1) First usable level is FL100.",
          "(2) GAT is allowed to cross TSA25A on the route MATIX - MMD on a fixed FL. The traffic shall remain below FL195. Not permeable. Transits from and to France via RSL01 will not be allowed during TSA25A ACT.",
          "(3) Activation can be checked with Steenokkerzeel ATCC."
        ],
        "color": "#FFD700",
        "colorSource": "AIM Belgium Brussels FIR Structure, 09 JUL 2026",
        "areaType": "military",
        "footnoteReferences": {
          "verticalLimits": [
            1
          ],
          "lowerLimit": [
            1
          ],
          "restrictionOrHazard": [
            2
          ],
          "timeOfActivity": [
            3
          ]
        }
      },
      "geometry": {
        "type": "Polygon",
        "coordinates": [
          [
            [
              5.711388888888889,
              49.98166666666667
            ],
            [
              5.711388888888889,
              50.02166666666667
            ],
            [
              5.286111111111111,
              50.30222222222222
            ],
            [
              4.169722222222222,
              50.1175
            ],
            [
              4.148055555555556,
              49.97638888888889
            ],
            [
              4.308333333333334,
              49.82222222222222
            ],
            [
              4.513055555555556,
              49.76777777777777
            ],
            [
              5.711388888888889,
              49.98166666666667
            ]
          ]
        ]
      }
    },
    {
      "type": "Feature",
      "id": "TSA25B",
      "properties": {
        "id": "TSA25B",
        "name": "TSA25B - ARDENNES 03B",
        "chapter": "ENR 5.2",
        "upperLimit": "UNL",
        "lowerLimit": "FL095 ⁽¹⁾",
        "verticalLimits": "UNL / FL095 ⁽¹⁾",
        "lateralLimits": "494604N0043047E- 495854N0054241E- 494735N0054237E- 494137N0051624E- 494030N0051133E- 494040N0045055E- 494604N0043047E.",
        "restrictionOrHazard": "High performance flights and UAS flights (NATO Class III). ⁽²⁾",
        "timeOfActivity": "HX ⁽³⁾",
        "aipSource": "Belgium and Luxembourg AIP ENR 5.2",
        "aipPage": "ENR 5.2-9",
        "amendment": "AIRAC AMDT 011/2025",
        "effectiveDate": "30-OCT-2025",
        "aipNotes": [
          "(1) First usable level is FL100.",
          "(2) GAT is allowed to cross TSA25B on the route MATIX - MMD on a fixed FL. The traffic shall remain below FL195. Not permeable.",
          "(3) Activation can be checked with Steenokkerzeel ATCC."
        ],
        "color": "#FFD700",
        "colorSource": "AIM Belgium Brussels FIR Structure, 09 JUL 2026",
        "areaType": "military",
        "footnoteReferences": {
          "verticalLimits": [
            1
          ],
          "lowerLimit": [
            1
          ],
          "restrictionOrHazard": [
            2
          ],
          "timeOfActivity": [
            3
          ]
        }
      },
      "geometry": {
        "type": "Polygon",
        "coordinates": [
          [
            [
              4.513055555555556,
              49.76777777777777
            ],
            [
              5.711388888888889,
              49.98166666666667
            ],
            [
              5.710277777777778,
              49.793055555555554
            ],
            [
              5.273333333333333,
              49.69361111111111
            ],
            [
              5.1925,
              49.675
            ],
            [
              4.8486111111111105,
              49.67777777777778
            ],
            [
              4.513055555555556,
              49.76777777777777
            ]
          ]
        ]
      }
    },
    {
      "type": "Feature",
      "id": "TSA25C",
      "properties": {
        "id": "TSA25C",
        "name": "TSA25C - ARDENNES 03C",
        "chapter": "ENR 5.2",
        "upperLimit": "FL095",
        "lowerLimit": "4500FT AMSL ⁽²⁾ ⁽³⁾",
        "verticalLimits": "FL095 / 4500FT AMSL ⁽²⁾ ⁽³⁾",
        "lateralLimits": "495854N 0054241E - 500118N 0054241E - 501808N 0051710E - 500703N 0041011E - 495835N 0040853E - 494920N 0041830E - 494604N 0043047E - 494040N 0045055E - 494030N 0051133E - 494137N 0051624E - 494735N 0054237E - 495854N 0054241E. ⁽¹⁾",
        "restrictionOrHazard": "High performance flights and UAS flights (NATO Class III). ⁽⁴⁾",
        "timeOfActivity": "HX ⁽⁵⁾",
        "aipSource": "Belgium and Luxembourg AIP ENR 5.2",
        "aipPage": "ENR 5.2-9",
        "amendment": "AIRAC AMDT 011/2025",
        "effectiveDate": "30-OCT-2025",
        "aipNotes": [
          "(1) Flights within TSA25C shall stay clear of controlled airspace, prohibited areas, danger areas and conflicting TRA and TSA.",
          "(2) Lower limit FL065 within LFCBA16B (see AIP France).",
          "(3) Lower limit FL065 within Glider Area Saint-Hubert when active.",
          "(4) Area may be crossed by flights TKOF from EBFS and flights with ADES EBFS, military traffic to/from TSA28A and TSA28B, and military traffic to/from Germany via Northern Window.",
          "(5) Activation can be checked with Steenokkerzeel ATCC."
        ],
        "color": "#FFD700",
        "colorSource": "AIM Belgium Brussels FIR Structure, 09 JUL 2026",
        "areaType": "military",
        "footnoteReferences": {
          "lateralLimits": [
            1
          ],
          "verticalLimits": [
            2,
            3
          ],
          "lowerLimit": [
            2,
            3
          ],
          "restrictionOrHazard": [
            4
          ],
          "timeOfActivity": [
            5
          ]
        }
      },
      "geometry": {
        "type": "Polygon",
        "coordinates": [
          [
            [
              5.711388888888889,
              49.98166666666667
            ],
            [
              5.711388888888889,
              50.02166666666667
            ],
            [
              5.286111111111111,
              50.30222222222222
            ],
            [
              4.169722222222222,
              50.1175
            ],
            [
              4.148055555555556,
              49.97638888888889
            ],
            [
              4.308333333333334,
              49.82222222222222
            ],
            [
              4.513055555555556,
              49.76777777777777
            ],
            [
              4.8486111111111105,
              49.67777777777778
            ],
            [
              5.1925,
              49.675
            ],
            [
              5.273333333333333,
              49.69361111111111
            ],
            [
              5.710277777777778,
              49.793055555555554
            ],
            [
              5.711388888888889,
              49.98166666666667
            ]
          ]
        ]
      }
    },
    {
      "type": "Feature",
      "id": "TSA26A",
      "properties": {
        "id": "TSA26A",
        "name": "TSA26A - ARDENNES 01",
        "chapter": "ENR 5.2",
        "upperLimit": "UNL",
        "lowerLimit": "FL095 ⁽¹⁾",
        "verticalLimits": "UNL / FL095 ⁽¹⁾",
        "lateralLimits": "495854N0054241E- 494735N0054237E- 494137N0051624E- 494030N0051133E- 494040N0045055E- 494920N0041830E- 495835N0040853E- 500853N0041028E- 503205N0040655E- 503335N0041214E- 503813N0043620E- 503519N0045040E- 500118N0054241E- 495854N0054241E.",
        "restrictionOrHazard": "High performance flights and UAS flights (NATO Class III). ⁽²⁾",
        "timeOfActivity": "HX ⁽³⁾",
        "aipSource": "Belgium and Luxembourg AIP ENR 5.2",
        "aipPage": "ENR 5.2-9",
        "amendment": "AIRAC AMDT 011/2025",
        "effectiveDate": "30-OCT-2025",
        "aipNotes": [
          "(1) First usable level is FL100.",
          "(2) GAT is allowed to cross TSA26A on the route MATIX - MMD on a fixed FL. The traffic shall remain below FL195. Not permeable. Transits from and to France via RSL01 and RSL10 will not be allowed during TSA26A ACT, except if PPR has been received from CRC mission supervisor TEL +32 (0) 2 443 86 52 (back-up +32 (0) 443 86 51) at least 1 HR prior for OAT or except for Belgian OAT if unable to request PPR due to operational reason. Transits from and to Germany via EXCOS (Southern Corridor) will not be allowed during TSA26A ACT.",
          "(3) Announced by NOTAM. Activation can be checked with Steenokkerzeel ATCC."
        ],
        "color": "#5A5A5A",
        "colorSource": "AIM Belgium Brussels FIR Structure, 09 JUL 2026",
        "areaType": "military",
        "footnoteReferences": {
          "verticalLimits": [
            1
          ],
          "lowerLimit": [
            1
          ],
          "restrictionOrHazard": [
            2
          ],
          "timeOfActivity": [
            3
          ]
        }
      },
      "geometry": {
        "type": "Polygon",
        "coordinates": [
          [
            [
              5.711388888888889,
              49.98166666666667
            ],
            [
              5.710277777777778,
              49.793055555555554
            ],
            [
              5.273333333333333,
              49.69361111111111
            ],
            [
              5.1925,
              49.675
            ],
            [
              4.8486111111111105,
              49.67777777777778
            ],
            [
              4.308333333333334,
              49.82222222222222
            ],
            [
              4.148055555555556,
              49.97638888888889
            ],
            [
              4.174444444444445,
              50.14805555555556
            ],
            [
              4.115277777777777,
              50.53472222222222
            ],
            [
              4.203888888888889,
              50.55972222222222
            ],
            [
              4.605555555555555,
              50.636944444444445
            ],
            [
              4.844444444444444,
              50.58861111111111
            ],
            [
              5.711388888888889,
              50.02166666666667
            ],
            [
              5.711388888888889,
              49.98166666666667
            ]
          ]
        ]
      }
    },
    {
      "type": "Feature",
      "id": "TSA26B",
      "properties": {
        "id": "TSA26B",
        "name": "TSA26B - ARDENNES 04",
        "chapter": "ENR 5.2",
        "upperLimit": "FL095",
        "lowerLimit": "4500FT AMSL ⁽²⁾⁽³⁾",
        "verticalLimits": "FL095 / 4500FT AMSL ⁽²⁾⁽³⁾",
        "lateralLimits": "495854N0054241E- 494735N0054237E- 494137N0051624E- 494030N0051133E- 494040N0045055E- 494920N0041830E- 495835N0040853E- 500853N0041028E- 503205N0040655E- 503335N0041214E- 503813N0043620E- 503519N0045040E- 500118N0054241E- 495854N0054241E. ⁽¹⁾",
        "restrictionOrHazard": "High performance flights and UAS flights (NATO Class III). ⁽⁴⁾",
        "timeOfActivity": "HX ⁽⁵⁾",
        "aipSource": "Belgium and Luxembourg AIP ENR 5.2",
        "aipPage": "ENR 5.2-9",
        "amendment": "AIRAC AMDT 011/2025",
        "effectiveDate": "30-OCT-2025",
        "color": "#5A5A5A",
        "colorSource": "AIM Belgium Brussels FIR Structure, 09 JUL 2026",
        "areaType": "military",
        "footnoteReferences": {
          "lateralLimits": [
            1
          ],
          "verticalLimits": [
            2,
            3
          ],
          "lowerLimit": [
            2,
            3
          ],
          "restrictionOrHazard": [
            4
          ],
          "timeOfActivity": [
            5
          ]
        }
      },
      "geometry": {
        "type": "Polygon",
        "coordinates": [
          [
            [
              5.711388888888889,
              49.98166666666667
            ],
            [
              5.710277777777778,
              49.793055555555554
            ],
            [
              5.273333333333333,
              49.69361111111111
            ],
            [
              5.1925,
              49.675
            ],
            [
              4.8486111111111105,
              49.67777777777778
            ],
            [
              4.308333333333334,
              49.82222222222222
            ],
            [
              4.148055555555556,
              49.97638888888889
            ],
            [
              4.174444444444445,
              50.14805555555556
            ],
            [
              4.115277777777777,
              50.53472222222222
            ],
            [
              4.203888888888889,
              50.55972222222222
            ],
            [
              4.605555555555555,
              50.636944444444445
            ],
            [
              4.844444444444444,
              50.58861111111111
            ],
            [
              5.711388888888889,
              50.02166666666667
            ],
            [
              5.711388888888889,
              49.98166666666667
            ]
          ]
        ]
      }
    },
    {
      "type": "Feature",
      "id": "TSA27A",
      "properties": {
        "id": "TSA27A",
        "name": "TSA27A - LEGLISE",
        "chapter": "ENR 5.2",
        "upperLimit": "FL095",
        "lowerLimit": "4500FT AMSL",
        "verticalLimits": "FL095 / 4500FT AMSL",
        "lateralLimits": "495854N0054241E- 494735N0054237E- 494137N0051624E- along the Belgian-French border- 494957N0045159E- 495854N0054241E.",
        "restrictionOrHazard": "UAS flights (NATO Class III). Prohibited to all manned aircraft. ⁽¹⁾",
        "timeOfActivity": "HX ⁽²⁾",
        "aipSource": "Belgium and Luxembourg AIP ENR 5.2",
        "aipPage": "ENR 5.2-10",
        "amendment": "AIRAC AMDT 011/2025",
        "effectiveDate": "30-OCT-2025",
        "aipNotes": [
          "(1) Other traffic may be allowed inside the TSA for transit purposes. At all times the standard radar separation minima must be maintained between the UAS and the other traffic, therefore the manned aircraft flying within this TSA must be under radar control.",
          "(2) Announced by NOTAM. Area will only be activated when TRA SA is active. Activation can be checked pre-flight with Steenokkerzeel ATCC (TEL +32 (0) 2 443 82 04)."
        ],
        "geometryNote": "Published AIP anchor points expanded along applicable national borders/coastline using full Eurostat GISCO 2024 1:1M boundary geometry.",
        "color": "#00F0F0",
        "colorSource": "AIM Belgium Brussels FIR Structure, 09 JUL 2026",
        "areaType": "military",
        "footnoteReferences": {
          "restrictionOrHazard": [
            1
          ],
          "timeOfActivity": [
            2
          ]
        }
      },
      "geometry": {
        "type": "Polygon",
        "coordinates": [
          [
            [
              5.711388888888889,
              49.98166666666667
            ],
            [
              5.710277777777778,
              49.793055555555554
            ],
            [
              5.273333333333333,
              49.69361111111111
            ],
            [
              5.256622536000066,
              49.69389815000005
            ],
            [
              5.248890156000073,
              49.68925133600004
            ],
            [
              5.24441904300005,
              49.68656439700004
            ],
            [
              5.238114154000073,
              49.68840887300007
            ],
            [
              5.230617872000039,
              49.69060188700007
            ],
            [
              5.224950149000051,
              49.68952608400008
            ],
            [
              5.217464994000068,
              49.68810531100007
            ],
            [
              5.21373593900006,
              49.69047781900008
            ],
            [
              5.206350117000056,
              49.69517684500005
            ],
            [
              5.199690764000025,
              49.69238138800006
            ],
            [
              5.191089759000022,
              49.69458209900006
            ],
            [
              5.176605486000028,
              49.69362903100006
            ],
            [
              5.16624874300004,
              49.692947556000036
            ],
            [
              5.164005954000061,
              49.69848789900004
            ],
            [
              5.164289177000057,
              49.70256707200008
            ],
            [
              5.164882832000046,
              49.71111729200004
            ],
            [
              5.153738464000071,
              49.71792598900004
            ],
            [
              5.143607818000021,
              49.70932409900007
            ],
            [
              5.138733407000075,
              49.71330247000003
            ],
            [
              5.126777763000064,
              49.713113175000046
            ],
            [
              5.123038870000073,
              49.71732698100004
            ],
            [
              5.124402557000053,
              49.72461216700003
            ],
            [
              5.124841849000063,
              49.72695898200004
            ],
            [
              5.120221394000055,
              49.73324121600007
            ],
            [
              5.118425041000023,
              49.73568363900006
            ],
            [
              5.118445095000027,
              49.73690712600006
            ],
            [
              5.118468991000043,
              49.73836502800003
            ],
            [
              5.116915732000052,
              49.73988657800004
            ],
            [
              5.096569035000073,
              49.75980757800005
            ],
            [
              5.08880244300002,
              49.76530580800005
            ],
            [
              5.082519642000022,
              49.764456805000066
            ],
            [
              5.064615988000071,
              49.762037460000045
            ],
            [
              5.059487886000056,
              49.76709712100006
            ],
            [
              5.046799813000064,
              49.77015692900005
            ],
            [
              5.014872095000044,
              49.77952947400007
            ],
            [
              5.008960376000061,
              49.78266614100005
            ],
            [
              5.002727044000039,
              49.792193076000046
            ],
            [
              5.001752798000041,
              49.79368210000007
            ],
            [
              4.996017656000049,
              49.80019486500004
            ],
            [
              4.969431021000048,
              49.80182612700003
            ],
            [
              4.964670453000053,
              49.79835002600004
            ],
            [
              4.962116670000057,
              49.79924604400003
            ],
            [
              4.956855017000066,
              49.80109214200007
            ],
            [
              4.949535580000031,
              49.799283571000046
            ],
            [
              4.944831860000022,
              49.79314895400006
            ],
            [
              4.942950199000052,
              49.790694882000025
            ],
            [
              4.941629670000054,
              49.792019405000076
            ],
            [
              4.941206008000051,
              49.79244434900005
            ],
            [
              4.937801775000025,
              49.792333830000075
            ],
            [
              4.93277600600004,
              49.78978548100008
            ],
            [
              4.932303703000059,
              49.788729739000075
            ],
            [
              4.931408135000027,
              49.78672787000005
            ],
            [
              4.887225151000052,
              49.78805894900006
            ],
            [
              4.881646966000062,
              49.79182381000004
            ],
            [
              4.880696968000052,
              49.79246498800006
            ],
            [
              4.875542744000029,
              49.793377099000054
            ],
            [
              4.870099844000038,
              49.79343255400005
            ],
            [
              4.870174439000039,
              49.79299475100004
            ],
            [
              4.870767096000066,
              49.78951638800004
            ],
            [
              4.861711245000038,
              49.789294873000074
            ],
            [
              4.854960240000025,
              49.793716275000065
            ],
            [
              4.862576305000061,
              49.80255579700008
            ],
            [
              4.863032468000029,
              49.80308523900004
            ],
            [
              4.863292710000053,
              49.803846048000025
            ],
            [
              4.866560824000032,
              49.81340029100005
            ],
            [
              4.869635483000025,
              49.81526943700004
            ],
            [
              4.875897296000062,
              49.819076117000066
            ],
            [
              4.871513277000076,
              49.82225920600007
            ],
            [
              4.869313301000034,
              49.82385653400007
            ],
            [
              4.866388888888888,
              49.8325
            ],
            [
              5.711388888888889,
              49.98166666666667
            ]
          ]
        ]
      }
    },
    {
      "type": "Feature",
      "id": "TSA27B",
      "properties": {
        "id": "TSA27B",
        "name": "TSA27B - RONCHAMP",
        "chapter": "ENR 5.2",
        "upperLimit": "FL095",
        "lowerLimit": "4500FT AMSL",
        "verticalLimits": "FL095 / 4500FT AMSL",
        "lateralLimits": "502125N0051209E- 501416N0052304E- 500613N0053516E- 495734N0053456E- 495313N0051015E- 502125N0051209E.",
        "restrictionOrHazard": "UAS flights (NATO Class III). Prohibited to all manned aircraft. ⁽¹⁾",
        "timeOfActivity": "HX ⁽²⁾",
        "aipSource": "Belgium and Luxembourg AIP ENR 5.2",
        "aipPage": "ENR 5.2-10",
        "amendment": "AIRAC AMDT 011/2025",
        "effectiveDate": "30-OCT-2025",
        "aipNotes": [
          "(1) Other traffic may be allowed inside the TSA for transit purposes. At all times the standard radar separation minima must be maintained between the UAS and the other traffic, therefore the manned aircraft flying within this TSA must be under radar control.",
          "(2) Announced by NOTAM. Area will only be activated when TRA SA is active. Activation can be checked pre-flight with Steenokkerzeel ATCC (TEL +32 (0) 2 443 82 04)."
        ],
        "color": "#00F0F0",
        "colorSource": "AIM Belgium Brussels FIR Structure, 09 JUL 2026",
        "areaType": "military",
        "footnoteReferences": {
          "restrictionOrHazard": [
            1
          ],
          "timeOfActivity": [
            2
          ]
        }
      },
      "geometry": {
        "type": "Polygon",
        "coordinates": [
          [
            [
              5.202500000000001,
              50.356944444444444
            ],
            [
              5.384444444444445,
              50.23777777777778
            ],
            [
              5.587777777777777,
              50.103611111111114
            ],
            [
              5.582222222222222,
              49.95944444444445
            ],
            [
              5.170833333333333,
              49.886944444444445
            ],
            [
              5.202500000000001,
              50.356944444444444
            ]
          ]
        ]
      }
    },
    {
      "type": "Feature",
      "id": "TSA27C",
      "properties": {
        "id": "TSA27C",
        "name": "TSA27C - HOTTON",
        "chapter": "ENR 5.2",
        "upperLimit": "FL095",
        "lowerLimit": "4500FT AMSL",
        "verticalLimits": "FL095 / 4500FT AMSL",
        "lateralLimits": "502125N0051209E- 502441N0052449E- 502236N0053314E- 500618N0054251E- 500613N0053516E- 501416N0052304E- 502125N0051209E.",
        "restrictionOrHazard": "UAS flights (NATO Class III). Prohibited to all manned aircraft. ⁽¹⁾",
        "timeOfActivity": "HX ⁽²⁾",
        "aipSource": "Belgium and Luxembourg AIP ENR 5.2",
        "aipPage": "ENR 5.2-10",
        "amendment": "AIRAC AMDT 011/2025",
        "effectiveDate": "30-OCT-2025",
        "aipNotes": [
          "(1) Other traffic may be allowed inside the TSA for transit purposes. At all times the standard radar separation minima must be maintained between the UAS and the other traffic, therefore the manned aircraft flying within this TSA must be under radar control.",
          "(2) Announced by NOTAM. Area will only be activated when TRA SA is active. Activation can be checked pre-flight with Steenokkerzeel ATCC (TEL +32 (0) 2 443 82 04)."
        ],
        "color": "#00F0F0",
        "colorSource": "AIM Belgium Brussels FIR Structure, 09 JUL 2026",
        "areaType": "military",
        "footnoteReferences": {
          "restrictionOrHazard": [
            1
          ],
          "timeOfActivity": [
            2
          ]
        }
      },
      "geometry": {
        "type": "Polygon",
        "coordinates": [
          [
            [
              5.202500000000001,
              50.356944444444444
            ],
            [
              5.413611111111112,
              50.41138888888889
            ],
            [
              5.553888888888888,
              50.376666666666665
            ],
            [
              5.714166666666667,
              50.105000000000004
            ],
            [
              5.587777777777777,
              50.103611111111114
            ],
            [
              5.384444444444445,
              50.23777777777778
            ],
            [
              5.202500000000001,
              50.356944444444444
            ]
          ]
        ]
      }
    },
    {
      "type": "Feature",
      "id": "TSA27D",
      "properties": {
        "id": "TSA27D",
        "name": "TSA27D - GEDINNE",
        "chapter": "ENR 5.2",
        "upperLimit": "FL095",
        "lowerLimit": "4500FT AMSL",
        "verticalLimits": "FL095 / 4500FT AMSL",
        "lateralLimits": "502108N 0045210E - 502300N 0050943E - 502125N 0051209E - 495313N 0051015E - 494957N 0045200E - along the Belgian-French border - 500913N 0045232E - 501912N 0045235E - 502108N 0045210E.",
        "restrictionOrHazard": "UAS flights (NATO Class III). Prohibited to all manned aircraft. ⁽¹⁾",
        "timeOfActivity": "HX ⁽²⁾",
        "aipSource": "Belgium and Luxembourg AIP ENR 5.2",
        "aipPage": "ENR 5.2-10",
        "amendment": "AIRAC AMDT 011/2025",
        "effectiveDate": "30-OCT-2025",
        "aipNotes": [
          "(1) Other traffic may be allowed inside the TSA for transit purposes. At all times the standard radar separation minima must be maintained between the UAS and the other traffic, therefore the manned aircraft flying within this TSA must be under radar control.",
          "(2) Announced by NOTAM. Area will only be activated when TRA SA is active. Activation can be checked pre-flight with Steenokkerzeel ATCC (TEL +32 (0) 2 443 82 04)."
        ],
        "geometryNote": "Published AIP anchor points expanded along applicable national borders/coastline using full Eurostat GISCO 2024 1:1M boundary geometry.",
        "color": "#00F0F0",
        "colorSource": "AIM Belgium Brussels FIR Structure, 09 JUL 2026",
        "areaType": "military",
        "footnoteReferences": {
          "restrictionOrHazard": [
            1
          ],
          "timeOfActivity": [
            2
          ]
        }
      },
      "geometry": {
        "type": "Polygon",
        "coordinates": [
          [
            [
              4.869444444444445,
              50.352222222222224
            ],
            [
              5.161944444444445,
              50.38333333333333
            ],
            [
              5.202500000000001,
              50.356944444444444
            ],
            [
              5.170833333333333,
              49.886944444444445
            ],
            [
              4.866666666666667,
              49.8325
            ],
            [
              4.866581282000027,
              49.840832789000046
            ],
            [
              4.862815027000067,
              49.841519093000045
            ],
            [
              4.857644808000032,
              49.84246123300005
            ],
            [
              4.855064195000068,
              49.849036858000034
            ],
            [
              4.852210901000035,
              49.86265540800008
            ],
            [
              4.858441365000033,
              49.865954808000026
            ],
            [
              4.861510338000073,
              49.867580012000076
            ],
            [
              4.866589420000025,
              49.87673152900004
            ],
            [
              4.872478329000046,
              49.887342199000045
            ],
            [
              4.879212959000029,
              49.89342758200007
            ],
            [
              4.885330818000057,
              49.898955655000066
            ],
            [
              4.882441246000042,
              49.90170816800003
            ],
            [
              4.88075658300005,
              49.903312923000044
            ],
            [
              4.883053214000029,
              49.90555380400008
            ],
            [
              4.887677047000068,
              49.91006539600005
            ],
            [
              4.875831920000053,
              49.92474341700006
            ],
            [
              4.866012212000044,
              49.929316021000034
            ],
            [
              4.858596444000057,
              49.93276921700004
            ],
            [
              4.851921451000067,
              49.94180707700008
            ],
            [
              4.846798652000075,
              49.948743284000045
            ],
            [
              4.835792290000029,
              49.949249157000054
            ],
            [
              4.830627618000051,
              49.94948653500006
            ],
            [
              4.819742456000029,
              49.95259162900004
            ],
            [
              4.813807932000032,
              49.95428450700007
            ],
            [
              4.797625658000072,
              49.95719916400003
            ],
            [
              4.790869140000041,
              49.95841610900004
            ],
            [
              4.790320885000028,
              49.96875411600007
            ],
            [
              4.794346699000073,
              49.981503442000076
            ],
            [
              4.804569539000056,
              49.98362778000006
            ],
            [
              4.81075800800005,
              49.98872271700003
            ],
            [
              4.817428722000045,
              49.99421468400004
            ],
            [
              4.816593199000067,
              49.99974468900007
            ],
            [
              4.816248664000057,
              50.00202503500003
            ],
            [
              4.817261104000067,
              50.00436991300006
            ],
            [
              4.817886783000063,
              50.005819028000076
            ],
            [
              4.820061917000032,
              50.010856784000055
            ],
            [
              4.819340255000043,
              50.012644160000036
            ],
            [
              4.817523165000068,
              50.01714463500008
            ],
            [
              4.820638491000068,
              50.026072844000055
            ],
            [
              4.829539081000064,
              50.03145089900005
            ],
            [
              4.838956154000073,
              50.03714103200008
            ],
            [
              4.841247679000048,
              50.042770579000035
            ],
            [
              4.83932324400007,
              50.045994793000034
            ],
            [
              4.832329352000045,
              50.048575268000036
            ],
            [
              4.828307080000059,
              50.05005933000007
            ],
            [
              4.826993734000041,
              50.05841244100003
            ],
            [
              4.819182908000073,
              50.06067654200007
            ],
            [
              4.82073317000004,
              50.06528439500005
            ],
            [
              4.828122726000061,
              50.06655471200003
            ],
            [
              4.837763755000026,
              50.06821207300004
            ],
            [
              4.84191886800005,
              50.076487272000065
            ],
            [
              4.841177365000021,
              50.07965144700006
            ],
            [
              4.84043908600006,
              50.082801869000036
            ],
            [
              4.841996150000057,
              50.08339437600006
            ],
            [
              4.845681293000041,
              50.08479667800003
            ],
            [
              4.843061480000074,
              50.08826434200006
            ],
            [
              4.838924601000031,
              50.093740042000036
            ],
            [
              4.850080780000042,
              50.10019312800006
            ],
            [
              4.858923204000064,
              50.09922805200006
            ],
            [
              4.861781574000076,
              50.09327562400006
            ],
            [
              4.862455518000047,
              50.09187216500004
            ],
            [
              4.872252803000038,
              50.08897724000008
            ],
            [
              4.874399553000046,
              50.09394211400007
            ],
            [
              4.869991903000027,
              50.09730716400003
            ],
            [
              4.868935950000036,
              50.098113338000076
            ],
            [
              4.87027370800007,
              50.10165815200003
            ],
            [
              4.872895389000064,
              50.108605124000064
            ],
            [
              4.871039148000023,
              50.113476297000034
            ],
            [
              4.868420998000033,
              50.12034688400007
            ],
            [
              4.879237200000034,
              50.13029500600004
            ],
            [
              4.88659479100005,
              50.13275572500004
            ],
            [
              4.894888537000043,
              50.13552953700008
            ],
            [
              4.895311089000074,
              50.13977797600006
            ],
            [
              4.885571939000044,
              50.14115460700003
            ],
            [
              4.882721592000053,
              50.14155750400005
            ],
            [
              4.880511392000074,
              50.14610545800008
            ],
            [
              4.875555555555556,
              50.15361111111111
            ],
            [
              4.876388888888889,
              50.32
            ],
            [
              4.869444444444445,
              50.352222222222224
            ]
          ]
        ]
      }
    },
    {
      "type": "Feature",
      "id": "TSA27E",
      "properties": {
        "id": "TSA27E",
        "name": "TSA27E - COUVIN",
        "chapter": "ENR 5.2",
        "upperLimit": "FL095",
        "lowerLimit": "4500FT AMSL",
        "verticalLimits": "FL095 / 4500FT AMSL",
        "lateralLimits": "500206N 0040902E - 500545N 0044211E - along the Belgian-French border - 500007N 0040903E - 500206N 0040902E",
        "restrictionOrHazard": "UAS flights (NATO Class III). Prohibited to all manned aircraft. ⁽¹⁾",
        "timeOfActivity": "HX ⁽²⁾",
        "aipSource": "Belgium and Luxembourg AIP ENR 5.2",
        "aipPage": "ENR 5.2-11",
        "amendment": "AIRAC AMDT 011/2025",
        "effectiveDate": "30-OCT-2025",
        "aipNotes": [
          "(1) Other traffic may be allowed inside the TSA for transit purposes. At all times the standard radar separation minima must be maintained between the UAS and the other traffic, therefore the manned aircraft flying within this TSA must be under radar control.",
          "(2) Announced by NOTAM. Area will only be activated when TRA SA is active. Activation can be checked pre-flight with Steenokkerzeel ATCC (TEL +32 (0) 2 443 82 04)."
        ],
        "geometryNote": "Published AIP anchor points expanded along applicable national borders/coastline using full Eurostat GISCO 2024 1:1M boundary geometry.",
        "color": "#00F0F0",
        "colorSource": "AIM Belgium Brussels FIR Structure, 09 JUL 2026",
        "areaType": "military",
        "footnoteReferences": {
          "restrictionOrHazard": [
            1
          ],
          "timeOfActivity": [
            2
          ]
        }
      },
      "geometry": {
        "type": "Polygon",
        "coordinates": [
          [
            [
              4.150555555555556,
              50.035
            ],
            [
              4.703055555555555,
              50.09583333333334
            ],
            [
              4.691655947000072,
              50.08243471800006
            ],
            [
              4.690462084000046,
              50.07956213800003
            ],
            [
              4.687230164000027,
              50.07178574100004
            ],
            [
              4.686311966000062,
              50.07114222900003
            ],
            [
              4.681087363000074,
              50.067480610000075
            ],
            [
              4.687393479000036,
              50.058016672000065
            ],
            [
              4.690821718000052,
              50.05847397900004
            ],
            [
              4.696980862000032,
              50.05929557400003
            ],
            [
              4.69865012200006,
              50.052065697000046
            ],
            [
              4.69512476500006,
              50.044173243000046
            ],
            [
              4.690586029000031,
              50.03401206800004
            ],
            [
              4.687263753000025,
              50.028438367000035
            ],
            [
              4.684905895000043,
              50.02677155300006
            ],
            [
              4.687082955000051,
              50.02460091800003
            ],
            [
              4.685755942000071,
              50.020389640000076
            ],
            [
              4.685893788000044,
              50.01432043600005
            ],
            [
              4.687853659000041,
              50.012113999000064
            ],
            [
              4.688502864000043,
              50.01138311900007
            ],
            [
              4.686467135000044,
              50.00436991300006
            ],
            [
              4.68633711800004,
              50.003921999000056
            ],
            [
              4.694556080000041,
              49.99650955000004
            ],
            [
              4.675534359000039,
              49.99676670500003
            ],
            [
              4.669014341000036,
              49.996854849000044
            ],
            [
              4.657273910000072,
              49.993809217000035
            ],
            [
              4.633338281000022,
              49.98759998100007
            ],
            [
              4.612935553000057,
              49.98662811600008
            ],
            [
              4.600076965000028,
              49.98601560900005
            ],
            [
              4.597349521000069,
              49.986196404000054
            ],
            [
              4.588358098000072,
              49.984138904000076
            ],
            [
              4.58168607600004,
              49.98344395300006
            ],
            [
              4.575996952000025,
              49.98112844500008
            ],
            [
              4.573628107000047,
              49.980254881000064
            ],
            [
              4.573699348000048,
              49.97865301200005
            ],
            [
              4.573771945000033,
              49.97702063300005
            ],
            [
              4.572236167000028,
              49.97466659200006
            ],
            [
              4.570150005000073,
              49.97363295000008
            ],
            [
              4.561047969000072,
              49.96969193500007
            ],
            [
              4.555242394000061,
              49.969375039000056
            ],
            [
              4.541175169000041,
              49.96860718200003
            ],
            [
              4.527690047000021,
              49.95552497700004
            ],
            [
              4.523698443000058,
              49.95165263700005
            ],
            [
              4.51127798400006,
              49.946811506000074
            ],
            [
              4.505632735000063,
              49.94740529100005
            ],
            [
              4.504769778000025,
              49.94749606000005
            ],
            [
              4.498709070000075,
              49.94813336100003
            ],
            [
              4.495178027000065,
              49.948504875000026
            ],
            [
              4.485989325000048,
              49.94606009300003
            ],
            [
              4.480582884000057,
              49.94768889000005
            ],
            [
              4.47040155600007,
              49.94461656500005
            ],
            [
              4.445755916000053,
              49.937179478000076
            ],
            [
              4.439918374000058,
              49.941133696000065
            ],
            [
              4.432493779000026,
              49.94161597200008
            ],
            [
              4.418445703000032,
              49.94669688000005
            ],
            [
              4.399139160000061,
              49.948398499000064
            ],
            [
              4.390630334000036,
              49.948108379000075
            ],
            [
              4.38079742900004,
              49.953539231000036
            ],
            [
              4.349324988000035,
              49.952240104000055
            ],
            [
              4.33495119600002,
              49.96274579000004
            ],
            [
              4.305992552000021,
              49.96797610800007
            ],
            [
              4.291635449000069,
              49.964044830000034
            ],
            [
              4.256165483000075,
              49.963631458000066
            ],
            [
              4.233054695000021,
              49.957830612000066
            ],
            [
              4.227724269000021,
              49.957973983000045
            ],
            [
              4.225692046000063,
              49.95908764600006
            ],
            [
              4.222760831000073,
              49.95767965700003
            ],
            [
              4.219242983000072,
              49.95732656100006
            ],
            [
              4.216150240000047,
              49.95701613400007
            ],
            [
              4.215214494000065,
              49.95717954400004
            ],
            [
              4.212177692000068,
              49.95770986100007
            ],
            [
              4.20979686000004,
              49.95713791500003
            ],
            [
              4.205925199000035,
              49.95750454000006
            ],
            [
              4.202716623000072,
              49.956723440000076
            ],
            [
              4.198919051000075,
              49.955798955000034
            ],
            [
              4.197321841000075,
              49.95449434100004
            ],
            [
              4.195263469000054,
              49.95767966000005
            ],
            [
              4.195667890000038,
              49.96112229500005
            ],
            [
              4.196384634000026,
              49.96722358800008
            ],
            [
              4.173847949000049,
              49.976068431000044
            ],
            [
              4.164161812000032,
              49.97551478300005
            ],
            [
              4.153602034000073,
              49.974911199000076
            ],
            [
              4.140853127000071,
              49.97876015200006
            ],
            [
              4.155512943000076,
              49.98620495700004
            ],
            [
              4.162492831000066,
              49.99751123900006
            ],
            [
              4.160255932000041,
              50.00094709500007
            ],
            [
              4.150833333333334,
              50.00194444444445
            ],
            [
              4.150555555555556,
              50.035
            ]
          ]
        ]
      }
    },
    {
      "type": "Feature",
      "id": "TSA28A",
      "properties": {
        "id": "TSA28A",
        "name": "TSA28A - ELSENBORN 02",
        "chapter": "ENR 5.2",
        "upperLimit": "FL105",
        "lowerLimit": "GND",
        "verticalLimits": "FL105 / GND",
        "lateralLimits": "503420N 0055956E - 503754N 0061308E along border BELGIUM_GERMANY - 502557N 0062234E - 502557N 0060648E - 503042N 0055956E - 503420N 0055956E.",
        "restrictionOrHazard": "Air exercises and UAS flights (NATO Class III). During air exercises, prohibited to non- participating aircraft. ⁽¹⁾⁽²⁾⁽³⁾",
        "timeOfActivity": "HX ⁽⁴⁾",
        "aipSource": "Belgium and Luxembourg AIP ENR 5.2",
        "aipPage": "ENR 5.2-11",
        "amendment": "AIRAC AMDT 011/2025",
        "effectiveDate": "30-OCT-2025",
        "aipNotes": [
          "(1) During CAS air exercises, all aircraft (participating or transiting) shall obtain an entry clearance from the ALO “RINGO Range” on FREQ 337.300 or VHF FREQ published in the NOTAM or given by Steenokkerzeel ATCC.",
          "(2) Outside CAS air exercises, users of TSA28A intending to enter EBR04 shall contact Elsenborn Sécurité des tirs, TEL +32 (0) 2 442 76 70 or +32 (0) 2 442 76 73 and FREQ 138.975 MHZ prior activities to coordinate operations with gunnery/destruction activities/UAS.",
          "(3) Military aircraft transiting to or from Camp Elsenborn are allowed. Military pilots shall contact Steenokkerzeel ATCC to verify the activity of the area and to obtain transit directives.",
          "(4) Announced by NOTAM. AMC manageable area. Activation can be checked pre-flight with Steenokkerzeel ATCC (TEL +32 (0) 2 443 82 04) or Brussels FIC.. This airspace could be activated simultaneously with EBR04, TSA28B, TSA28C and/or TSA28D."
        ],
        "geometryNote": "Published AIP anchor points expanded along applicable national borders/coastline using full Eurostat GISCO 2024 1:1M boundary geometry.",
        "color": "#00F0F0",
        "colorSource": "AIM Belgium Brussels FIR Structure, 09 JUL 2026",
        "areaType": "military",
        "footnoteReferences": {
          "restrictionOrHazard": [
            1,
            2,
            3
          ],
          "timeOfActivity": [
            4
          ]
        }
      },
      "geometry": {
        "type": "Polygon",
        "coordinates": [
          [
            [
              5.998888888888889,
              50.57222222222222
            ],
            [
              6.218888888888889,
              50.63166666666667
            ],
            [
              6.234283864000076,
              50.62630712300006
            ],
            [
              6.235452663000046,
              50.625923974000045
            ],
            [
              6.238866174000066,
              50.62613821100007
            ],
            [
              6.251808832000052,
              50.62695051000003
            ],
            [
              6.261820539000041,
              50.62820085800007
            ],
            [
              6.268511766000074,
              50.62542629100005
            ],
            [
              6.268388539000057,
              50.61892981200003
            ],
            [
              6.261715729000059,
              50.61161446500006
            ],
            [
              6.250849663000054,
              50.60526080200003
            ],
            [
              6.249047965000045,
              50.60420730300007
            ],
            [
              6.248920115000033,
              50.602545795000026
            ],
            [
              6.248511032000067,
              50.597229465000055
            ],
            [
              6.241068141000028,
              50.58827215500003
            ],
            [
              6.236313879000022,
              50.58881992200003
            ],
            [
              6.226030132000062,
              50.59000477300003
            ],
            [
              6.209717311000077,
              50.57596012100004
            ],
            [
              6.201646140000037,
              50.569011182000054
            ],
            [
              6.189312373000064,
              50.56609405700004
            ],
            [
              6.175597799000059,
              50.557284450000054
            ],
            [
              6.178940918000023,
              50.54217384100008
            ],
            [
              6.19751115400004,
              50.53532578100004
            ],
            [
              6.188392662000069,
              50.52741850700005
            ],
            [
              6.192200636000052,
              50.521055484000044
            ],
            [
              6.207709676000036,
              50.51861400900003
            ],
            [
              6.22592048000007,
              50.49627656800004
            ],
            [
              6.248204646000033,
              50.50178205200007
            ],
            [
              6.261060401000066,
              50.500168992000056
            ],
            [
              6.271811462000073,
              50.50329771300005
            ],
            [
              6.285005628000022,
              50.498964992000026
            ],
            [
              6.297331238000027,
              50.49792939000008
            ],
            [
              6.308205853000061,
              50.500478230000056
            ],
            [
              6.315555889000052,
              50.49704261100004
            ],
            [
              6.336053953000032,
              50.48928316100006
            ],
            [
              6.33908161200003,
              50.489032148000035
            ],
            [
              6.347446769000044,
              50.488338620000036
            ],
            [
              6.343315071000063,
              50.48219817200004
            ],
            [
              6.338264422000066,
              50.474691998000026
            ],
            [
              6.342790702000059,
              50.469392809000055
            ],
            [
              6.342995840000071,
              50.46915264200004
            ],
            [
              6.342708956000024,
              50.467396507000046
            ],
            [
              6.341799409000032,
              50.46182880300006
            ],
            [
              6.350982535000071,
              50.457027036000056
            ],
            [
              6.358165266000071,
              50.45627499700004
            ],
            [
              6.371515832000057,
              50.45487717900005
            ],
            [
              6.374398998000061,
              50.45160571800005
            ],
            [
              6.37611111111111,
              50.4325
            ],
            [
              6.113333333333333,
              50.4325
            ],
            [
              5.998888888888889,
              50.51166666666666
            ],
            [
              5.998888888888889,
              50.57222222222222
            ]
          ]
        ]
      }
    },
    {
      "type": "Feature",
      "id": "TSA28B",
      "properties": {
        "id": "TSA28B",
        "name": "TSA28B - ELSENBORN 03",
        "chapter": "ENR 5.2",
        "upperLimit": "FL105",
        "lowerLimit": "GND",
        "verticalLimits": "FL105 / GND",
        "lateralLimits": "503042N 0055956E - 502557N 0060648E - 502557N 0062234E along border BELGIUM_GERMANY - 501328N 0061006E - 501328N 0060341E - 501955N 0055956E - 503042N 0055956E.",
        "restrictionOrHazard": "Air exercises and UAS flights (NATO Class III). During air exercises, prohibited to non- participating aircraft.⁽¹⁾⁽²⁾⁽³⁾",
        "timeOfActivity": "HX ⁽⁴⁾",
        "aipSource": "Belgium and Luxembourg AIP ENR 5.2",
        "aipPage": "ENR 5.2-11",
        "amendment": "AIRAC AMDT 011/2025",
        "effectiveDate": "30-OCT-2025",
        "aipNotes": [
          "(1) During CAS air exercises, all aircraft (participating or transiting) shall obtain an additional entry clearance from the ALO “RINGO Range” on FREQ 337.300 of VHF FREQ published in the NOTAM or given by Steenokkerzeel ATCC.",
          "(2) Outside CAS exercises, users of TSA28B intending to enter EBR04 shall contact Elsenborn Sécurité des tirs, TEL +32 (0) 2 442 76 70 or +32 (0) 2 442 76 73 and FREQ 138.975 MHZ prior activities to coordinate operations with gunnery/destruction activities/UAS.",
          "(3) Military aircraft transiting to or from Camp Elsenborn are allowed. Military pilots shall contact Steenokkerzeel ATCC to verify the activity of the area and to obtain transit directives.",
          "(4) Announced by NOTAM. AMC manageable area. Activation can be checked pre-flight with Steenokkerzeel ATCC (TEL +32 (0) 2 443 82 04) or Brussels FIC. This airspace could be activated simultaneously with EBR04, TSA28A, TSA28C and/or TSA28D."
        ],
        "geometryNote": "Published AIP anchor points expanded along applicable national borders/coastline using full Eurostat GISCO 2024 1:1M boundary geometry.",
        "color": "#00F0F0",
        "colorSource": "AIM Belgium Brussels FIR Structure, 09 JUL 2026",
        "areaType": "military",
        "footnoteReferences": {
          "restrictionOrHazard": [
            1,
            2,
            3
          ],
          "timeOfActivity": [
            4
          ]
        }
      },
      "geometry": {
        "type": "Polygon",
        "coordinates": [
          [
            [
              5.998888888888889,
              50.51166666666666
            ],
            [
              6.113333333333333,
              50.4325
            ],
            [
              6.37611111111111,
              50.4325
            ],
            [
              6.369046644000036,
              50.42235742200006
            ],
            [
              6.367413288000023,
              50.41927689200003
            ],
            [
              6.367993708000029,
              50.41520744600007
            ],
            [
              6.368986797000048,
              50.40824469700004
            ],
            [
              6.355923682000025,
              50.390974895000056
            ],
            [
              6.354194593000045,
              50.38950471100003
            ],
            [
              6.352530414000057,
              50.38808971700007
            ],
            [
              6.343347717000029,
              50.38028198900008
            ],
            [
              6.359422364000068,
              50.371589716000074
            ],
            [
              6.360758360000034,
              50.37086728400004
            ],
            [
              6.361182720000045,
              50.37032222100004
            ],
            [
              6.369813724000039,
              50.35923625400005
            ],
            [
              6.390426423000065,
              50.34926611000003
            ],
            [
              6.397283471000037,
              50.34594942900003
            ],
            [
              6.398603513000069,
              50.343378425000026
            ],
            [
              6.400822025000025,
              50.33905750000008
            ],
            [
              6.401257333000046,
              50.33878075500007
            ],
            [
              6.407086889000027,
              50.33507464100006
            ],
            [
              6.405028615000049,
              50.32330853700006
            ],
            [
              6.383371822000072,
              50.32146964000003
            ],
            [
              6.376180698000042,
              50.31560320600005
            ],
            [
              6.373794907000047,
              50.31365690600006
            ],
            [
              6.369360191000055,
              50.313781436000056
            ],
            [
              6.361257016000025,
              50.31400898000004
            ],
            [
              6.36029196800007,
              50.31135929700008
            ],
            [
              6.359092841000063,
              50.308066917000076
            ],
            [
              6.355863216000046,
              50.30938654600004
            ],
            [
              6.349129884000035,
              50.31226401600003
            ],
            [
              6.335347326000033,
              50.318153953000035
            ],
            [
              6.328529889000038,
              50.324069845000054
            ],
            [
              6.318549375000032,
              50.319824674000074
            ],
            [
              6.317932604000021,
              50.31983240100004
            ],
            [
              6.312837494000064,
              50.319896232000076
            ],
            [
              6.307292492000045,
              50.31996569900008
            ],
            [
              6.308187466000049,
              50.314807520000045
            ],
            [
              6.308785477000072,
              50.31136088900007
            ],
            [
              6.30400910000003,
              50.31023496700004
            ],
            [
              6.297431673000062,
              50.30868448800004
            ],
            [
              6.29682893100005,
              50.302377421000074
            ],
            [
              6.296698421000031,
              50.301011766000045
            ],
            [
              6.293210765000026,
              50.29841791700005
            ],
            [
              6.287061359000063,
              50.293844464000074
            ],
            [
              6.28611789100006,
              50.28452426300004
            ],
            [
              6.286941622000029,
              50.28373873800007
            ],
            [
              6.292090188000032,
              50.27882897000006
            ],
            [
              6.278267679000066,
              50.266730953000035
            ],
            [
              6.276985116000048,
              50.266133953000065
            ],
            [
              6.259105905000069,
              50.26687805900008
            ],
            [
              6.257338663000041,
              50.266951609000046
            ],
            [
              6.247775498000067,
              50.264328705000025
            ],
            [
              6.227225883000074,
              50.258692531000065
            ],
            [
              6.223981019000064,
              50.258661559000075
            ],
            [
              6.222829809000075,
              50.25724862000004
            ],
            [
              6.207397940000021,
              50.252272909000055
            ],
            [
              6.199755201000073,
              50.24176599300006
            ],
            [
              6.197033207000061,
              50.23802391000004
            ],
            [
              6.190471352000031,
              50.237403904000075
            ],
            [
              6.179594069000075,
              50.23637614900008
            ],
            [
              6.173622720000026,
              50.23191520600005
            ],
            [
              6.174603507000029,
              50.22818283400005
            ],
            [
              6.174930923000034,
              50.226936855000076
            ],
            [
              6.168333333333334,
              50.224444444444444
            ],
            [
              6.061388888888889,
              50.224444444444444
            ],
            [
              5.998888888888889,
              50.331944444444446
            ],
            [
              5.998888888888889,
              50.51166666666666
            ]
          ]
        ]
      }
    },
    {
      "type": "Feature",
      "id": "TSA28C",
      "properties": {
        "id": "TSA28C",
        "name": "TSA28C - ELSENBORN 04",
        "chapter": "ENR 5.2",
        "upperLimit": "FL 175",
        "lowerLimit": "FL 095",
        "verticalLimits": "FL 175 / FL 095",
        "lateralLimits": "502913N 0055429E - 503235N 0061041E along border BELGIUM_GERMANY - 502221N 0062130E - 501911N 0061910E along border BELGIUM_GERMANY - 501616N 0061656E - 501555N 0061133E - 501741N 0060114E - 501955N 0055956E - 502913N 0055429E.",
        "restrictionOrHazard": "Air exercises and UAS flights (NATO Class III). During air exercises, prohibited to non- participating aircraft. ⁽¹⁾",
        "timeOfActivity": "HX ⁽²⁾⁽³⁾⁽⁴⁾",
        "aipSource": "Belgium and Luxembourg AIP ENR 5.2",
        "aipPage": "ENR 5.2-12",
        "amendment": "AIRAC AMDT 011/2025",
        "effectiveDate": "30-OCT-2025",
        "aipNotes": [
          "(1) During CAS air exercises, all aircraft (participating or transiting) shall obtain an additional entry clearance from the ALO “RINGO Range” on FREQ 337.300 or VHF FREQ published in the NOTAM or given by Steenokkerzeel ATCC.",
          "(2) TSA28C can only be activated together with TSA28A, TSA28B, EBR04 and EDR117.",
          "(3) During activation of TSA28C the TRA/TSA S6 and the TRA SA part that corresponds with lateral limits of TRA/TSA S6 between 4500 FTAMSL and FL055 shall be delegated to Brussels ACC.",
          "(4) Announced by NOTAM. AMC manageable area. Activation can be checked pre-flight with Steenokkerzeel ATCC (TEL +32 (0) 2 443 82 04) or Brussels ACC supervisor. This airspace could be activated simultaneously with TSA28D."
        ],
        "geometryNote": "Published AIP anchor points expanded along applicable national borders/coastline using full Eurostat GISCO 2024 1:1M boundary geometry.",
        "color": "#00F0F0",
        "colorSource": "AIM Belgium Brussels FIR Structure, 09 JUL 2026",
        "areaType": "military",
        "footnoteReferences": {
          "restrictionOrHazard": [
            1
          ],
          "timeOfActivity": [
            2,
            3,
            4
          ]
        }
      },
      "geometry": {
        "type": "Polygon",
        "coordinates": [
          [
            [
              5.908055555555556,
              50.48694444444445
            ],
            [
              6.178055555555556,
              50.543055555555554
            ],
            [
              6.19751115400004,
              50.53532578100004
            ],
            [
              6.188392662000069,
              50.52741850700005
            ],
            [
              6.192200636000052,
              50.521055484000044
            ],
            [
              6.207709676000036,
              50.51861400900003
            ],
            [
              6.22592048000007,
              50.49627656800004
            ],
            [
              6.248204646000033,
              50.50178205200007
            ],
            [
              6.261060401000066,
              50.500168992000056
            ],
            [
              6.271811462000073,
              50.50329771300005
            ],
            [
              6.285005628000022,
              50.498964992000026
            ],
            [
              6.297331238000027,
              50.49792939000008
            ],
            [
              6.308205853000061,
              50.500478230000056
            ],
            [
              6.315555889000052,
              50.49704261100004
            ],
            [
              6.336053953000032,
              50.48928316100006
            ],
            [
              6.33908161200003,
              50.489032148000035
            ],
            [
              6.347446769000044,
              50.488338620000036
            ],
            [
              6.343315071000063,
              50.48219817200004
            ],
            [
              6.338264422000066,
              50.474691998000026
            ],
            [
              6.342790702000059,
              50.469392809000055
            ],
            [
              6.342995840000071,
              50.46915264200004
            ],
            [
              6.342708956000024,
              50.467396507000046
            ],
            [
              6.341799409000032,
              50.46182880300006
            ],
            [
              6.350982535000071,
              50.457027036000056
            ],
            [
              6.358165266000071,
              50.45627499700004
            ],
            [
              6.371515832000057,
              50.45487717900005
            ],
            [
              6.374398998000061,
              50.45160571800005
            ],
            [
              6.377210797000032,
              50.43775511300004
            ],
            [
              6.369046644000036,
              50.42235742200006
            ],
            [
              6.367413288000023,
              50.41927689200003
            ],
            [
              6.367993708000029,
              50.41520744600007
            ],
            [
              6.368986797000048,
              50.40824469700004
            ],
            [
              6.355923682000025,
              50.390974895000056
            ],
            [
              6.354194593000045,
              50.38950471100003
            ],
            [
              6.352530414000057,
              50.38808971700007
            ],
            [
              6.343347717000029,
              50.38028198900008
            ],
            [
              6.358333333333333,
              50.3725
            ],
            [
              6.319444444444445,
              50.319722222222225
            ],
            [
              6.317932604000021,
              50.31983240100004
            ],
            [
              6.312837494000064,
              50.319896232000076
            ],
            [
              6.307292492000045,
              50.31996569900008
            ],
            [
              6.308187466000049,
              50.314807520000045
            ],
            [
              6.308785477000072,
              50.31136088900007
            ],
            [
              6.30400910000003,
              50.31023496700004
            ],
            [
              6.297431673000062,
              50.30868448800004
            ],
            [
              6.29682893100005,
              50.302377421000074
            ],
            [
              6.296698421000031,
              50.301011766000045
            ],
            [
              6.293210765000026,
              50.29841791700005
            ],
            [
              6.287061359000063,
              50.293844464000074
            ],
            [
              6.28611789100006,
              50.28452426300004
            ],
            [
              6.286941622000029,
              50.28373873800007
            ],
            [
              6.292090188000032,
              50.27882897000006
            ],
            [
              6.282222222222222,
              50.27111111111111
            ],
            [
              6.1925,
              50.265277777777776
            ],
            [
              6.020555555555555,
              50.29472222222222
            ],
            [
              5.998888888888889,
              50.331944444444446
            ],
            [
              5.908055555555556,
              50.48694444444445
            ]
          ]
        ]
      }
    },
    {
      "type": "Feature",
      "id": "TSA28CZ",
      "properties": {
        "id": "TSA28CZ",
        "name": "TSA28CZ - ELSENBORN 04 FBZ",
        "chapter": "ENR 5.2",
        "upperLimit": "FL 175",
        "lowerLimit": "FL 095",
        "verticalLimits": "FL 175 / FL 095",
        "lateralLimits": "503738N 0061041E - 503235N 0061041E - 503115N 0061218E - 503052N 0061240E - 503030N 0061300E - 503025N 0061305E - 502958N 0061330E - 502947N 0061341E - 502957N 0061510E - 503005N 0061620E - 503010N 0061704E - 502956N 0061805E - 502916N 0062052E - 502830N 0062048E - 502744N 0062043E - 502700N 0062237E - 502610N 0062241E - 502557N 0062234E - 502500N 0062202E - 502300N 0062100E - 502221N 0062131E - 501918N 0061900E - 501811N 0061757E - 501715N 0061725E - 501700N 0061800E - 501607N 0061700E - 501604N 0061630E - 501539N 0061325E - 501114N 0061239E - 501114N 0061127E - 501249N 0060150E - 501343N 0055628E - 501409N 0055542E - 501438N 0055501E - 501511N 0055427E - 501546N 0055400E - 501623N 0055340E - 502755N 0054654E - 502834N 0054642E - 502913N 0054637E - 502952N 0054642E - 503031N 0054654E - 503108N 0054713E - 503143N 0054741E - 503216N 0054815E - 503245N 0054856E - 503311N 0054942E - 503333N 0055033E - 503738N 0061041E.",
        "restrictionOrHazard": "For flight planning purposes only.",
        "timeOfActivity": "HX ⁽¹⁾",
        "aipSource": "Belgium and Luxembourg AIP ENR 5.2",
        "aipPage": "ENR 5.2-12",
        "amendment": "AIRAC AMDT 011/2025",
        "effectiveDate": "30-OCT-2025",
        "aipNotes": [
          "(1) Activated by AUP/UUP."
        ],
        "color": null,
        "colorNote": "No matching colour classification identified on the Brussels FIR Structure chart.",
        "areaType": "military",
        "footnoteReferences": {
          "timeOfActivity": [
            1
          ]
        }
      },
      "geometry": {
        "type": "Polygon",
        "coordinates": [
          [
            [
              6.178055555555556,
              50.62722222222222
            ],
            [
              6.178055555555556,
              50.543055555555554
            ],
            [
              6.205,
              50.520833333333336
            ],
            [
              6.211111111111111,
              50.51444444444444
            ],
            [
              6.216666666666667,
              50.50833333333333
            ],
            [
              6.218055555555556,
              50.50694444444444
            ],
            [
              6.2250000000000005,
              50.49944444444444
            ],
            [
              6.228055555555556,
              50.49638888888889
            ],
            [
              6.252777777777778,
              50.49916666666667
            ],
            [
              6.272222222222222,
              50.50138888888889
            ],
            [
              6.2844444444444445,
              50.50277777777778
            ],
            [
              6.301388888888889,
              50.49888888888889
            ],
            [
              6.347777777777777,
              50.48777777777778
            ],
            [
              6.346666666666667,
              50.475
            ],
            [
              6.345277777777778,
              50.46222222222222
            ],
            [
              6.376944444444444,
              50.45
            ],
            [
              6.378055555555555,
              50.43611111111111
            ],
            [
              6.37611111111111,
              50.4325
            ],
            [
              6.367222222222222,
              50.416666666666664
            ],
            [
              6.35,
              50.38333333333333
            ],
            [
              6.35861111111111,
              50.3725
            ],
            [
              6.316666666666666,
              50.32166666666667
            ],
            [
              6.299166666666666,
              50.30305555555555
            ],
            [
              6.290277777777778,
              50.2875
            ],
            [
              6.3,
              50.28333333333333
            ],
            [
              6.283333333333333,
              50.26861111111111
            ],
            [
              6.275,
              50.26777777777777
            ],
            [
              6.223611111111111,
              50.26083333333333
            ],
            [
              6.210833333333333,
              50.18722222222222
            ],
            [
              6.190833333333334,
              50.18722222222222
            ],
            [
              6.030555555555556,
              50.21361111111111
            ],
            [
              5.941111111111112,
              50.228611111111114
            ],
            [
              5.928333333333334,
              50.23583333333333
            ],
            [
              5.916944444444445,
              50.24388888888889
            ],
            [
              5.907500000000001,
              50.253055555555555
            ],
            [
              5.9,
              50.26277777777778
            ],
            [
              5.894444444444444,
              50.27305555555555
            ],
            [
              5.781666666666666,
              50.46527777777778
            ],
            [
              5.778333333333333,
              50.476111111111116
            ],
            [
              5.776944444444444,
              50.48694444444445
            ],
            [
              5.778333333333333,
              50.49777777777778
            ],
            [
              5.781666666666666,
              50.50861111111111
            ],
            [
              5.786944444444444,
              50.51888888888889
            ],
            [
              5.794722222222222,
              50.52861111111111
            ],
            [
              5.804166666666666,
              50.53777777777778
            ],
            [
              5.815555555555555,
              50.545833333333334
            ],
            [
              5.828333333333333,
              50.55305555555555
            ],
            [
              5.842499999999999,
              50.55916666666666
            ],
            [
              6.178055555555556,
              50.62722222222222
            ]
          ]
        ]
      }
    },
    {
      "type": "Feature",
      "id": "TSA28D",
      "properties": {
        "id": "TSA28D",
        "name": "TSA28D - ELSENBORN 05",
        "chapter": "ENR 5.2",
        "upperLimit": "FL 105",
        "lowerLimit": "GND ⁽¹⁾⁽⁵⁾",
        "verticalLimits": "FL 105 / GND ⁽¹⁾⁽⁵⁾",
        "lateralLimits": "503420N 0055956E - 503754N 0061308E along border BELGIUM_GERMANY - 501328N 0061006E - 501328N 0060341E - 501955N 0055956E - 503420N 0055956E.",
        "restrictionOrHazard": "UAS flights (NATO Class I Small or higher). Entry prohibited to non- participating aircraft. ⁽²⁾⁽³⁾ Tactical UAS exercise area.",
        "timeOfActivity": "HX ⁽⁴⁾⁽⁵⁾",
        "aipSource": "Belgium and Luxembourg AIP ENR 5.2",
        "aipPage": "ENR 5.2-12",
        "amendment": "AIRAC AMDT 011/2025",
        "effectiveDate": "30-OCT-2025",
        "aipNotes": [
          "(1) Upper limit may be lowered to 4 500 FT AMSL or FL 065.",
          "(2) Military aircraft transiting to or from Camp Elsenborn are allowed. Military pilots shall contact Steenokkerzeel ATCC to verify the activity of the area and to obtain transit directives.",
          "(3) During simultaneous use with TSA28A/TSA28B, UAS operator shall obtain a flight clearance from the ALO “RINGO Range” on FREQ 337.300 or VHF FREQ published in the NOTAM or given by Steenokkerzeel ATCC.",
          "(4) Announced by NOTAM. The NOTAM is to include a permanently reachable (mobile) TEL number from the UAS Mission Commander. Activation can be checked with Steenokkerzeel ATCC or Brussels FIC. This airspace could be activated simultaneously with EBR04 and TSA28A/TSA28B/TSA28C.",
          "(5) Can be active outside Steenokkerzeel ATCC OPR HR to maximum upper limit 4 500 FT AMSL."
        ],
        "geometryNote": "Published AIP anchor points expanded along applicable national borders/coastline using full Eurostat GISCO 2024 1:1M boundary geometry.",
        "color": "#00F0F0",
        "colorSource": "AIM Belgium Brussels FIR Structure, 09 JUL 2026",
        "areaType": "military",
        "footnoteReferences": {
          "verticalLimits": [
            1,
            5
          ],
          "lowerLimit": [
            1,
            5
          ],
          "restrictionOrHazard": [
            2,
            3
          ],
          "timeOfActivity": [
            4,
            5
          ]
        }
      },
      "geometry": {
        "type": "Polygon",
        "coordinates": [
          [
            [
              5.998888888888889,
              50.57222222222222
            ],
            [
              6.218888888888889,
              50.63166666666667
            ],
            [
              6.234283864000076,
              50.62630712300006
            ],
            [
              6.235452663000046,
              50.625923974000045
            ],
            [
              6.238866174000066,
              50.62613821100007
            ],
            [
              6.251808832000052,
              50.62695051000003
            ],
            [
              6.261820539000041,
              50.62820085800007
            ],
            [
              6.268511766000074,
              50.62542629100005
            ],
            [
              6.268388539000057,
              50.61892981200003
            ],
            [
              6.261715729000059,
              50.61161446500006
            ],
            [
              6.250849663000054,
              50.60526080200003
            ],
            [
              6.249047965000045,
              50.60420730300007
            ],
            [
              6.248920115000033,
              50.602545795000026
            ],
            [
              6.248511032000067,
              50.597229465000055
            ],
            [
              6.241068141000028,
              50.58827215500003
            ],
            [
              6.236313879000022,
              50.58881992200003
            ],
            [
              6.226030132000062,
              50.59000477300003
            ],
            [
              6.209717311000077,
              50.57596012100004
            ],
            [
              6.201646140000037,
              50.569011182000054
            ],
            [
              6.189312373000064,
              50.56609405700004
            ],
            [
              6.175597799000059,
              50.557284450000054
            ],
            [
              6.178940918000023,
              50.54217384100008
            ],
            [
              6.19751115400004,
              50.53532578100004
            ],
            [
              6.188392662000069,
              50.52741850700005
            ],
            [
              6.192200636000052,
              50.521055484000044
            ],
            [
              6.207709676000036,
              50.51861400900003
            ],
            [
              6.22592048000007,
              50.49627656800004
            ],
            [
              6.248204646000033,
              50.50178205200007
            ],
            [
              6.261060401000066,
              50.500168992000056
            ],
            [
              6.271811462000073,
              50.50329771300005
            ],
            [
              6.285005628000022,
              50.498964992000026
            ],
            [
              6.297331238000027,
              50.49792939000008
            ],
            [
              6.308205853000061,
              50.500478230000056
            ],
            [
              6.315555889000052,
              50.49704261100004
            ],
            [
              6.336053953000032,
              50.48928316100006
            ],
            [
              6.33908161200003,
              50.489032148000035
            ],
            [
              6.347446769000044,
              50.488338620000036
            ],
            [
              6.343315071000063,
              50.48219817200004
            ],
            [
              6.338264422000066,
              50.474691998000026
            ],
            [
              6.342790702000059,
              50.469392809000055
            ],
            [
              6.342995840000071,
              50.46915264200004
            ],
            [
              6.342708956000024,
              50.467396507000046
            ],
            [
              6.341799409000032,
              50.46182880300006
            ],
            [
              6.350982535000071,
              50.457027036000056
            ],
            [
              6.358165266000071,
              50.45627499700004
            ],
            [
              6.371515832000057,
              50.45487717900005
            ],
            [
              6.374398998000061,
              50.45160571800005
            ],
            [
              6.377210797000032,
              50.43775511300004
            ],
            [
              6.369046644000036,
              50.42235742200006
            ],
            [
              6.367413288000023,
              50.41927689200003
            ],
            [
              6.367993708000029,
              50.41520744600007
            ],
            [
              6.368986797000048,
              50.40824469700004
            ],
            [
              6.355923682000025,
              50.390974895000056
            ],
            [
              6.354194593000045,
              50.38950471100003
            ],
            [
              6.352530414000057,
              50.38808971700007
            ],
            [
              6.343347717000029,
              50.38028198900008
            ],
            [
              6.359422364000068,
              50.371589716000074
            ],
            [
              6.360758360000034,
              50.37086728400004
            ],
            [
              6.361182720000045,
              50.37032222100004
            ],
            [
              6.369813724000039,
              50.35923625400005
            ],
            [
              6.390426423000065,
              50.34926611000003
            ],
            [
              6.397283471000037,
              50.34594942900003
            ],
            [
              6.398603513000069,
              50.343378425000026
            ],
            [
              6.400822025000025,
              50.33905750000008
            ],
            [
              6.401257333000046,
              50.33878075500007
            ],
            [
              6.407086889000027,
              50.33507464100006
            ],
            [
              6.405028615000049,
              50.32330853700006
            ],
            [
              6.383371822000072,
              50.32146964000003
            ],
            [
              6.376180698000042,
              50.31560320600005
            ],
            [
              6.373794907000047,
              50.31365690600006
            ],
            [
              6.369360191000055,
              50.313781436000056
            ],
            [
              6.361257016000025,
              50.31400898000004
            ],
            [
              6.36029196800007,
              50.31135929700008
            ],
            [
              6.359092841000063,
              50.308066917000076
            ],
            [
              6.355863216000046,
              50.30938654600004
            ],
            [
              6.349129884000035,
              50.31226401600003
            ],
            [
              6.335347326000033,
              50.318153953000035
            ],
            [
              6.328529889000038,
              50.324069845000054
            ],
            [
              6.318549375000032,
              50.319824674000074
            ],
            [
              6.317932604000021,
              50.31983240100004
            ],
            [
              6.312837494000064,
              50.319896232000076
            ],
            [
              6.307292492000045,
              50.31996569900008
            ],
            [
              6.308187466000049,
              50.314807520000045
            ],
            [
              6.308785477000072,
              50.31136088900007
            ],
            [
              6.30400910000003,
              50.31023496700004
            ],
            [
              6.297431673000062,
              50.30868448800004
            ],
            [
              6.29682893100005,
              50.302377421000074
            ],
            [
              6.296698421000031,
              50.301011766000045
            ],
            [
              6.293210765000026,
              50.29841791700005
            ],
            [
              6.287061359000063,
              50.293844464000074
            ],
            [
              6.28611789100006,
              50.28452426300004
            ],
            [
              6.286941622000029,
              50.28373873800007
            ],
            [
              6.292090188000032,
              50.27882897000006
            ],
            [
              6.278267679000066,
              50.266730953000035
            ],
            [
              6.276985116000048,
              50.266133953000065
            ],
            [
              6.259105905000069,
              50.26687805900008
            ],
            [
              6.257338663000041,
              50.266951609000046
            ],
            [
              6.247775498000067,
              50.264328705000025
            ],
            [
              6.227225883000074,
              50.258692531000065
            ],
            [
              6.223981019000064,
              50.258661559000075
            ],
            [
              6.222829809000075,
              50.25724862000004
            ],
            [
              6.207397940000021,
              50.252272909000055
            ],
            [
              6.199755201000073,
              50.24176599300006
            ],
            [
              6.197033207000061,
              50.23802391000004
            ],
            [
              6.190471352000031,
              50.237403904000075
            ],
            [
              6.179594069000075,
              50.23637614900008
            ],
            [
              6.173622720000026,
              50.23191520600005
            ],
            [
              6.174603507000029,
              50.22818283400005
            ],
            [
              6.174930923000034,
              50.226936855000076
            ],
            [
              6.168333333333334,
              50.224444444444444
            ],
            [
              6.061388888888889,
              50.224444444444444
            ],
            [
              5.998888888888889,
              50.331944444444446
            ],
            [
              5.998888888888889,
              50.57222222222222
            ]
          ]
        ]
      }
    },
    {
      "type": "Feature",
      "id": "TSA29A",
      "properties": {
        "id": "TSA29A",
        "name": "TSA29A - ARDENNES 06",
        "chapter": "ENR 5.2",
        "upperLimit": "FL145",
        "lowerLimit": "4500FT AMSL ⁽²⁾",
        "verticalLimits": "FL145 / 4500FT AMSL ⁽²⁾",
        "lateralLimits": "495835N0040853E- 500338N0040939E- 501425N0043911E- 502231N0045226E- 503001N0052456E- 502627N0053920E- 500426N0055210E- along the Belgian-Luxembourg border- 500120N0055102E- 500118N0054241E- 494735N0054237E- 494137N0051624E- 494030N0051133E- 494040N0045055E- 494920N0041830E- 495835N0040853E. ⁽¹⁾",
        "restrictionOrHazard": "CSAR exercises and UAS flights (NATO Class III).",
        "timeOfActivity": "HX ⁽³⁾",
        "aipSource": "Belgium and Luxembourg AIP ENR 5.2",
        "aipPage": "ENR 5.2-13",
        "amendment": "AIRAC AMDT 011/2025",
        "effectiveDate": "30-OCT-2025",
        "aipNotes": [
          "(1) Flights within TSA29A shall stay clear of controlled airspace, prohibited areas, danger areas and conflicting TRA and TSA.",
          "(2) Lower limit FL065 within CBA16B (see AIP France).",
          "(3) Announced by NOTAM. May be active MON to FRI (HOL excl). Activation can be checked with Steenokkerzeel ATCC."
        ],
        "geometryNote": "Published AIP anchor points expanded along applicable national borders/coastline using full Eurostat GISCO 2024 1:1M boundary geometry.",
        "color": "#FF1493",
        "colorSource": "AIM Belgium Brussels FIR Structure, 09 JUL 2026",
        "areaType": "military",
        "footnoteReferences": {
          "lateralLimits": [
            1
          ],
          "verticalLimits": [
            2
          ],
          "lowerLimit": [
            2
          ],
          "timeOfActivity": [
            3
          ]
        }
      },
      "geometry": {
        "type": "Polygon",
        "coordinates": [
          [
            [
              4.148055555555556,
              49.97638888888889
            ],
            [
              4.160833333333334,
              50.06055555555555
            ],
            [
              4.6530555555555555,
              50.24027777777778
            ],
            [
              4.87388888888889,
              50.375277777777775
            ],
            [
              5.415555555555556,
              50.500277777777775
            ],
            [
              5.655555555555556,
              50.44083333333333
            ],
            [
              5.869444444444445,
              50.073888888888895
            ],
            [
              5.861147632000041,
              50.06892125200005
            ],
            [
              5.856644202000041,
              50.06163296700004
            ],
            [
              5.856065765000039,
              50.057159091000074
            ],
            [
              5.864303595000024,
              50.05034120700003
            ],
            [
              5.86920974700007,
              50.04628072400004
            ],
            [
              5.863572194000028,
              50.041412886000046
            ],
            [
              5.857525447000057,
              50.03619172200007
            ],
            [
              5.858268573000032,
              50.03219193400008
            ],
            [
              5.858817436000038,
              50.02923774800007
            ],
            [
              5.854845085000022,
              50.027634109000076
            ],
            [
              5.85295583900006,
              50.02687142000008
            ],
            [
              5.852742508000063,
              50.02653028200007
            ],
            [
              5.850555555555555,
              50.02222222222222
            ],
            [
              5.711388888888889,
              50.02166666666667
            ],
            [
              5.710277777777778,
              49.793055555555554
            ],
            [
              5.273333333333333,
              49.69361111111111
            ],
            [
              5.1925,
              49.675
            ],
            [
              4.8486111111111105,
              49.67777777777778
            ],
            [
              4.308333333333334,
              49.82222222222222
            ],
            [
              4.148055555555556,
              49.97638888888889
            ]
          ]
        ]
      }
    },
    {
      "type": "Feature",
      "id": "TSA29B",
      "properties": {
        "id": "TSA29B",
        "name": "TSA29B - ARDENNES 07",
        "chapter": "ENR 5.2",
        "upperLimit": "FL095",
        "lowerLimit": "4500FT AMSL ⁽¹⁾",
        "verticalLimits": "FL095 / 4500FT AMSL ⁽¹⁾",
        "lateralLimits": "502627N0053920E- 503042N0055956E- 501955N0055956E- 501324N0060343E- 501011N0060832E- along the Belgian-German border- 500748N0060816E- along the Belgian- Luxembourg border- 500426N0055210E- 502627N0053920E.",
        "restrictionOrHazard": "CSAR exercises and UAS flights (NATO Class III).",
        "timeOfActivity": "HX ⁽²⁾",
        "aipSource": "Belgium and Luxembourg AIP ENR 5.2",
        "aipPage": "ENR 5.2-13",
        "amendment": "AIRAC AMDT 011/2025",
        "effectiveDate": "30-OCT-2025",
        "aipNotes": [
          "(1) Upper limit may be lowered to FL075 (see NOTAM).",
          "(2) Announced by NOTAM. May be active MON to FRI (HOL excl). Activation can be checked with Steenokkerzeel ATCC."
        ],
        "geometryNote": "Published AIP anchor points expanded along applicable national borders/coastline using full Eurostat GISCO 2024 1:1M boundary geometry.",
        "color": "#FF1493",
        "colorSource": "AIM Belgium Brussels FIR Structure, 09 JUL 2026",
        "areaType": "military",
        "footnoteReferences": {
          "verticalLimits": [
            1
          ],
          "lowerLimit": [
            1
          ],
          "timeOfActivity": [
            2
          ]
        }
      },
      "geometry": {
        "type": "Polygon",
        "coordinates": [
          [
            [
              5.655555555555556,
              50.44083333333333
            ],
            [
              5.998888888888889,
              50.51166666666666
            ],
            [
              5.998888888888889,
              50.331944444444446
            ],
            [
              6.061944444444444,
              50.223333333333336
            ],
            [
              6.142222222222222,
              50.16972222222222
            ],
            [
              6.140671566000037,
              50.16803968500005
            ],
            [
              6.142082132000041,
              50.16578683300003
            ],
            [
              6.14620347400006,
              50.15920453000007
            ],
            [
              6.138179695000076,
              50.15622515600006
            ],
            [
              6.133439619000058,
              50.15446508100007
            ],
            [
              6.140903446000038,
              50.14890255600005
            ],
            [
              6.144063731000074,
              50.14921623300006
            ],
            [
              6.152871713000025,
              50.15009047600006
            ],
            [
              6.153132812000024,
              50.14033051800004
            ],
            [
              6.144569423000064,
              50.13668374400004
            ],
            [
              6.13976499000006,
              50.13463774600007
            ],
            [
              6.138362973000028,
              50.131322115000046
            ],
            [
              6.137777777777778,
              50.13
            ],
            [
              6.112317663000056,
              50.13612005700003
            ],
            [
              6.115865645000042,
              50.144967758000064
            ],
            [
              6.122080160000053,
              50.15006385800007
            ],
            [
              6.116138447000026,
              50.15621970900003
            ],
            [
              6.119217113000047,
              50.16235125700007
            ],
            [
              6.10386683400003,
              50.16992417700004
            ],
            [
              6.081305315000066,
              50.17107473600004
            ],
            [
              6.078753916000039,
              50.157715901000074
            ],
            [
              6.063621780000062,
              50.15395964500004
            ],
            [
              6.04569323000004,
              50.15780489700006
            ],
            [
              6.031074271000023,
              50.16546065600005
            ],
            [
              6.024899634000064,
              50.18277939200004
            ],
            [
              6.022467916000039,
              50.18207744700004
            ],
            [
              6.002551874000062,
              50.176328444000035
            ],
            [
              5.984906661000025,
              50.175505145000045
            ],
            [
              5.97329626800007,
              50.17496342100003
            ],
            [
              5.965429841000059,
              50.17203718800005
            ],
            [
              5.962894575000064,
              50.16103292300005
            ],
            [
              5.964985990000059,
              50.15736811700003
            ],
            [
              5.966173314000059,
              50.155287558000055
            ],
            [
              5.963682480000045,
              50.15331112700005
            ],
            [
              5.959984464000058,
              50.150376820000076
            ],
            [
              5.960128506000046,
              50.14224989400003
            ],
            [
              5.960302041000034,
              50.13245901300007
            ],
            [
              5.954155419000074,
              50.13019835400007
            ],
            [
              5.941847206000034,
              50.12737164100008
            ],
            [
              5.918461993000051,
              50.12200097700003
            ],
            [
              5.895268914000042,
              50.112216499000056
            ],
            [
              5.894615185000021,
              50.105391335000036
            ],
            [
              5.894260875000043,
              50.10169220600005
            ],
            [
              5.890897877000043,
              50.09673104400008
            ],
            [
              5.886803901000064,
              50.090691529000026
            ],
            [
              5.886706343000071,
              50.08696594000003
            ],
            [
              5.886524778000023,
              50.080032233000054
            ],
            [
              5.869444444444445,
              50.073888888888895
            ],
            [
              5.655555555555556,
              50.44083333333333
            ]
          ]
        ]
      }
    },
    {
      "type": "Feature",
      "id": "TSA29C",
      "properties": {
        "id": "TSA29C",
        "name": "TSA29C - LUXEMBOURG",
        "chapter": "ENR 5.2",
        "upperLimit": "FL095",
        "lowerLimit": "3500FT AMSL ⁽¹⁾",
        "verticalLimits": "FL095 / 3500FT AMSL ⁽¹⁾",
        "lateralLimits": "500748N0060816E- along the German-Luxembourg border- 500118N0060843E- 500120N0055102E- along the Belgian-Luxembourg border- 500748N0060816E.",
        "restrictionOrHazard": "COMAO exercises and UAS flights (NATO Class III).",
        "timeOfActivity": "HX ⁽²⁾",
        "aipSource": "Belgium and Luxembourg AIP ENR 5.2",
        "aipPage": "ENR 5.2-13",
        "amendment": "AIRAC AMDT 011/2025",
        "effectiveDate": "30-OCT-2025",
        "aipNotes": [
          "(1) Upper limit may be lowered to FL065 (see NOTAM).",
          "(2) Announced by NOTAM. May be active MON to FRI (HOL excl). Activation can be checked with Steenokkerzeel ATCC."
        ],
        "geometryNote": "Published AIP anchor points expanded along applicable national borders/coastline using full Eurostat GISCO 2024 1:1M boundary geometry.",
        "color": "#FF1493",
        "colorSource": "AIM Belgium Brussels FIR Structure, 09 JUL 2026",
        "areaType": "military",
        "footnoteReferences": {
          "verticalLimits": [
            1
          ],
          "lowerLimit": [
            1
          ],
          "timeOfActivity": [
            2
          ]
        }
      },
      "geometry": {
        "type": "Polygon",
        "coordinates": [
          [
            [
              6.137777777777778,
              50.13
            ],
            [
              6.128407131000074,
              50.11718512900006
            ],
            [
              6.132849682000028,
              50.11370710700004
            ],
            [
              6.133802464000041,
              50.112961185000074
            ],
            [
              6.131854825000062,
              50.10838182700007
            ],
            [
              6.134398346000069,
              50.10398861300007
            ],
            [
              6.129276184000048,
              50.10164510300007
            ],
            [
              6.126520052000046,
              50.10038410700008
            ],
            [
              6.128091702000063,
              50.09764699600004
            ],
            [
              6.130591667000033,
              50.09329317500004
            ],
            [
              6.126554914000053,
              50.09245971400003
            ],
            [
              6.120632494000063,
              50.091236922000064
            ],
            [
              6.121198097000047,
              50.08143282200007
            ],
            [
              6.117300476000025,
              50.07509414500004
            ],
            [
              6.119905646000063,
              50.07296873000007
            ],
            [
              6.120932754000023,
              50.073482643000034
            ],
            [
              6.125548088000073,
              50.07579192400004
            ],
            [
              6.127898333000076,
              50.07286138900008
            ],
            [
              6.119829591000041,
              50.06558297600003
            ],
            [
              6.118498645000045,
              50.06526653900005
            ],
            [
              6.113851444000034,
              50.06416164900003
            ],
            [
              6.113128063000033,
              50.05978443500004
            ],
            [
              6.116835600000059,
              50.05671084200003
            ],
            [
              6.119586551000054,
              50.05790505700003
            ],
            [
              6.122698028000059,
              50.05925577900007
            ],
            [
              6.122481686000071,
              50.053741391000074
            ],
            [
              6.133468459000028,
              50.04191802200006
            ],
            [
              6.132476461000067,
              50.03774695000004
            ],
            [
              6.13062151400004,
              50.029947425000046
            ],
            [
              6.140336382000044,
              50.02545507600007
            ],
            [
              6.145277777777778,
              50.02166666666667
            ],
            [
              5.850555555555555,
              50.02222222222222
            ],
            [
              5.852742508000063,
              50.02653028200007
            ],
            [
              5.85295583900006,
              50.02687142000008
            ],
            [
              5.854845085000022,
              50.027634109000076
            ],
            [
              5.858817436000038,
              50.02923774800007
            ],
            [
              5.858268573000032,
              50.03219193400008
            ],
            [
              5.857525447000057,
              50.03619172200007
            ],
            [
              5.863572194000028,
              50.041412886000046
            ],
            [
              5.86920974700007,
              50.04628072400004
            ],
            [
              5.864303595000024,
              50.05034120700003
            ],
            [
              5.856065765000039,
              50.057159091000074
            ],
            [
              5.856644202000041,
              50.06163296700004
            ],
            [
              5.861147632000041,
              50.06892125200005
            ],
            [
              5.877125807000027,
              50.07591704200007
            ],
            [
              5.886524778000023,
              50.080032233000054
            ],
            [
              5.886706343000071,
              50.08696594000003
            ],
            [
              5.886803901000064,
              50.090691529000026
            ],
            [
              5.890897877000043,
              50.09673104400008
            ],
            [
              5.894260875000043,
              50.10169220600005
            ],
            [
              5.894615185000021,
              50.105391335000036
            ],
            [
              5.895268914000042,
              50.112216499000056
            ],
            [
              5.918461993000051,
              50.12200097700003
            ],
            [
              5.941847206000034,
              50.12737164100008
            ],
            [
              5.954155419000074,
              50.13019835400007
            ],
            [
              5.960302041000034,
              50.13245901300007
            ],
            [
              5.960128506000046,
              50.14224989400003
            ],
            [
              5.959984464000058,
              50.150376820000076
            ],
            [
              5.963682480000045,
              50.15331112700005
            ],
            [
              5.966173314000059,
              50.155287558000055
            ],
            [
              5.964985990000059,
              50.15736811700003
            ],
            [
              5.962894575000064,
              50.16103292300005
            ],
            [
              5.965429841000059,
              50.17203718800005
            ],
            [
              5.97329626800007,
              50.17496342100003
            ],
            [
              5.984906661000025,
              50.175505145000045
            ],
            [
              6.002551874000062,
              50.176328444000035
            ],
            [
              6.022467916000039,
              50.18207744700004
            ],
            [
              6.024899634000064,
              50.18277939200004
            ],
            [
              6.031074271000023,
              50.16546065600005
            ],
            [
              6.04569323000004,
              50.15780489700006
            ],
            [
              6.063621780000062,
              50.15395964500004
            ],
            [
              6.078753916000039,
              50.157715901000074
            ],
            [
              6.081305315000066,
              50.17107473600004
            ],
            [
              6.10386683400003,
              50.16992417700004
            ],
            [
              6.119217113000047,
              50.16235125700007
            ],
            [
              6.116138447000026,
              50.15621970900003
            ],
            [
              6.122080160000053,
              50.15006385800007
            ],
            [
              6.115865645000042,
              50.144967758000064
            ],
            [
              6.112317663000056,
              50.13612005700003
            ],
            [
              6.137777777777778,
              50.13
            ]
          ]
        ]
      }
    },
    {
      "type": "Feature",
      "id": "TSA32A",
      "properties": {
        "id": "TSA32A",
        "name": "TSA32A - LIBRAMONT WEST",
        "chapter": "ENR 5.2",
        "upperLimit": "4500FT AMSL ⁽²⁾",
        "lowerLimit": "GND ⁽³⁾",
        "verticalLimits": "4500FT AMSL ⁽²⁾ / GND ⁽³⁾",
        "lateralLimits": "495900N 0050700E - 495900N 0052200E - 494700N 0052200E - 494700N 0050700E - 495300N 0050400E - 495900N 0050700E.",
        "restrictionOrHazard": "CAS exercises target zone. Prohibited to non-participating aircraft.⁽⁴⁾",
        "timeOfActivity": "HX ⁽⁵⁾⁽⁶⁾",
        "aipSource": "Belgium and Luxembourg AIP ENR 5.2",
        "aipPage": "ENR 5.2-13",
        "amendment": "AIRAC AMDT 011/2025",
        "effectiveDate": "30-OCT-2025",
        "aipNotes": [
          "(1) May be active MON 1230-1600 (1130-1500), TUE to THU 0800-1100 (0700-1000) and 1230-1600 (1130-1500), FRI 0800-1100 (0700- 1000).",
          "(2) May be activated up to FL 065.",
          "(3) Military users: during opening hours and within the lateral limits of LFA Ardennes the lowest usable level is 250 FT AGL. Outside opening hours of LFA Ardennes the lowest usable level is 500 FT AGL. For non-Belgian participants the lowest usable level is 1000 FT AGL at all times.",
          "(4) When medium level CAS is performed in combination with TSA32A, the TRA/TSA S5 - NEUFCHATEAU AREA and TRA/TSA S2 - BEAURAING AREA have to be booked from 4500 FTAMSL (or FL065) within the Brussels FIR and FL065 within the LFCBA16B up to FL150. Radio contact with Steenokkerzeel ATCC is compulsory for medium level CAS. When CAS is combined with and Air Defense Mission, TSA26A, TSA26B and EBD26 have to be booked and Tactical Air Control is provided by CRC Beauvechain.",
          "(5) Announced by NOTAM. Activation can be checked with Steenokkerzeel ATCC.",
          "(6) May not be active at the same time as TSA34A or TSA34B."
        ],
        "color": "#1E90FF",
        "colorSource": "AIM Belgium Brussels FIR Structure, 09 JUL 2026",
        "areaType": "military",
        "footnoteReferences": {
          "verticalLimits": [
            2,
            3
          ],
          "upperLimit": [
            2
          ],
          "lowerLimit": [
            3
          ],
          "restrictionOrHazard": [
            4
          ],
          "timeOfActivity": [
            5,
            6
          ]
        }
      },
      "geometry": {
        "type": "Polygon",
        "coordinates": [
          [
            [
              5.116666666666666,
              49.983333333333334
            ],
            [
              5.366666666666666,
              49.983333333333334
            ],
            [
              5.366666666666666,
              49.78333333333333
            ],
            [
              5.116666666666666,
              49.78333333333333
            ],
            [
              5.066666666666666,
              49.88333333333333
            ],
            [
              5.116666666666666,
              49.983333333333334
            ]
          ]
        ]
      }
    },
    {
      "type": "Feature",
      "id": "TSA32B",
      "properties": {
        "id": "TSA32B",
        "name": "TSA32B - LIBRAMONT EAST",
        "chapter": "ENR 5.2",
        "upperLimit": "4500FT AMSL ⁽²⁾",
        "lowerLimit": "GND ⁽³⁾",
        "verticalLimits": "4500FT AMSL ⁽²⁾ / GND ⁽³⁾",
        "lateralLimits": "495900N 0052200E - 495900N 0053700E - 495300N 0054000E - 494700N 0053700E - 494700N 0052200E - 495900N 0052200E.",
        "restrictionOrHazard": "CAS exercises target zone. Prohibited to non-participating aircraft.⁽⁴⁾",
        "timeOfActivity": "HX ⁽⁵⁾⁽⁶⁾",
        "aipSource": "Belgium and Luxembourg AIP ENR 5.2",
        "aipPage": "ENR 5.2-14",
        "amendment": "AIRAC AMDT 011/2025",
        "effectiveDate": "30-OCT-2025",
        "aipNotes": [
          "(1) May be active MON 1230-1600 (1130-1500), TUE to THU 0800-1100 (0700-1000) and 1230-1600 (1130-1500), FRI 0800-1100 (0700- 1000).",
          "(2) May be activated up to FL 065.",
          "(3) Military users: during opening hours and within the lateral limits of LFA Ardennes the lowest usable level is 250 FT AGL. Outside opening hours of LFA Ardennes the lowest usable level is 500 FT AGL. For non-Belgian participants the lowest usable level is 1000 FT AGL at all times.",
          "(4) When medium level CAS is performed in combination with TSA32B, the TRA/TSA S5 - NEUFCHATEAU AREA and TRA/TSA S2 - BEAURAING AREA have to be booked from 4500 FTAMSL (or FL065) within the Brussels FIR and FL065 within the LFCBA16B up to FL150. Radio contact with Steenokkerzeel ATCC is compulsory for medium level CAS. When CAS is combined with and Air Defense Mission, TSA26A, TSA26B and EBD26 have to be booked and Tactical Air Control is provided by CRC Beauvechain.",
          "(5) Announced by NOTAM. Activation can be checked with Steenokkerzeel ATCC.",
          "(6) May not be active at the same time as TSA34A or TSA34B."
        ],
        "color": "#1E90FF",
        "colorSource": "AIM Belgium Brussels FIR Structure, 09 JUL 2026",
        "areaType": "military",
        "footnoteReferences": {
          "verticalLimits": [
            2,
            3
          ],
          "upperLimit": [
            2
          ],
          "lowerLimit": [
            3
          ],
          "restrictionOrHazard": [
            4
          ],
          "timeOfActivity": [
            5,
            6
          ]
        }
      },
      "geometry": {
        "type": "Polygon",
        "coordinates": [
          [
            [
              5.366666666666666,
              49.983333333333334
            ],
            [
              5.616666666666667,
              49.983333333333334
            ],
            [
              5.666666666666667,
              49.88333333333333
            ],
            [
              5.616666666666667,
              49.78333333333333
            ],
            [
              5.366666666666666,
              49.78333333333333
            ],
            [
              5.366666666666666,
              49.983333333333334
            ]
          ]
        ]
      }
    },
    {
      "type": "Feature",
      "id": "TSA34A",
      "properties": {
        "id": "TSA34A",
        "name": "TSA34A - CHAMPLON WEST",
        "chapter": "ENR 5.2",
        "upperLimit": "4500FT AMSL ⁽²⁾",
        "lowerLimit": "GND ⁽³⁾",
        "verticalLimits": "4500FT AMSL ⁽²⁾ / GND ⁽³⁾",
        "lateralLimits": "501500N 0051200E - 501400N 0052700E - 500500N 0052700E - 500500N 0052200E - 500300N 0051900E - 500300N 0051200E - 500900N 0050900E - 501500N 0051200E.",
        "restrictionOrHazard": "CAS exercises target zone. Prohibited to non-participating aircraft.⁽⁴⁾",
        "timeOfActivity": "HX ⁽⁵⁾⁽⁶⁾",
        "aipSource": "Belgium and Luxembourg AIP ENR 5.2",
        "aipPage": "ENR 5.2-14",
        "amendment": "AIRAC AMDT 011/2025",
        "effectiveDate": "30-OCT-2025",
        "aipNotes": [
          "(1) May be active MON 1230-1600 (1130-1500), TUE to THU 0800-1100 (0700-1000) and 1230-1600 (1130-1500), FRI 0800-1100 (0700- 1000).",
          "(2) May be activated up to FL 065.",
          "(3) Military users: during opening hours and within the lateral limits of LFA Ardennes the lowest usable level is 250 FT AGL. Outside opening hours of LFA Ardennes the lowest usable level is 500 FT AGL. For non-Belgian participants the lowest usable level is 1000 FT AGL at all times.",
          "(4) When medium level CAS is performed in combination with TSA34A, the TRA/TSA S6 - DURBUY AREA and TRA/TSA S2 - BEAURAING AREA have to be booked from 4500 FTAMSL (or FL065) within the Brussels FIR and FL065 within the LFCBA16B up to FL150. Radio contact with Steenokkerzeel ATCC is compulsory for medium level CAS. Can not be booked for combined CAS and Air Defense Mission.",
          "(5) Announced by NOTAM. Activation can be checked with Steenokkerzeel ATCC.",
          "(6) May not be active at the same time as TSA32A or TSA32B or TRA/TSA22."
        ],
        "color": "#1E90FF",
        "colorSource": "AIM Belgium Brussels FIR Structure, 09 JUL 2026",
        "areaType": "military",
        "footnoteReferences": {
          "verticalLimits": [
            2,
            3
          ],
          "upperLimit": [
            2
          ],
          "lowerLimit": [
            3
          ],
          "restrictionOrHazard": [
            4
          ],
          "timeOfActivity": [
            5,
            6
          ]
        }
      },
      "geometry": {
        "type": "Polygon",
        "coordinates": [
          [
            [
              5.2,
              50.25
            ],
            [
              5.45,
              50.233333333333334
            ],
            [
              5.45,
              50.083333333333336
            ],
            [
              5.366666666666666,
              50.083333333333336
            ],
            [
              5.316666666666666,
              50.05
            ],
            [
              5.2,
              50.05
            ],
            [
              5.15,
              50.15
            ],
            [
              5.2,
              50.25
            ]
          ]
        ]
      }
    },
    {
      "type": "Feature",
      "id": "TSA34B",
      "properties": {
        "id": "TSA34B",
        "name": "TSA34B - CHAMPLON EAST",
        "chapter": "ENR 5.2",
        "upperLimit": "4500FT AMSL ⁽²⁾",
        "lowerLimit": "GND ⁽³⁾",
        "verticalLimits": "4500FT AMSL ⁽²⁾ / GND ⁽³⁾",
        "lateralLimits": "501400N 0052700E - 501500N 0054200E - 500900N 0054500E - 500300N 0054200E - 500300N 0052900E - 500500N 0052700E - 501400N 0052700E.",
        "restrictionOrHazard": "CAS exercises target zone. Prohibited to non-participating aircraft.⁽⁴⁾",
        "timeOfActivity": "HX ⁽⁵⁾⁽⁶⁾",
        "aipSource": "Belgium and Luxembourg AIP ENR 5.2",
        "aipPage": "ENR 5.2-14",
        "amendment": "AIRAC AMDT 011/2025",
        "effectiveDate": "30-OCT-2025",
        "aipNotes": [
          "(1) May be active MON 1230-1600 (1130-1500), TUE to THU 0800-1100 (0700-1000) and 1230-1600 (1130-1500), FRI 0800-1100 (0700- 1000).",
          "(2) May be activated up to FL 065.",
          "(3) Military users: during opening hours and within the lateral limits of LFA Ardennes the lowest usable level is 250 FT AGL. Outside opening hours of LFA Ardennes the lowest usable level is 500 FT AGL. For non-Belgian participants the lowest usable level is 1000 FT AGL at all times.",
          "(4) When medium level CAS is performed in combination with TSA34B, the TRA/TSA S6 - DURBUY AREA and TRA/TSA S2 - BEAURAING AREA have to be booked from 4500 FTAMSL (or FL065) within the Brussels FIR and FL065 within the LFCBA16B up to FL150. Radio contact with Steenokkerzeel ATCC is compulsory for medium level CAS. Can not be booked for combined CAS and Air Defense Mission.",
          "(5) Announced by NOTAM. Activation can be checked with Steenokkerzeel ATCC.",
          "(6) May not be active at the same time as TSA32A or TSA32B or TRA/TSA22."
        ],
        "color": "#1E90FF",
        "colorSource": "AIM Belgium Brussels FIR Structure, 09 JUL 2026",
        "areaType": "military",
        "footnoteReferences": {
          "verticalLimits": [
            2,
            3
          ],
          "upperLimit": [
            2
          ],
          "lowerLimit": [
            3
          ],
          "restrictionOrHazard": [
            4
          ],
          "timeOfActivity": [
            5,
            6
          ]
        }
      },
      "geometry": {
        "type": "Polygon",
        "coordinates": [
          [
            [
              5.45,
              50.233333333333334
            ],
            [
              5.7,
              50.25
            ],
            [
              5.75,
              50.15
            ],
            [
              5.7,
              50.05
            ],
            [
              5.483333333333333,
              50.05
            ],
            [
              5.45,
              50.083333333333336
            ],
            [
              5.45,
              50.233333333333334
            ]
          ]
        ]
      }
    },
    {
      "type": "Feature",
      "id": "TSA35",
      "properties": {
        "id": "TSA35",
        "name": "TSA35 - SAINT-HUBERT",
        "chapter": "ENR 5.2",
        "upperLimit": "1000FT AGL",
        "lowerLimit": "GND",
        "verticalLimits": "1000FT AGL / GND",
        "lateralLimits": "A circle radius 2 NM centered on 500214N 0052434E.",
        "restrictionOrHazard": "BVLOS military UAS training zone. Entry prohibited to non- participating aircraft.",
        "timeOfActivity": "HX⁽¹⁾⁽²⁾",
        "aipSource": "Belgium and Luxembourg AIP ENR 5.2",
        "aipPage": "ENR 5.2-15",
        "amendment": "AIRAC AMDT 007/2025",
        "effectiveDate": "10-JUL-2025",
        "aipNotes": [
          "(1) Activation announced by NOTAM. May be activated from SS+30 to 0800 (0700).",
          "(2) 3 calendar days prior notification to EBSH mandatory for activation between SR-30 and 0800 (0700)."
        ],
        "geometryNote": "Circle sampled every 5 degrees from the published centre and radius.",
        "color": "#1E90FF",
        "colorSource": "AIM Belgium Brussels FIR Structure, 09 JUL 2026",
        "areaType": "military",
        "footnoteReferences": {
          "timeOfActivity": [
            1,
            2
          ]
        }
      },
      "geometry": {
        "type": "Polygon",
        "coordinates": [
          [
            [
              5.4094444444444445,
              50.07053304849457
            ],
            [
              5.413967695469238,
              50.0704062028941
            ],
            [
              5.418456450522429,
              50.070026633468345
            ],
            [
              5.422876478339812,
              50.06939723492101
            ],
            [
              5.427194074990998,
              50.06852280707195
            ],
            [
              5.431376322361747,
              50.06741001803146
            ],
            [
              5.435391340464689,
              50.06606735305016
            ],
            [
              5.439208531603735,
              50.06450504944589
            ],
            [
              5.442798814487051,
              50.06273501811794
            ],
            [
              5.446134846468948,
              50.06077075226376
            ],
            [
              5.449191232201505,
              50.058627224011936
            ],
            [
              5.451944717091191,
              50.05632076977891
            ],
            [
              5.454374364082851,
              50.05386896524313
            ],
            [
              5.456461712431933,
              50.051290490909366
            ],
            [
              5.458190917274364,
              50.04860498930687
            ],
            [
              5.459548868960402,
              50.0458329149273
            ],
            [
              5.4605252912828295,
              50.04299537806204
            ],
            [
              5.461112817899176,
              50.040113983741946
            ],
            [
              5.4613070464209335,
              50.03721066701766
            ],
            [
              5.461106569818328,
              50.03430752584275
            ],
            [
              5.460512984965549,
              50.03142665283681
            ],
            [
              5.459530878327232,
              50.02858996721065
            ],
            [
              5.458167788960676,
              50.02581904813072
            ],
            [
              5.456434149178795,
              50.023134970785286
            ],
            [
              5.454343203384722,
              50.02055814639076
            ],
            [
              5.4519109057492035,
              50.01810816734388
            ],
            [
              5.449155797555496,
              50.015803658682934
            ],
            [
              5.446098865182344,
              50.01366213697118
            ],
            [
              5.442763379833038,
              50.011699877657364
            ],
            [
              5.439174720246706,
              50.00993179190234
            ],
            [
              5.435360179746296,
              50.00837131378829
            ],
            [
              5.431348759085566,
              50.007030298747836
            ],
            [
              5.4271709466542655,
              50.00591893396612
            ],
            [
              5.422858487686377,
              50.005045661418315
            ],
            [
              5.418444144190106,
              50.004417114111405
            ],
            [
              5.413961447380387,
              50.00403806600066
            ],
            [
              5.4094444444444445,
              50.003911395949864
            ],
            [
              5.404927441508502,
              50.00403806600066
            ],
            [
              5.400444744698783,
              50.004417114111405
            ],
            [
              5.396030401202512,
              50.005045661418315
            ],
            [
              5.3917179422346235,
              50.00591893396612
            ],
            [
              5.387540129803324,
              50.007030298747836
            ],
            [
              5.383528709142593,
              50.00837131378829
            ],
            [
              5.379714168642184,
              50.00993179190234
            ],
            [
              5.376125509055851,
              50.011699877657364
            ],
            [
              5.372790023706545,
              50.01366213697118
            ],
            [
              5.369733091333393,
              50.015803658682934
            ],
            [
              5.3669779831396855,
              50.01810816734388
            ],
            [
              5.364545685504167,
              50.02055814639076
            ],
            [
              5.362454739710095,
              50.023134970785286
            ],
            [
              5.360721099928214,
              50.02581904813072
            ],
            [
              5.359358010561657,
              50.02858996721065
            ],
            [
              5.35837590392334,
              50.03142665283681
            ],
            [
              5.357782319070561,
              50.03430752584275
            ],
            [
              5.3575818424679555,
              50.03721066701766
            ],
            [
              5.357776070989714,
              50.040113983741946
            ],
            [
              5.3583635976060595,
              50.04299537806204
            ],
            [
              5.359340019928487,
              50.0458329149273
            ],
            [
              5.360697971614526,
              50.04860498930687
            ],
            [
              5.362427176456957,
              50.051290490909366
            ],
            [
              5.364514524806039,
              50.05386896524313
            ],
            [
              5.366944171797698,
              50.05632076977891
            ],
            [
              5.369697656687384,
              50.058627224011936
            ],
            [
              5.372754042419941,
              50.06077075226376
            ],
            [
              5.376090074401838,
              50.06273501811794
            ],
            [
              5.379680357285155,
              50.06450504944589
            ],
            [
              5.3834975484242,
              50.06606735305016
            ],
            [
              5.387512566527142,
              50.06741001803146
            ],
            [
              5.3916948138978915,
              50.06852280707195
            ],
            [
              5.396012410549077,
              50.06939723492101
            ],
            [
              5.40043243836646,
              50.070026633468345
            ],
            [
              5.404921193419651,
              50.0704062028941
            ],
            [
              5.4094444444444445,
              50.07053304849457
            ]
          ]
        ]
      }
    },
    {
      "type": "Feature",
      "id": "TSA36",
      "properties": {
        "id": "TSA36",
        "name": "TSA36 - FLAWINNE",
        "chapter": "ENR 5.2",
        "upperLimit": "500FT AGL",
        "lowerLimit": "GND",
        "verticalLimits": "500FT AGL / GND",
        "lateralLimits": "502818N 0044834E - 502809N 0044908E - 502751N 0044908E - 502739N 0044815E - 502801N 0044758E - 502818N 0044834E.",
        "restrictionOrHazard": "BVLOS military UAS training zone. Entry prohibited to non- participating aircraft.",
        "timeOfActivity": "HX⁽¹⁾",
        "aipSource": "Belgium and Luxembourg AIP ENR 5.2",
        "aipPage": "ENR 5.2-15",
        "amendment": "AIRAC AMDT 007/2025",
        "effectiveDate": "10-JUL-2025",
        "aipNotes": [
          "(1) Activation announced by NOTAM."
        ],
        "color": "#1E90FF",
        "colorSource": "AIM Belgium Brussels FIR Structure, 09 JUL 2026",
        "areaType": "military",
        "footnoteReferences": {
          "timeOfActivity": [
            1
          ]
        }
      },
      "geometry": {
        "type": "Polygon",
        "coordinates": [
          [
            [
              4.809444444444444,
              50.47166666666667
            ],
            [
              4.818888888888889,
              50.469166666666666
            ],
            [
              4.818888888888889,
              50.46416666666667
            ],
            [
              4.804166666666666,
              50.46083333333333
            ],
            [
              4.799444444444444,
              50.466944444444444
            ],
            [
              4.809444444444444,
              50.47166666666667
            ]
          ]
        ]
      }
    },
    {
      "type": "Feature",
      "id": "TRA/TSA37A",
      "properties": {
        "id": "TRA/TSA37A",
        "name": "TRA/TSA37A - WEELDE LOW",
        "chapter": "ENR 5.2",
        "upperLimit": "4500 AMSL",
        "lowerLimit": "GND",
        "verticalLimits": "4500 AMSL / GND",
        "lateralLimits": "512450N 0044947E along border BELGIUM_NETHERLANDS - 512816N 0050037E then a clockwise arc radius 5 NM centered on 512339N 0045733E - 512451N 0050519E along border BELGIUM_NETHERLANDS - 512247N 0050525E then a clockwise arc radius 5 NM centered on 512339N 0045733E - 512450N 0044947E.",
        "restrictionOrHazard": "Air exercises and UAS flights. Entry prohibited to non- participating aircraft.",
        "timeOfActivity": "HX⁽¹⁾",
        "aipSource": "Belgium and Luxembourg AIP ENR 5.2",
        "aipPage": "ENR 5.2-15",
        "amendment": "AIRAC AMDT 007/2025",
        "effectiveDate": "10-JUL-2025",
        "aipNotes": [
          "(1) Activation announced by NOTAM. Status of the area can be checked with Brussels FIC or Steenokkerzeel ATCC."
        ],
        "geometryNote": "Published AIP anchor points expanded along applicable national borders/coastline using full Eurostat GISCO 2024 1:1M boundary geometry.",
        "color": "#1E90FF",
        "colorSource": "AIM Belgium Brussels FIR Structure, 09 JUL 2026",
        "areaType": "military",
        "footnoteReferences": {
          "timeOfActivity": [
            1
          ]
        }
      },
      "geometry": {
        "type": "Polygon",
        "coordinates": [
          [
            [
              4.829722222222222,
              51.413888888888884
            ],
            [
              4.842900611000061,
              51.413305956000045
            ],
            [
              4.846174158000053,
              51.41291447900005
            ],
            [
              4.850039369000058,
              51.413533131000065
            ],
            [
              4.852512973000046,
              51.41392904700007
            ],
            [
              4.854186435000031,
              51.41366510200004
            ],
            [
              4.858392450000053,
              51.41300171200004
            ],
            [
              4.859726470000055,
              51.41139992800004
            ],
            [
              4.867408860000069,
              51.409118973000034
            ],
            [
              4.869729301000064,
              51.41309408300003
            ],
            [
              4.875732613000025,
              51.41435076000005
            ],
            [
              4.883665665000024,
              51.41601139100004
            ],
            [
              4.899937438000052,
              51.41351992700004
            ],
            [
              4.911621080000032,
              51.404248841000026
            ],
            [
              4.916633857000022,
              51.40027115300006
            ],
            [
              4.914105526000071,
              51.39502387700003
            ],
            [
              4.920862953000039,
              51.39368792300007
            ],
            [
              4.927639358000022,
              51.39542462400004
            ],
            [
              4.941809612000043,
              51.405967614000076
            ],
            [
              4.963669268000046,
              51.42223169400006
            ],
            [
              4.990459705000035,
              51.43692422100003
            ],
            [
              5.001429502000065,
              51.44294032500005
            ],
            [
              5.010374136000053,
              51.45825205400007
            ],
            [
              5.009252147000041,
              51.46262640800006
            ],
            [
              5.010277777777778,
              51.471111111111114
            ],
            [
              5.016620061206488,
              51.46935164250736
            ],
            [
              5.022806641308828,
              51.46738912293209
            ],
            [
              5.028820774209575,
              51.46522887064906
            ],
            [
              5.03464619003351,
              51.46287673896589
            ],
            [
              5.040267137333626,
              51.460339100149284
            ],
            [
              5.045668426017603,
              51.457622827924446
            ],
            [
              5.0508354686519645,
              51.454735278609604
            ],
            [
              5.055754320028945,
              51.45168427093968
            ],
            [
              5.060411714886959,
              51.448478064637605
            ],
            [
              5.064795103681863,
              51.44512533779459
            ],
            [
              5.068892686312691,
              51.44163516312415
            ],
            [
              5.0726934437123194,
              51.43801698315757
            ],
            [
              5.076187167220544,
              51.43428058445162
            ],
            [
              5.079364485664221,
              51.430436070881306
            ],
            [
              5.082216890076493,
              51.426493836093286
            ],
            [
              5.0847367559945615,
              51.4224645351974
            ],
            [
              5.086917363283075,
              51.41835905577565
            ],
            [
              5.088611111111111,
              51.41416666666667
            ],
            [
              5.084294791000048,
              51.40917536000006
            ],
            [
              5.076795196000035,
              51.40000149600007
            ],
            [
              5.072981970000058,
              51.39563808500003
            ],
            [
              5.071045140000024,
              51.39342085200008
            ],
            [
              5.090277777777778,
              51.37972222222222
            ],
            [
              5.088899449767444,
              51.37551039840195
            ],
            [
              5.08717426210699,
              51.371348686950576
            ],
            [
              5.085106920550903,
              51.36724821328458
            ],
            [
              5.08270304124948,
              51.363219936153776
            ],
            [
              5.079969134843053,
              51.35927461849835
            ],
            [
              5.076912588230818,
              51.35542279885728
            ],
            [
              5.073541644071483,
              51.35167476340195
            ],
            [
              5.069865378078239,
              51.348040518667325
            ],
            [
              5.065893674175461,
              51.34452976505084
            ],
            [
              5.06163719758937,
              51.34115187114688
            ],
            [
              5.057107365949305,
              51.3379158489823
            ],
            [
              5.052316318480543,
              51.334830330215915
            ],
            [
              5.047276883373574,
              51.33190354336227
            ],
            [
              5.042002543418457,
              51.32914329209715
            ],
            [
              5.036507399996421,
              51.326556934699276
            ],
            [
              5.030806135524069,
              51.3241513646799
            ],
            [
              5.024913974448586,
              51.32193299264845
            ],
            [
              5.018846642895089,
              51.31990772945964
            ],
            [
              5.012620327069816,
              51.318080970683724
            ],
            [
              5.006251630525124,
              51.31645758243835
            ],
            [
              4.99975753039436,
              51.31504188861732
            ],
            [
              4.99315533270651,
              51.31383765954742
            ],
            [
              4.98646262689218,
              51.31284810210136
            ],
            [
              4.979697239593866,
              51.312075851291304
            ],
            [
              4.972877187894698,
              51.311522963363295
            ],
            [
              4.966020632080826,
              51.31119091040979
            ],
            [
              4.959145828053453,
              51.311080576513355
            ],
            [
              4.952271079507061,
              51.31119225543096
            ],
            [
              4.9454146899908284,
              51.311525649824574
            ],
            [
              4.938594914970399,
              51.31207987203997
            ],
            [
              4.93182991400718,
              51.312853446431795
            ],
            [
              4.925137703172138,
              51.313844313229076
            ],
            [
              4.918536107810668,
              51.315049833932086
            ],
            [
              4.912042715774517,
              51.31646679822694
            ],
            [
              4.90567483123592,
              51.318091432401175
            ],
            [
              4.899449429198152,
              51.31991940923972
            ],
            [
              4.893383110815408,
              51.321945859376676
            ],
            [
              4.887492059633597,
              51.324165384075336
            ],
            [
              4.8817919988619085,
              51.32657206940453
            ],
            [
              4.8762981497832225,
              51.3291595017765
            ],
            [
              4.87102519140932,
              51.331920784807835
            ],
            [
              4.865987221484568,
              51.33484855746127
            ],
            [
              4.861197718939211,
              51.33793501342357
            ],
            [
              4.856669507890634,
              51.34117192167083
            ],
            [
              4.852414723287965,
              51.344550648169694
            ],
            [
              4.848444778292134,
              51.348062178659944
            ],
            [
              4.844770333480004,
              51.35169714246107
            ],
            [
              4.841401267957464,
              51.35544583724236
            ],
            [
              4.838346652462375,
              51.359298254693755
            ],
            [
              4.835614724534028,
              51.36324410703175
            ],
            [
              4.833212865821267,
              51.3672728542727
            ],
            [
              4.83114758159671,
              51.37137373220314
            ],
            [
              4.829424482539502,
              51.37553578097509
            ],
            [
              4.828048268843787,
              51.379747874251926
            ],
            [
              4.82702271670465,
              51.38399874882914
            ],
            [
              4.8263506672275325,
              51.38827703465231
            ],
            [
              4.826034017801233,
              51.39257128515344
            ],
            [
              4.826073715968421,
              51.39687000782558
            ],
            [
              4.826469755821259,
              51.401161694954595
            ],
            [
              4.827221176943208,
              51.405434854426304
            ],
            [
              4.828326065911298,
              51.40967804052644
            ],
            [
              4.829781560366342,
              51.41387988465068
            ],
            [
              4.829722222222222,
              51.413888888888884
            ]
          ]
        ]
      }
    },
    {
      "type": "Feature",
      "id": "TRA/TSA37B",
      "properties": {
        "id": "TRA/TSA37B",
        "name": "TRA/TSA37B - WEELDE",
        "chapter": "ENR 5.2",
        "upperLimit": "4500 AMSL",
        "lowerLimit": "1500 AMSL",
        "verticalLimits": "4500 AMSL / 1500 AMSL",
        "lateralLimits": "511932N 0044132E - 512232N 0043953E - 512452N 0045023E along border BELGIUM_NETHERLANDS - 511915N 0051217E - 511833N 0051239E - 511505N 0045653E then a counter-clockwise arc radius 26 NM centered on 505408N 0043217E - 511932N 0044132E.",
        "restrictionOrHazard": "Air exercises and UAS flights. Entry prohibited to non- participating aircraft.",
        "timeOfActivity": "HX⁽²⁾",
        "aipSource": "Belgium and Luxembourg AIP ENR 5.2",
        "aipPage": "ENR 5.2-15",
        "amendment": "AIRAC AMDT 007/2025",
        "effectiveDate": "10-JUL-2025",
        "aipNotes": [
          "(1) TRA/TSA37B requires simultaneous activation of TRA/TSA37A.",
          "(2) Activation announced by NOTAM. Status of the area can be checked with Brussels FIC or Steenokkerzeel ATCC. May be active outside EBZR operational hours (see EBZR AD 2.3)."
        ],
        "geometryNote": "Published AIP anchor points expanded along applicable national borders/coastline using full Eurostat GISCO 2024 1:1M boundary geometry.",
        "color": "#1E90FF",
        "colorSource": "AIM Belgium Brussels FIR Structure, 09 JUL 2026",
        "areaType": "military",
        "footnoteReferences": {
          "timeOfActivity": [
            2
          ]
        }
      },
      "geometry": {
        "type": "Polygon",
        "coordinates": [
          [
            [
              4.692222222222222,
              51.32555555555556
            ],
            [
              4.664722222222222,
              51.37555555555556
            ],
            [
              4.839722222222222,
              51.41444444444444
            ],
            [
              4.846174158000053,
              51.41291447900005
            ],
            [
              4.850039369000058,
              51.413533131000065
            ],
            [
              4.852512973000046,
              51.41392904700007
            ],
            [
              4.854186435000031,
              51.41366510200004
            ],
            [
              4.858392450000053,
              51.41300171200004
            ],
            [
              4.859726470000055,
              51.41139992800004
            ],
            [
              4.867408860000069,
              51.409118973000034
            ],
            [
              4.869729301000064,
              51.41309408300003
            ],
            [
              4.875732613000025,
              51.41435076000005
            ],
            [
              4.883665665000024,
              51.41601139100004
            ],
            [
              4.899937438000052,
              51.41351992700004
            ],
            [
              4.911621080000032,
              51.404248841000026
            ],
            [
              4.916633857000022,
              51.40027115300006
            ],
            [
              4.914105526000071,
              51.39502387700003
            ],
            [
              4.920862953000039,
              51.39368792300007
            ],
            [
              4.927639358000022,
              51.39542462400004
            ],
            [
              4.941809612000043,
              51.405967614000076
            ],
            [
              4.963669268000046,
              51.42223169400006
            ],
            [
              4.990459705000035,
              51.43692422100003
            ],
            [
              5.001429502000065,
              51.44294032500005
            ],
            [
              5.010374136000053,
              51.45825205400007
            ],
            [
              5.009252147000041,
              51.46262640800006
            ],
            [
              5.008305393000057,
              51.46631756200003
            ],
            [
              5.016353434000052,
              51.47555891500008
            ],
            [
              5.022609268000053,
              51.48145804100005
            ],
            [
              5.036698250000029,
              51.48693196500005
            ],
            [
              5.039456545000064,
              51.485584817000074
            ],
            [
              5.039141140000027,
              51.48021323200004
            ],
            [
              5.039047006000033,
              51.47861006200003
            ],
            [
              5.049744013000065,
              51.47112307300006
            ],
            [
              5.06079716000005,
              51.47083785800004
            ],
            [
              5.079385100000025,
              51.47035821500003
            ],
            [
              5.102720321000049,
              51.43370547000006
            ],
            [
              5.102137094000057,
              51.42895604100005
            ],
            [
              5.096069095000075,
              51.42302286700004
            ],
            [
              5.094868940000026,
              51.42164257100006
            ],
            [
              5.093627831000049,
              51.42021458200003
            ],
            [
              5.091770912000072,
              51.41807765400006
            ],
            [
              5.088430656000071,
              51.41423398500007
            ],
            [
              5.084294791000048,
              51.40917536000006
            ],
            [
              5.076795196000035,
              51.40000149600007
            ],
            [
              5.072981970000058,
              51.39563808500003
            ],
            [
              5.071045140000024,
              51.39342085200008
            ],
            [
              5.084907839000039,
              51.38358911900008
            ],
            [
              5.115002737000054,
              51.36224515200007
            ],
            [
              5.131070070000021,
              51.34721966600006
            ],
            [
              5.132513399000061,
              51.333728561000044
            ],
            [
              5.13446456500003,
              51.31549060100008
            ],
            [
              5.162679369000045,
              51.31081328600004
            ],
            [
              5.174322278000034,
              51.31447249400003
            ],
            [
              5.204722222222222,
              51.32083333333334
            ],
            [
              5.210833333333333,
              51.30916666666666
            ],
            [
              4.948055555555555,
              51.25138888888889
            ],
            [
              4.976414982608122,
              51.2374800186826
            ],
            [
              5.003564248743348,
              51.22266110381241
            ],
            [
              5.029429649175113,
              51.206973036897644
            ],
            [
              5.05394123646305,
              51.19045906538782
            ],
            [
              5.077033009488187,
              51.17316466519375
            ],
            [
              5.098643088533798,
              51.155137408359636
            ],
            [
              5.1187138760550575,
              51.13642682523986
            ],
            [
              5.137192202796281,
              51.117084261656785
            ],
            [
              5.154029458988958,
              51.0971627315246
            ],
            [
              5.169181710436938,
              51.07671676543239
            ],
            [
              5.18260979936635,
              51.0558022556838
            ],
            [
              5.194279429986735,
              51.03447629829374
            ],
            [
              5.204161238775787,
              51.012797032442464
            ],
            [
              5.212230849562849,
              50.990823477886
            ],
            [
              5.218468913545361,
              50.96861537081801
            ],
            [
              5.22286113442759,
              50.94623299867261
            ],
            [
              5.225398278922017,
              50.92373703435066
            ],
            [
              5.226076172900394,
              50.90118837034275
            ],
            [
              5.224895683523733,
              50.87864795321238
            ],
            [
              5.221862687718296,
              50.85617661889121
            ],
            [
              5.216988027397859,
              50.833834929225205
            ],
            [
              5.21028745186139,
              50.81168301019777
            ],
            [
              5.201781547819745,
              50.78978039224073
            ],
            [
              5.191495657525219,
              50.76818585302937
            ],
            [
              5.179459785494049,
              50.74695726314216
            ],
            [
              5.165708494324244,
              50.726151434949166
            ],
            [
              5.15028079011996,
              50.70582397507766
            ],
            [
              5.133219998038931,
              50.68602914078573
            ],
            [
              5.114573628481825,
              50.66681970055908
            ],
            [
              5.094393234441817,
              50.64824679922857
            ],
            [
              5.072734260529685,
              50.63035982789
            ],
            [
              5.049655884184427,
              50.61320629889073
            ],
            [
              5.02522084957226,
              50.59683172613185
            ],
            [
              4.999495294668052,
              50.581279510917824
            ],
            [
              4.972548572003109,
              50.56659083357053
            ],
            [
              4.9444530635520945,
              50.552804551008585
            ],
            [
              4.91528399021993,
              50.53995710047802
            ],
            [
              4.885119216377103,
              50.528082409605396
            ],
            [
              4.854039049879168,
              50.51721181293051
            ],
            [
              4.822126037993517,
              50.50737397506109
            ],
            [
              4.789464759644134,
              50.49859482057906
            ],
            [
              4.756141614372917,
              50.49089747081414
            ],
            [
              4.7222446084048455,
              50.48430218758793
            ],
            [
              4.687863138193579,
              50.47882632401863
            ],
            [
              4.653087771814425,
              50.47448428246482
            ],
            [
              4.6180100285629715,
              50.47128747967419
            ],
            [
              4.582722157110288,
              50.4692443191913
            ],
            [
              4.547316912559423,
              50.468360171067424
            ],
            [
              4.511887332743179,
              50.468637358903194
            ],
            [
              4.476526514099791,
              50.470075154244086
            ],
            [
              4.441327387461225,
              50.472669778337355
            ],
            [
              4.406382494088485,
              50.47641441124761
            ],
            [
              4.37178376228934,
              50.4812992083171
            ],
            [
              4.337622284956542,
              50.48731132394561
            ],
            [
              4.303988098368592,
              50.494434942653264
            ],
            [
              4.27096996260057,
              50.50265131737805
            ],
            [
              4.238655143899308,
              50.511938814948365
            ],
            [
              4.207129199385173,
              50.52227296865858
            ],
            [
              4.176475764451901,
              50.533626537863924
            ],
            [
              4.1467763432460245,
              50.54596957449814
            ],
            [
              4.118110102618528,
              50.55926949640481
            ],
            [
              4.090553669952993,
              50.57349116736016
            ],
            [
              4.064180935286842,
              50.58859698365159
            ],
            [
              4.0390628581547805,
              50.60454696706258
            ],
            [
              4.0152672795963,
              50.621298864100076
            ],
            [
              3.9928587397816155,
              50.638808251286505
            ],
            [
              3.971898301722684,
              50.657028646322836
            ],
            [
              3.9524433815474813,
              50.67591162491472
            ],
            [
              3.9345475858264667,
              50.695406943037185
            ],
            [
              3.9182605564496655,
              50.71546266439838
            ],
            [
              3.9036278235608535,
              50.73602529284571
            ],
            [
              3.890690667061637,
              50.75703990944214
            ],
            [
              3.879485987202451,
              50.77845031392318
            ],
            [
              3.8700461847793846,
              50.800199170228794
            ],
            [
              3.8623990514549265,
              50.8222281557874
            ],
            [
              3.8565676707170455,
              50.84447811421292
            ],
            [
              3.8525703299840046,
              50.86688921105872
            ],
            [
              3.8504204443519274,
              50.88940109225659
            ],
            [
              3.8501264924679104,
              50.91195304485262
            ],
            [
              3.851691964993409,
              50.93448415963662
            ],
            [
              3.855115326100333,
              50.95693349524697
            ],
            [
              3.860389988415781,
              50.979240243318536
            ],
            [
              3.867504301800398,
              51.001343894228455
            ],
            [
              3.876441556309929,
              51.02318440298238
            ],
            [
              3.887179999649634,
              51.04470235477256
            ],
            [
              3.899692869386863,
              51.06583912973031
            ],
            [
              3.9139484401383373,
              51.086537066386455
            ],
            [
              3.9299100858956484,
              51.10673962334757
            ],
            [
              3.9475363575954674,
              51.12639153869071
            ],
            [
              3.966781075980099,
              51.14543898657689
            ],
            [
              3.9875934397296913,
              51.163829730582485
            ],
            [
              4.009918148780027,
              51.18151327324943
            ],
            [
              4.0336955426697685,
              51.198441001358546
            ],
            [
              4.0588617536887845,
              51.21456632643626
            ],
            [
              4.085348874525384,
              51.229844820013746
            ],
            [
              4.113085140035404,
              51.244234343167726
            ],
            [
              4.141995122680816,
              51.25769516988615
            ],
            [
              4.1719999411105775,
              51.27019010381733
            ],
            [
              4.203017481282303,
              51.2816845879797
            ],
            [
              4.234962629451034,
              51.29214680702985
            ],
            [
              4.267747516281277,
              51.3015477817101
            ],
            [
              4.301281771271523,
              51.30986145512166
            ],
            [
              4.335472786617259,
              51.31706477049765
            ],
            [
              4.370225989579683,
              51.32313774017964
            ],
            [
              4.405445122373573,
              51.328063505532874
            ],
            [
              4.441032528539733,
              51.331828387569075
            ],
            [
              4.476889444725448,
              51.334421928079855
            ],
            [
              4.512916296761205,
              51.335836921120645
            ],
            [
              4.549012998893652,
              51.33606943472161
            ],
            [
              4.585079255014006,
              51.335118822740604
            ],
            [
              4.621014860707837,
              51.33298772681137
            ],
            [
              4.6567200049467505,
              51.329682068379356
            ],
            [
              4.692095570244834,
              51.32521103085659
            ],
            [
              4.692222222222222,
              51.32555555555556
            ]
          ]
        ]
      }
    },
    {
      "type": "Feature",
      "id": "TRA/TSA37C",
      "properties": {
        "id": "TRA/TSA37C",
        "name": "TRA/TSA37C - WEELDE",
        "chapter": "ENR 5.2",
        "upperLimit": "FL095",
        "lowerLimit": "4500 AMSL⁽²⁾",
        "verticalLimits": "FL095 / 4500 AMSL⁽²⁾",
        "lateralLimits": "511811N 0044813E then a clockwise arc radius 8 NM centered on 512339N 0045733E - 512656N 0044553E - 512656N 0044926E along border BELGIUM_NETHERLANDS - 512656N 0050018E - 512656N 0050536E along border BELGIUM_NETHERLANDS - 511905N 0050803E then a clockwise arc radius 8 NM centered on 512339N 0045733E - 511546N 0045518E then a counter-clockwise arc radius 26 NM centered on 505408N 0043217E - 511811N 0044813E.",
        "restrictionOrHazard": "Air exercises and UAS flights (NATO Class III). Entry prohibited to non-participating aircraft.",
        "timeOfActivity": "HX⁽³⁾",
        "aipSource": "Belgium and Luxembourg AIP ENR 5.2",
        "aipPage": "ENR 5.2-16",
        "amendment": "AIRAC AMDT 007/2025",
        "effectiveDate": "10-JUL-2025",
        "aipNotes": [
          "(1) TRA/TSA37C requires simultaneous activation of TRA/TSA37A and TRA NA.",
          "(2) Highest usable Flight Level for paradrop is FL090.",
          "(3) Activation announced by NOTAM. Status of the area can be checked with Brussels FIC or Steenokkerzeel ATCC."
        ],
        "geometryNote": "Published AIP anchor points expanded along applicable national borders/coastline using full Eurostat GISCO 2024 1:1M boundary geometry.",
        "color": "#1E90FF",
        "colorSource": "AIM Belgium Brussels FIR Structure, 09 JUL 2026",
        "areaType": "military",
        "footnoteReferences": {
          "verticalLimits": [
            2
          ],
          "lowerLimit": [
            2
          ],
          "timeOfActivity": [
            3
          ]
        }
      },
      "geometry": {
        "type": "Polygon",
        "coordinates": [
          [
            [
              4.803611111111111,
              51.30305555555555
            ],
            [
              4.796347754731003,
              51.30814173913568
            ],
            [
              4.789508655560382,
              51.31345321592541
            ],
            [
              4.783111787482572,
              51.31897614337537
            ],
            [
              4.777173990048463,
              51.32469612278595
            ],
            [
              4.771710923570771,
              51.330598236267626
            ],
            [
              4.766737027060965,
              51.33666708509057
            ],
            [
              4.762265479129156,
              51.34288682933042
            ],
            [
              4.75830816196196,
              51.349241228713865
            ],
            [
              4.754875628487645,
              51.35571368456411
            ],
            [
              4.751977072831751,
              51.362287282742436
            ],
            [
              4.749620304159766,
              51.36894483747952
            ],
            [
              4.747811723996496,
              51.37566893598672
            ],
            [
              4.746556307104256,
              51.38244198373502
            ],
            [
              4.745857585994162,
              51.38924625028678
            ],
            [
              4.745717639136462,
              51.39606391556313
            ],
            [
              4.746137082927088,
              51.40287711642818
            ],
            [
              4.747115067458428,
              51.40966799346899
            ],
            [
              4.7486492761327455,
              51.41641873784949
            ],
            [
              4.750735929146724,
              51.42311163811499
            ],
            [
              4.753369790865225,
              51.429729126823396
            ],
            [
              4.7565441810917655,
              51.4362538268788
            ],
            [
              4.76025099023217,
              51.442668597443124
            ],
            [
              4.764480698336666,
              51.44895657930151
            ],
            [
              4.823888888888889,
              51.44888888888889
            ],
            [
              4.827026980000028,
              51.43048315200008
            ],
            [
              4.828057930000057,
              51.42289746900008
            ],
            [
              4.813327615000048,
              51.42600379100003
            ],
            [
              4.78548554300005,
              51.431875113000046
            ],
            [
              4.769907095000065,
              51.426435954000056
            ],
            [
              4.772964503000026,
              51.41545692700004
            ],
            [
              4.78789421700003,
              51.41000432300007
            ],
            [
              4.815579274000072,
              51.41243651600007
            ],
            [
              4.835521135000022,
              51.414188453000065
            ],
            [
              4.842900611000061,
              51.413305956000045
            ],
            [
              4.846174158000053,
              51.41291447900005
            ],
            [
              4.850039369000058,
              51.413533131000065
            ],
            [
              4.852512973000046,
              51.41392904700007
            ],
            [
              4.854186435000031,
              51.41366510200004
            ],
            [
              4.858392450000053,
              51.41300171200004
            ],
            [
              4.859726470000055,
              51.41139992800004
            ],
            [
              4.867408860000069,
              51.409118973000034
            ],
            [
              4.869729301000064,
              51.41309408300003
            ],
            [
              4.875732613000025,
              51.41435076000005
            ],
            [
              4.883665665000024,
              51.41601139100004
            ],
            [
              4.899937438000052,
              51.41351992700004
            ],
            [
              4.911621080000032,
              51.404248841000026
            ],
            [
              4.916633857000022,
              51.40027115300006
            ],
            [
              4.914105526000071,
              51.39502387700003
            ],
            [
              4.920862953000039,
              51.39368792300007
            ],
            [
              4.927639358000022,
              51.39542462400004
            ],
            [
              4.941809612000043,
              51.405967614000076
            ],
            [
              4.963669268000046,
              51.42223169400006
            ],
            [
              4.990459705000035,
              51.43692422100003
            ],
            [
              5.005,
              51.44888888888889
            ],
            [
              5.093333333333333,
              51.44888888888889
            ],
            [
              5.102137094000057,
              51.42895604100005
            ],
            [
              5.096069095000075,
              51.42302286700004
            ],
            [
              5.094868940000026,
              51.42164257100006
            ],
            [
              5.093627831000049,
              51.42021458200003
            ],
            [
              5.091770912000072,
              51.41807765400006
            ],
            [
              5.088430656000071,
              51.41423398500007
            ],
            [
              5.084294791000048,
              51.40917536000006
            ],
            [
              5.076795196000035,
              51.40000149600007
            ],
            [
              5.072981970000058,
              51.39563808500003
            ],
            [
              5.071045140000024,
              51.39342085200008
            ],
            [
              5.084907839000039,
              51.38358911900008
            ],
            [
              5.115002737000054,
              51.36224515200007
            ],
            [
              5.131070070000021,
              51.34721966600006
            ],
            [
              5.132513399000061,
              51.333728561000044
            ],
            [
              5.134166666666667,
              51.31805555555556
            ],
            [
              5.1276123472029,
              51.312500218899736
            ],
            [
              5.120607939361175,
              51.307164198520134
            ],
            [
              5.113172309143774,
              51.30206174986969
            ],
            [
              5.105325454598969,
              51.297206499774674
            ],
            [
              5.097088451873276,
              51.29261141068424
            ],
            [
              5.088483398649956,
              51.28828874670724
            ],
            [
              5.079533355124566,
              51.284250041518554
            ],
            [
              5.070262282672114,
              51.28050606821188
            ],
            [
              5.060694980363617,
              51.27706681117144
            ],
            [
              5.050857019492906,
              51.2739414400295
            ],
            [
              5.040774676277151,
              51.27113828577133
            ],
            [
              5.030474862896932,
              51.26866481904432
            ],
            [
              5.019985057043763,
              51.26652763072215
            ],
            [
              5.009333230144761,
              51.264732414769604
            ],
            [
              4.998547774435736,
              51.26328395344805
            ],
            [
              4.987657429055231,
              51.26218610489632
            ],
            [
              4.976691205333198,
              51.26144179311552
            ],
            [
              4.965678311448828,
              51.26105300038138
            ],
            [
              4.954648076632748,
              51.26102076210155
            ],
            [
              4.943629875089274,
              51.26134516412975
            ],
            [
              4.932653049814707,
              51.26202534254311
            ],
            [
              4.921746836487764,
              51.26305948588311
            ],
            [
              4.951055707700258,
              51.24970219199332
            ],
            [
              4.979301043336364,
              51.23568061473864
            ],
            [
              5.006325575733191,
              51.22075186029316
            ],
            [
              5.032055799944132,
              51.20495721464384
            ],
            [
              5.056422005862554,
              51.188340314147965
            ],
            [
              5.0793584666195635,
              51.1709470177974
            ],
            [
              5.100803612948005,
              51.15282527353846
            ],
            [
              5.120700193101897,
              51.13402497911616
            ],
            [
              5.138995417996131,
              51.114597837923576
            ],
            [
              5.155641091306318,
              51.09459721034643
            ],
            [
              5.170593724342158,
              51.074077961100045
            ],
            [
              5.183814635579299,
              51.05309630306051
            ],
            [
              5.195270034803804,
              51.03170963809414
            ],
            [
              5.204931091889439,
              51.00997639538941
            ],
            [
              5.212773990290853,
              50.9879558677936
            ],
            [
              5.218779965394788,
              50.96570804665243
            ],
            [
              5.222935327926589,
              50.943293455645076
            ],
            [
              5.225231472660166,
              50.92077298409952
            ],
            [
              5.225664872726103,
              50.898207720264075
            ],
            [
              5.224237059854617,
              50.87565878500047
            ],
            [
              5.22095459092762,
              50.85318716635218
            ],
            [
              5.215829001247042,
              50.830853555428575
            ],
            [
              5.208876744955162,
              50.80871818403224
            ],
            [
              5.200119123066718,
              50.786840664441506
            ],
            [
              5.189582199592537,
              50.765279831745275
            ],
            [
              5.177296706250195,
              50.74409358911163
            ],
            [
              5.163297936269203,
              50.72333875635467
            ],
            [
              5.147625627806583,
              50.70307092214852
            ],
            [
              5.130323837493688,
              50.68334430021951
            ],
            [
              5.111440804637007,
              50.66421158983173
            ],
            [
              5.091028806594853,
              50.645723840863646
            ],
            [
              5.069144005848421,
              50.62793032375672
            ],
            [
              5.045846289280131,
              50.61087840460076
            ],
            [
              5.021199100164679,
              50.5946134256038
            ],
            [
              4.995269263369201,
              50.57917859117829
            ],
            [
              4.9681268042485165,
              50.56461485985974
            ],
            [
              4.939844761710124,
              50.55096084225799
            ],
            [
              4.910498995911461,
              50.538252705226455
            ],
            [
              4.880167991039419,
              50.52652408241955
            ],
            [
              4.848932653609295,
              50.51580599139432
            ],
            [
              4.816876106707676,
              50.50612675739818
            ],
            [
              4.784083480591199,
              50.49751194397071
            ],
            [
              4.750641700041144,
              50.48998429047449
            ],
            [
              4.71663926886243,
              50.483563656656806
            ],
            [
              4.682166051904996,
              50.478266974331234
            ],
            [
              4.647313054975971,
              50.474108206256005
            ],
            [
              4.612172203002521,
              50.47109831227379
            ],
            [
              4.576836116798009,
              50.4692452227656
            ],
            [
              4.541397888778105,
              50.46855381946001
            ],
            [
              4.505950857968913,
              50.46902592362709
            ],
            [
              4.470588384646052,
              50.47066029167527
            ],
            [
              4.435403624941979,
              50.47345261815776
            ],
            [
              4.400489305758688,
              50.477395546184056
            ],
            [
              4.3659375003243,
              50.48247868522051
            ],
            [
              4.331839404734908,
              50.48868863625253
            ],
            [
              4.298285115827349,
              50.496009024269625
            ],
            [
              4.265363410734299,
              50.50442053802273
            ],
            [
              4.233161528480117,
              50.51390097699131
            ],
            [
              4.201764953984149,
              50.52442530548586
            ],
            [
              4.171257204847596,
              50.5359657137991
            ],
            [
              4.1417196213104415,
              50.54849168630616
            ],
            [
              4.113231159776198,
              50.56197007640172
            ],
            [
              4.085868190314129,
              50.57636518814836
            ],
            [
              4.059704298561022,
              50.5916388644968
            ],
            [
              4.034810092457322,
              50.60775058192506
            ],
            [
              4.011253014265188,
              50.624657551328596
            ],
            [
              3.9890971583286707,
              50.6423148249793
            ],
            [
              3.9684030950484197,
              50.66067540935578
            ],
            [
              3.9492277015548423,
              50.67969038363193
            ],
            [
              3.9316239995742337,
              50.69930902359497
            ],
            [
              3.9156410009917115,
              50.71947893074815
            ],
            [
              3.9013235616225983,
              50.740146166336714
            ],
            [
              3.8887122437098496,
              50.76125539001903
            ],
            [
              3.8778431876689576,
              50.782750002888605
            ],
            [
              3.8687479936031175,
              50.80457229453501
            ],
            [
              3.861453613110104,
              50.82666359381553
            ],
            [
              3.8559822518979003,
              50.84896442299227
            ],
            [
              3.852351283718419,
              50.87141465487287
            ],
            [
              3.8505731761173982,
              50.89395367257671
            ],
            [
              3.850655428483451,
              50.91652053153236
            ],
            [
              3.852600522860164,
              50.93905412329715
            ],
            [
              3.856405887961815,
              50.9614933407739
            ],
            [
              3.8620638768056335,
              50.9837772443873
            ],
            [
              3.869561758341372,
              51.00584522876811
            ],
            [
              3.878881723422344,
              51.02763718948221
            ],
            [
              3.890000905420874,
              51.04909368933035
            ],
            [
              3.902891415745422,
              51.07015612373538
            ],
            [
              3.917520394466591,
              51.09076688472581
            ],
            [
              3.9338500762048447,
              51.110869523018295
            ],
            [
              3.951837871374428,
              51.130408907697586
            ],
            [
              3.9714364628158574,
              51.14933138298986
            ],
            [
              3.9925939177837524,
              51.16758492162512
            ],
            [
              4.015253815188243,
              51.18511927428633
            ],
            [
              4.0393553879169986,
              51.201886114647095
            ],
            [
              4.064833679991711,
              51.2178391795061
            ],
            [
              4.0916197182381175,
              51.23293440353571
            ],
            [
              4.119640698073046,
              51.247130048173695
            ],
            [
              4.1488201829360145,
              51.260386824200594
            ],
            [
              4.1790783168175185,
              51.27266800756234
            ],
            [
              4.210332049261693,
              51.283939548016356
            ],
            [
              4.242495372148573,
              51.29417017020104
            ],
            [
              4.275479567491141,
              51.303331466752326
            ],
            [
              4.309193465415616,
              51.31139798311713
            ],
            [
              4.343543711430669,
              51.31834729374204
            ],
            [
              4.378435042033066,
              51.32416006934581
            ],
            [
              4.41377056764428,
              51.328820135016414
            ],
            [
              4.449452061825576,
              51.33231451890778
            ],
            [
              4.485380255678236,
              51.33463349134617
            ],
            [
              4.52145513630177,
              51.3357705941934
            ],
            [
              4.557576248156082,
              51.33572266035152
            ],
            [
              4.593642996154479,
              51.33448982333237
            ],
            [
              4.629554949302794,
              51.332075516854076
            ],
            [
              4.665212143696355,
              51.32848646446618
            ],
            [
              4.700515383690711,
              51.32373265924444
            ],
            [
              4.735366540074268,
              51.31782733363484
            ],
            [
              4.769668844090694,
              51.31078691956551
            ],
            [
              4.803327176186424,
              51.30263099898235
            ],
            [
              4.803611111111111,
              51.30305555555555
            ]
          ]
        ]
      }
    },
    {
      "type": "Feature",
      "id": "ELTSA3",
      "properties": {
        "id": "ELTSA3",
        "name": "ELTSA3 - HOFFELT",
        "chapter": "ENR 5.2",
        "upperLimit": "3500FT AMSL",
        "lowerLimit": "GND",
        "verticalLimits": "3500FT AMSL / GND",
        "lateralLimits": "A circle, 1NM radius, centred on 500515N0055444E.",
        "restrictionOrHazard": "RPAS flights.",
        "timeOfActivity": "HX ⁽¹⁾",
        "aipSource": "Belgium and Luxembourg AIP ENR 5.2",
        "aipPage": "ENR 5.2-16",
        "amendment": "AIRAC AMDT 007/2025",
        "effectiveDate": "10-JUL-2025",
        "aipNotes": [
          "(1) Activated by NOTAM"
        ],
        "geometryNote": "Circle sampled every 5 degrees from the published centre and radius.",
        "color": null,
        "colorNote": "No matching colour classification identified on the Brussels FIR Structure chart.",
        "areaType": "military",
        "footnoteReferences": {
          "timeOfActivity": [
            1
          ]
        }
      },
      "geometry": {
        "type": "Polygon",
        "coordinates": [
          [
            [
              5.912222222222223,
              50.10415541313619
            ],
            [
              5.914485437940124,
              50.10409201226856
            ],
            [
              5.916731411363521,
              50.10390229268584
            ],
            [
              5.918943031965468,
              50.10358769975717
            ],
            [
              5.92110345173474,
              50.10315063015526
            ],
            [
              5.92319621389349,
              50.102594413542285
            ],
            [
              5.925205378589729,
              50.101923287128784
            ],
            [
              5.92711564459442,
              50.10114236330218
            ],
            [
              5.928912466065291,
              50.10025759057515
            ],
            [
              5.930582163479226,
              50.09927570815533
            ],
            [
              5.932112027882,
              50.09820419448699
            ],
            [
              5.933490417657698,
              50.097051210161396
            ],
            [
              5.934706847079981,
              50.095825535635754
            ],
            [
              5.935752065972755,
              50.094536504239905
            ],
            [
              5.936618129878376,
              50.09319393098575
            ],
            [
              5.937298460206394,
              50.0918080377263
            ],
            [
              5.937787893914696,
              50.090389375237784
            ],
            [
              5.938082722356662,
              50.08894874282206
            ],
            [
              5.938180719012342,
              50.087497106043834
            ],
            [
              5.9380811559076045,
              50.0860455132313
            ],
            [
              5.937784808612321,
              50.084605011376766
            ],
            [
              5.93729394979601,
              50.083186562077906
            ],
            [
              5.936612331406462,
              50.08180095815892
            ],
            [
              5.935745155622881,
              50.080458741604595
            ],
            [
              5.934699034819564,
              50.07917012342977
            ],
            [
              5.933481940858263,
              50.07794490609087
            ],
            [
              5.932103144106765,
              50.076792409026346
            ],
            [
              5.930573142657184,
              50.07572139788821
            ],
            [
              5.928903582289553,
              50.074740017998614
            ],
            [
              5.92710716779404,
              50.07385573253271
            ],
            [
              5.92519756632804,
              50.07307526589292
            ],
            [
              5.923189303542168,
              50.072404552700554
            ],
            [
              5.921097653261377,
              50.071848692787505
            ],
            [
              5.91893852155381,
              50.07141191252617
            ],
            [
              5.916728326060201,
              50.07109753278724
            ],
            [
              5.914483871490564,
              50.070907943765754
            ],
            [
              5.912222222222223,
              50.070844586863835
            ],
            [
              5.9099605729538816,
              50.070907943765754
            ],
            [
              5.907716118384244,
              50.07109753278724
            ],
            [
              5.905505922890636,
              50.07141191252617
            ],
            [
              5.903346791183068,
              50.071848692787505
            ],
            [
              5.901255140902278,
              50.072404552700554
            ],
            [
              5.899246878116405,
              50.07307526589292
            ],
            [
              5.897337276650405,
              50.07385573253271
            ],
            [
              5.895540862154893,
              50.074740017998614
            ],
            [
              5.893871301787263,
              50.07572139788821
            ],
            [
              5.89234130033768,
              50.076792409026346
            ],
            [
              5.890962503586183,
              50.07794490609087
            ],
            [
              5.889745409624881,
              50.07917012342977
            ],
            [
              5.888699288821565,
              50.080458741604595
            ],
            [
              5.887832113037984,
              50.08180095815892
            ],
            [
              5.887150494648435,
              50.083186562077906
            ],
            [
              5.8866596358321255,
              50.084605011376766
            ],
            [
              5.886363288536841,
              50.0860455132313
            ],
            [
              5.886263725432103,
              50.087497106043834
            ],
            [
              5.886361722087784,
              50.08894874282206
            ],
            [
              5.88665655052975,
              50.090389375237784
            ],
            [
              5.887145984238051,
              50.0918080377263
            ],
            [
              5.8878263145660705,
              50.09319393098575
            ],
            [
              5.88869237847169,
              50.094536504239905
            ],
            [
              5.889737597364466,
              50.095825535635754
            ],
            [
              5.890954026786748,
              50.097051210161396
            ],
            [
              5.8923324165624456,
              50.09820419448699
            ],
            [
              5.8938622809652195,
              50.09927570815533
            ],
            [
              5.895531978379155,
              50.10025759057515
            ],
            [
              5.897328799850025,
              50.10114236330218
            ],
            [
              5.899239065854716,
              50.101923287128784
            ],
            [
              5.901248230550956,
              50.102594413542285
            ],
            [
              5.9033409927097065,
              50.10315063015526
            ],
            [
              5.905501412478977,
              50.10358769975717
            ],
            [
              5.907713033080924,
              50.10390229268584
            ],
            [
              5.909959006504321,
              50.10409201226856
            ],
            [
              5.912222222222223,
              50.10415541313619
            ]
          ]
        ]
      }
    },
    {
      "type": "Feature",
      "id": "ELTSA4",
      "properties": {
        "id": "ELTSA4",
        "name": "ELTSA4 - WEILER",
        "chapter": "ENR 5.2",
        "upperLimit": "3500FT AMSL",
        "lowerLimit": "GND",
        "verticalLimits": "3500FT AMSL / GND",
        "lateralLimits": "A circle, 1NM radius, centred on 500629N0055747E.",
        "restrictionOrHazard": "RPAS flights.",
        "timeOfActivity": "HX ⁽¹⁾",
        "aipSource": "Belgium and Luxembourg AIP ENR 5.2",
        "aipPage": "ENR 5.2-16",
        "amendment": "AIRAC AMDT 007/2025",
        "effectiveDate": "10-JUL-2025",
        "aipNotes": [
          "(1) Activated by NOTAM"
        ],
        "geometryNote": "Circle sampled every 5 degrees from the published centre and radius.",
        "color": null,
        "colorNote": "No matching colour classification identified on the Brussels FIR Structure chart.",
        "areaType": "military",
        "footnoteReferences": {
          "timeOfActivity": [
            1
          ]
        }
      },
      "geometry": {
        "type": "Polygon",
        "coordinates": [
          [
            [
              5.963055555555556,
              50.124710968691744
            ],
            [
              5.965319743065702,
              50.12464756780807
            ],
            [
              5.967566680864718,
              50.1244578481777
            ],
            [
              5.969779251066105,
              50.12414325517124
            ],
            [
              5.971940598412783,
              50.12370618546376
            ],
            [
              5.97403425905047,
              50.12314996872065
            ],
            [
              5.976044286274522,
              50.122478842156376
            ],
            [
              5.9779553722796415,
              50.12169791816298
            ],
            [
              5.979752964974093,
              50.1208131452582
            ],
            [
              5.981423378959929,
              50.119831262655076
            ],
            [
              5.982953899827588,
              50.11875974880345
            ],
            [
              5.984332880966897,
              50.11760676430017
            ],
            [
              5.98554983215628,
              50.11638108960783
            ],
            [
              5.986595499257485,
              50.11509205806133
            ],
            [
              5.987461934413659,
              50.11374948467717
            ],
            [
              5.9881425562236155,
              50.11236359131231
            ],
            [
              5.988632199443908,
              50.110944928746164
            ],
            [
              5.9889271538522255,
              50.10950429628294
            ],
            [
              5.9890251919899935,
              50.10805265948881
            ],
            [
              5.988925585588049,
              50.10660106669244
            ],
            [
              5.988629110566444,
              50.10516056488563
            ],
            [
              5.988138040586803,
              50.103742115664616
            ],
            [
              5.987456129222778,
              50.102356511851234
            ],
            [
              5.986588580900257,
              50.10101429542704
            ],
            [
              5.9855420108434245,
              50.09972567740294
            ],
            [
              5.984324394344989,
              50.098500460230774
            ],
            [
              5.982945005758297,
              50.097347963343914
            ],
            [
              5.981414347685027,
              50.09627695238899
            ],
            [
              5.979744070904298,
              50.095295572682595
            ],
            [
              5.977946885656786,
              50.09441128739429
            ],
            [
              5.97603646496039,
              50.09363082092114
            ],
            [
              5.974027340691791,
              50.09296010787937
            ],
            [
              5.971934793220451,
              50.09240424809633
            ],
            [
              5.9697747354280155,
              50.09196746794043
            ],
            [
              5.967563591986308,
              50.091653088279195
            ],
            [
              5.9653181748010216,
              50.091463499305284
            ],
            [
              5.963055555555556,
              50.091400142419374
            ],
            [
              5.960792936310091,
              50.091463499305284
            ],
            [
              5.958547519124805,
              50.091653088279195
            ],
            [
              5.956336375683097,
              50.09196746794043
            ],
            [
              5.954176317890662,
              50.09240424809633
            ],
            [
              5.952083770419322,
              50.09296010787937
            ],
            [
              5.950074646150722,
              50.09363082092114
            ],
            [
              5.9481642254543265,
              50.09441128739429
            ],
            [
              5.946367040206815,
              50.095295572682595
            ],
            [
              5.944696763426085,
              50.09627695238899
            ],
            [
              5.943166105352816,
              50.097347963343914
            ],
            [
              5.941786716766124,
              50.098500460230774
            ],
            [
              5.940569100267688,
              50.09972567740294
            ],
            [
              5.939522530210856,
              50.10101429542704
            ],
            [
              5.938654981888335,
              50.102356511851234
            ],
            [
              5.9379730705243094,
              50.103742115664616
            ],
            [
              5.9374820005446685,
              50.10516056488563
            ],
            [
              5.937185525523064,
              50.10660106669244
            ],
            [
              5.937085919121119,
              50.10805265948881
            ],
            [
              5.937183957258887,
              50.10950429628294
            ],
            [
              5.937478911667205,
              50.110944928746164
            ],
            [
              5.937968554887497,
              50.11236359131231
            ],
            [
              5.938649176697454,
              50.11374948467717
            ],
            [
              5.939515611853628,
              50.11509205806133
            ],
            [
              5.940561278954833,
              50.11638108960783
            ],
            [
              5.941778230144216,
              50.11760676430017
            ],
            [
              5.943157211283525,
              50.11875974880345
            ],
            [
              5.944687732151183,
              50.119831262655076
            ],
            [
              5.94635814613702,
              50.1208131452582
            ],
            [
              5.948155738831471,
              50.12169791816298
            ],
            [
              5.950066824836591,
              50.122478842156376
            ],
            [
              5.952076852060643,
              50.12314996872065
            ],
            [
              5.9541705126983295,
              50.12370618546376
            ],
            [
              5.956331860045008,
              50.12414325517124
            ],
            [
              5.958544430246395,
              50.1244578481777
            ],
            [
              5.9607913680454105,
              50.12464756780807
            ],
            [
              5.963055555555556,
              50.124710968691744
            ]
          ]
        ]
      }
    },
    {
      "type": "Feature",
      "id": "ELTSA5",
      "properties": {
        "id": "ELTSA5",
        "name": "ELTSA5 - WEISWAMPACH",
        "chapter": "ENR 5.2",
        "upperLimit": "3500FT AMSL",
        "lowerLimit": "GND",
        "verticalLimits": "3500FT AMSL / GND",
        "lateralLimits": "A circle, 1NM radius, centred on 500804N0060233E.",
        "restrictionOrHazard": "RPAS flights.",
        "timeOfActivity": "HX ⁽¹⁾",
        "aipSource": "Belgium and Luxembourg AIP ENR 5.2",
        "aipPage": "ENR 5.2-16",
        "amendment": "AIRAC AMDT 007/2025",
        "effectiveDate": "10-JUL-2025",
        "aipNotes": [
          "(1) Activated by NOTAM"
        ],
        "geometryNote": "Circle sampled every 5 degrees from the published centre and radius.",
        "color": null,
        "colorNote": "No matching colour classification identified on the Brussels FIR Structure chart.",
        "areaType": "military",
        "footnoteReferences": {
          "timeOfActivity": [
            1
          ]
        }
      },
      "geometry": {
        "type": "Polygon",
        "coordinates": [
          [
            [
              6.0424999999999995,
              50.151099857580625
            ],
            [
              6.044765436733008,
              50.15103645667634
            ],
            [
              6.047013614220925,
              50.150846736984754
            ],
            [
              6.04922740511666,
              50.15053214387832
            ],
            [
              6.0513899448486965,
              50.15009507403518
            ],
            [
              6.053484760466097,
              50.14953885712481
            ],
            [
              6.055495896455246,
              50.14886773036681
            ],
            [
              6.0574080365571605,
              50.14808680615908
            ],
            [
              6.059206620646525,
              50.14720203302588
            ],
            [
              6.0608779557733845,
              50.146220150187204
            ],
            [
              6.0624093205154415,
              50.14514863610005
            ],
            [
              6.063789061842486,
              50.143995651368435
            ],
            [
              6.065006683754398,
              50.142769976461885
            ],
            [
              6.0660529270196415,
              50.1414809447218
            ],
            [
              6.066919839411752,
              50.140138371170586
            ],
            [
              6.067600835916394,
              50.138752477670245
            ],
            [
              6.0680907484603575,
              50.13733381500434
            ],
            [
              6.0683858647958235,
              50.1358931824801
            ],
            [
              6.068483956257642,
              50.13444154566553
            ],
            [
              6.068384294197405,
              50.13298995288992
            ],
            [
              6.068087654985335,
              50.131549451144444
            ],
            [
              6.0675963135584,
              50.130131002023475
            ],
            [
              6.066914025580285,
              50.128745398345785
            ],
            [
              6.066045998364965,
              50.12740318208882
            ],
            [
              6.064998850800112,
              50.1261145642584
            ],
            [
              6.063780562588884,
              50.12488934730048
            ],
            [
              6.062400413208002,
              50.12373685064194
            ],
            [
              6.060868911056113,
              50.12266583992246
            ],
            [
              6.05919771333858,
              50.121684460451476
            ],
            [
              6.05739953730261,
              50.12080017539141
            ],
            [
              6.05548806349968,
              50.12001970913239
            ],
            [
              6.053477831809966,
              50.11934899628415
            ],
            [
              6.051384131015775,
              50.11879313666815
            ],
            [
              6.049222882757385,
              50.11835635664776
            ],
            [
              6.047010520744953,
              50.11804197708635
            ],
            [
              6.044763866134084,
              50.11785238817358
            ],
            [
              6.0424999999999995,
              50.11778903130826
            ],
            [
              6.040236133865915,
              50.11785238817358
            ],
            [
              6.037989479255046,
              50.11804197708635
            ],
            [
              6.035777117242614,
              50.11835635664776
            ],
            [
              6.033615868984224,
              50.11879313666815
            ],
            [
              6.031522168190033,
              50.11934899628415
            ],
            [
              6.029511936500319,
              50.12001970913239
            ],
            [
              6.027600462697389,
              50.12080017539141
            ],
            [
              6.025802286661419,
              50.121684460451476
            ],
            [
              6.024131088943885,
              50.12266583992246
            ],
            [
              6.022599586791997,
              50.12373685064194
            ],
            [
              6.021219437411115,
              50.12488934730048
            ],
            [
              6.020001149199887,
              50.1261145642584
            ],
            [
              6.018954001635033,
              50.12740318208882
            ],
            [
              6.018085974419713,
              50.128745398345785
            ],
            [
              6.017403686441599,
              50.130131002023475
            ],
            [
              6.016912345014664,
              50.131549451144444
            ],
            [
              6.016615705802594,
              50.13298995288992
            ],
            [
              6.0165160437423575,
              50.13444154566553
            ],
            [
              6.0166141352041755,
              50.1358931824801
            ],
            [
              6.016909251539642,
              50.13733381500434
            ],
            [
              6.017399164083605,
              50.138752477670245
            ],
            [
              6.018080160588246,
              50.140138371170586
            ],
            [
              6.018947072980357,
              50.1414809447218
            ],
            [
              6.019993316245601,
              50.142769976461885
            ],
            [
              6.021210938157513,
              50.143995651368435
            ],
            [
              6.022590679484558,
              50.14514863610005
            ],
            [
              6.024122044226615,
              50.146220150187204
            ],
            [
              6.025793379353474,
              50.14720203302588
            ],
            [
              6.027591963442838,
              50.14808680615908
            ],
            [
              6.0295041035447525,
              50.14886773036681
            ],
            [
              6.031515239533902,
              50.14953885712481
            ],
            [
              6.0336100551513026,
              50.15009507403518
            ],
            [
              6.035772594883339,
              50.15053214387832
            ],
            [
              6.037986385779074,
              50.150846736984754
            ],
            [
              6.04023456326699,
              50.15103645667634
            ],
            [
              6.0424999999999995,
              50.151099857580625
            ]
          ]
        ]
      }
    },
    {
      "type": "Feature",
      "id": "ELTSA6 – DIEKIRCH NORTH",
      "properties": {
        "id": "ELTSA6 – DIEKIRCH NORTH",
        "name": "ELTSA6 – DIEKIRCH NORTH",
        "chapter": "ENR 5.2",
        "upperLimit": "3000FT AMSL",
        "lowerLimit": "GND",
        "verticalLimits": "3000FT AMSL / GND",
        "lateralLimits": "495644N0060433E - 495752N0061003E - 495451N0061158E - 495341N0060625E - 495644N0060433E.",
        "restrictionOrHazard": "RPAS flights.",
        "timeOfActivity": "HX ⁽¹⁾",
        "aipSource": "Belgium and Luxembourg AIP ENR 5.2",
        "aipPage": "ENR 5.2-16",
        "amendment": "AIRAC AMDT 007/2025",
        "effectiveDate": "10-JUL-2025",
        "aipNotes": [
          "(1) Activated by NOTAM"
        ],
        "color": null,
        "colorNote": "No matching colour classification identified on the Brussels FIR Structure chart.",
        "areaType": "military",
        "footnoteReferences": {
          "timeOfActivity": [
            1
          ]
        }
      },
      "geometry": {
        "type": "Polygon",
        "coordinates": [
          [
            [
              6.075833333333333,
              49.94555555555555
            ],
            [
              6.1675,
              49.964444444444446
            ],
            [
              6.1994444444444445,
              49.91416666666667
            ],
            [
              6.106944444444444,
              49.89472222222222
            ],
            [
              6.075833333333333,
              49.94555555555555
            ]
          ]
        ]
      }
    },
    {
      "type": "Feature",
      "id": "ELTSA7 – DIEKIRCH SOUTH",
      "properties": {
        "id": "ELTSA7 – DIEKIRCH SOUTH",
        "name": "ELTSA7 – DIEKIRCH SOUTH",
        "chapter": "ENR 5.2",
        "upperLimit": "3000FT AMSL",
        "lowerLimit": "GND",
        "verticalLimits": "3000FT AMSL / GND",
        "lateralLimits": "495341N0060625E - 495451N0061158E - 495203N0061142E - 495115N0060756E - 495341N0060625E.",
        "restrictionOrHazard": "RPAS flights.",
        "timeOfActivity": "HX ⁽¹⁾",
        "aipSource": "Belgium and Luxembourg AIP ENR 5.2",
        "aipPage": "ENR 5.2-16",
        "amendment": "AIRAC AMDT 007/2025",
        "effectiveDate": "10-JUL-2025",
        "aipNotes": [
          "(1) Activated by NOTAM"
        ],
        "color": null,
        "colorNote": "No matching colour classification identified on the Brussels FIR Structure chart.",
        "areaType": "military",
        "footnoteReferences": {
          "timeOfActivity": [
            1
          ]
        }
      },
      "geometry": {
        "type": "Polygon",
        "coordinates": [
          [
            [
              6.106944444444444,
              49.89472222222222
            ],
            [
              6.1994444444444445,
              49.91416666666667
            ],
            [
              6.195,
              49.8675
            ],
            [
              6.132222222222222,
              49.85416666666667
            ],
            [
              6.106944444444444,
              49.89472222222222
            ]
          ]
        ]
      }
    },
    {
      "type": "Feature",
      "id": "HTA01",
      "properties": {
        "id": "HTA01",
        "name": "HTA01 - ARDENNES 01",
        "chapter": "ENR 5.2",
        "upperLimit": "250FT AGL",
        "lowerLimit": "GND",
        "verticalLimits": "250FT AGL / GND",
        "lateralLimits": "502240N 0045228E - 502057N 0045113E - 501918N 0045328E - 501320N 0045527E - 501603N 0050204E - 501715N 0050528E - 501536N 0050755E - 501457N 0051552E - 501222N 0051905E - 501317N 0052037E - 502635N 0052036E - 503001N 0052335E then a clockwise arc radius 5 NM centered on 503447N 0052110E - 503057N 0051606E then a clockwise arc radius 1 NM centered on 503157N 0051556E - 503136N 0051428E - 502935N 0050415E - 502804N 0045453E - 502730N 0045125E - 502240N 0045228E.⁽¹⁾",
        "restrictionOrHazard": "Low level flights.",
        "timeOfActivity": "HX ⁽²⁾",
        "aipSource": "Belgium and Luxembourg AIP ENR 5.2",
        "aipPage": "ENR 5.2-22",
        "amendment": "AIRAC AMDT 004/2026",
        "effectiveDate": "16-APR-2026",
        "aipNotes": [
          "(1) TSA34A excl when active.",
          "(2) Activated by NOTAM (not later than 1500",
          "(1400) the day before activation). May be activated MON to FRI (HOL excl), 0700-2300 (0600- 2200)."
        ],
        "color": "#CD853F",
        "colorSource": "AIM Belgium Brussels FIR Structure, 09 JUL 2026",
        "areaType": "military",
        "footnoteReferences": {
          "lateralLimits": [
            1
          ],
          "timeOfActivity": [
            2
          ]
        }
      },
      "geometry": {
        "type": "Polygon",
        "coordinates": [
          [
            [
              4.874444444444445,
              50.37777777777778
            ],
            [
              4.85361111111111,
              50.34916666666667
            ],
            [
              4.891111111111111,
              50.32166666666667
            ],
            [
              4.924166666666667,
              50.22222222222222
            ],
            [
              5.0344444444444445,
              50.2675
            ],
            [
              5.091111111111111,
              50.2875
            ],
            [
              5.131944444444444,
              50.26
            ],
            [
              5.264444444444444,
              50.24916666666667
            ],
            [
              5.3180555555555555,
              50.20611111111111
            ],
            [
              5.343611111111111,
              50.22138888888889
            ],
            [
              5.343333333333333,
              50.44305555555555
            ],
            [
              5.393055555555556,
              50.500277777777775
            ],
            [
              5.386692014351968,
              50.499086599969274
            ],
            [
              5.380242249793208,
              50.498101144098236
            ],
            [
              5.373722664084479,
              50.49732391551581
            ],
            [
              5.3671498341699015,
              50.496756890081166
            ],
            [
              5.360540470219533,
              50.49640150921686
            ],
            [
              5.353911373804482,
              50.49625867630221
            ],
            [
              5.347279395858154,
              50.49632875441325
            ],
            [
              5.340661394522073,
              50.49661156541438
            ],
            [
              5.334074192974826,
              50.497106390404085
            ],
            [
              5.327534537342785,
              50.497811971513364
            ],
            [
              5.321059054791075,
              50.49872651505292
            ],
            [
              5.314664211892988,
              50.49984769600169
            ],
            [
              5.308366273375563,
              50.50117266382598
            ],
            [
              5.302181261338454,
              50.502698049616036
            ],
            [
              5.296124915042391,
              50.504419974522705
            ],
            [
              5.290212651362601,
              50.506334059474824
            ],
            [
              5.284459526001419,
              50.50843543615431
            ],
            [
              5.278880195553036,
              50.51071875920293
            ],
            [
              5.273488880511816,
              50.513178219632245
            ],
            [
              5.268299329314021,
              50.51580755940452
            ],
            [
              5.267002224545005,
              50.51576528849519
            ],
            [
              5.265667406246494,
              50.51574018480109
            ],
            [
              5.26433230114387,
              50.51575808662125
            ],
            [
              5.263000332676272,
              50.5158189480523
            ],
            [
              5.261674916265607,
              50.51592261303473
            ],
            [
              5.260359450586482,
              50.51606881575172
            ],
            [
              5.259057308878399,
              50.516257181308575
            ],
            [
              5.25777183032213,
              50.51648722669107
            ],
            [
              5.2565063115020765,
              50.516758362000076
            ],
            [
              5.255263997976144,
              50.51706989195968
            ],
            [
              5.254048075974487,
              50.51742101769462
            ],
            [
              5.252861664248096,
              50.51781083877287
            ],
            [
              5.251707806087884,
              50.51823835550799
            ],
            [
              5.250589461534509,
              50.518702471515496
            ],
            [
              5.249509499798698,
              50.519201996516905
            ],
            [
              5.248470691911345,
              50.519735649384145
            ],
            [
              5.2474757036221025,
              50.52030206141678
            ],
            [
              5.246527088564551,
              50.5208997798437
            ],
            [
              5.24562728170544,
              50.521527271540464
            ],
            [
              5.24477859309476,
              50.52218292695275
            ],
            [
              5.243983201932665,
              50.522865064216106
            ],
            [
              5.243243150968542,
              50.523571933461454
            ],
            [
              5.2425603412466595,
              50.524301721295416
            ],
            [
              5.2419365272119816,
              50.525052555444226
            ],
            [
              5.241373312188883,
              50.52582250954912
            ],
            [
              5.240872144244533,
              50.52660960810132
            ],
            [
              5.070833333333333,
              50.49305555555556
            ],
            [
              4.914722222222222,
              50.467777777777776
            ],
            [
              4.856944444444444,
              50.458333333333336
            ],
            [
              4.874444444444445,
              50.37777777777778
            ]
          ]
        ]
      }
    },
    {
      "type": "Feature",
      "id": "HTA02",
      "properties": {
        "id": "HTA02",
        "name": "HTA02 - ARDENNES 02",
        "chapter": "ENR 5.2",
        "upperLimit": "250FT AGL",
        "lowerLimit": "GND",
        "verticalLimits": "250FT AGL / GND",
        "lateralLimits": "501317N 0052037E - 501006N 0052221E - 500855N 0052638E - 500625N 0052825E - 500754N 0052903E - 500949N 0053334E - 501137N 0053423E - 501300N 0053623E - 501223N 0053754E - 501453N 0054353E - 502339N 0054046E - 502852N 0054302E - 502931N 0053638E - 503218N 0053352E - 503001N 0052335E - 502635N 0052036E - 501317N 0052037E.⁽¹⁾",
        "restrictionOrHazard": "Low level flights.",
        "timeOfActivity": "HX ⁽²⁾",
        "aipSource": "Belgium and Luxembourg AIP ENR 5.2",
        "aipPage": "ENR 5.2-22",
        "amendment": "AIRAC AMDT 004/2026",
        "effectiveDate": "16-APR-2026",
        "aipNotes": [
          "(1) TSA34A, TSA34B excl when active.",
          "(2) Activated by NOTAM (not later than 1500",
          "(1400) the day before activation). May be activated MON to FRI (HOL excl), 0700-2300 (0600- 2200)."
        ],
        "color": "#CD853F",
        "colorSource": "AIM Belgium Brussels FIR Structure, 09 JUL 2026",
        "areaType": "military",
        "footnoteReferences": {
          "lateralLimits": [
            1
          ],
          "timeOfActivity": [
            2
          ]
        }
      },
      "geometry": {
        "type": "Polygon",
        "coordinates": [
          [
            [
              5.343611111111111,
              50.22138888888889
            ],
            [
              5.3725,
              50.16833333333333
            ],
            [
              5.443888888888889,
              50.14861111111111
            ],
            [
              5.473611111111111,
              50.106944444444444
            ],
            [
              5.484166666666667,
              50.13166666666667
            ],
            [
              5.559444444444444,
              50.16361111111111
            ],
            [
              5.573055555555555,
              50.19361111111111
            ],
            [
              5.606388888888889,
              50.21666666666667
            ],
            [
              5.631666666666667,
              50.20638888888889
            ],
            [
              5.731388888888889,
              50.24805555555556
            ],
            [
              5.679444444444445,
              50.39416666666666
            ],
            [
              5.717222222222222,
              50.48111111111111
            ],
            [
              5.610555555555555,
              50.49194444444444
            ],
            [
              5.564444444444444,
              50.538333333333334
            ],
            [
              5.393055555555556,
              50.500277777777775
            ],
            [
              5.343333333333333,
              50.44305555555555
            ],
            [
              5.343611111111111,
              50.22138888888889
            ]
          ]
        ]
      }
    },
    {
      "type": "Feature",
      "id": "HTA03A",
      "properties": {
        "id": "HTA03A",
        "name": "HTA03A - ARDENNES 03A",
        "chapter": "ENR 5.2",
        "upperLimit": "250FT AGL",
        "lowerLimit": "GND",
        "verticalLimits": "250FT AGL / GND",
        "lateralLimits": "502852N 0054302E - 502815N 0054428E - 502533N 0054343E - 502354N 0055244E - 502220N 0055224E - 502021N 0055410E - 501306N 0055504E - 501149N 0055702E - 501023N 0055756E along border BELGIUM_LUXEMBOURG - 495917N 0055021E - 495848N 0054651E - 495939N 0054319E - 500011N 0054102E - 500556N 0054532E - 500725N 0054517E - 500916N 0054750E - 501344N 0054611E - 501453N 0054353E - 502339N 0054046E - 502852N 0054302E.",
        "restrictionOrHazard": "Low level flights.",
        "timeOfActivity": "HX ⁽¹⁾",
        "aipSource": "Belgium and Luxembourg AIP ENR 5.2",
        "aipPage": "ENR 5.2-23",
        "amendment": "AIRAC AMDT 004/2026",
        "effectiveDate": "16-APR-2026",
        "aipNotes": [
          "(1) Activated by NOTAM (not later than 1500",
          "(1400) the day before activation). May be activated MON to FRI (HOL excl), 0700-2300 (0600- 2200)."
        ],
        "geometryNote": "Published AIP anchor points expanded along applicable national borders/coastline using full Eurostat GISCO 2024 1:1M boundary geometry.",
        "color": "#CD853F",
        "colorSource": "AIM Belgium Brussels FIR Structure, 09 JUL 2026",
        "areaType": "military",
        "footnoteReferences": {
          "timeOfActivity": [
            1
          ]
        }
      },
      "geometry": {
        "type": "Polygon",
        "coordinates": [
          [
            [
              5.717222222222222,
              50.48111111111111
            ],
            [
              5.7411111111111115,
              50.47083333333334
            ],
            [
              5.728611111111111,
              50.42583333333333
            ],
            [
              5.8788888888888895,
              50.39833333333333
            ],
            [
              5.873333333333334,
              50.37222222222222
            ],
            [
              5.902777777777779,
              50.33916666666667
            ],
            [
              5.917777777777778,
              50.218333333333334
            ],
            [
              5.950555555555556,
              50.19694444444444
            ],
            [
              5.9655555555555555,
              50.17305555555555
            ],
            [
              5.962894575000064,
              50.16103292300005
            ],
            [
              5.964985990000059,
              50.15736811700003
            ],
            [
              5.966173314000059,
              50.155287558000055
            ],
            [
              5.963682480000045,
              50.15331112700005
            ],
            [
              5.959984464000058,
              50.150376820000076
            ],
            [
              5.960128506000046,
              50.14224989400003
            ],
            [
              5.960302041000034,
              50.13245901300007
            ],
            [
              5.954155419000074,
              50.13019835400007
            ],
            [
              5.941847206000034,
              50.12737164100008
            ],
            [
              5.918461993000051,
              50.12200097700003
            ],
            [
              5.895268914000042,
              50.112216499000056
            ],
            [
              5.894615185000021,
              50.105391335000036
            ],
            [
              5.894260875000043,
              50.10169220600005
            ],
            [
              5.890897877000043,
              50.09673104400008
            ],
            [
              5.886803901000064,
              50.090691529000026
            ],
            [
              5.886706343000071,
              50.08696594000003
            ],
            [
              5.886524778000023,
              50.080032233000054
            ],
            [
              5.877125807000027,
              50.07591704200007
            ],
            [
              5.861147632000041,
              50.06892125200005
            ],
            [
              5.856644202000041,
              50.06163296700004
            ],
            [
              5.856065765000039,
              50.057159091000074
            ],
            [
              5.864303595000024,
              50.05034120700003
            ],
            [
              5.86920974700007,
              50.04628072400004
            ],
            [
              5.863572194000028,
              50.041412886000046
            ],
            [
              5.857525447000057,
              50.03619172200007
            ],
            [
              5.858268573000032,
              50.03219193400008
            ],
            [
              5.858817436000038,
              50.02923774800007
            ],
            [
              5.854845085000022,
              50.027634109000076
            ],
            [
              5.85295583900006,
              50.02687142000008
            ],
            [
              5.852742508000063,
              50.02653028200007
            ],
            [
              5.849810727000033,
              50.021842062000076
            ],
            [
              5.834714710000071,
              50.01706591200008
            ],
            [
              5.819999606000067,
              50.01241027800006
            ],
            [
              5.821609479000074,
              50.00436991300006
            ],
            [
              5.822752026000046,
              49.99866356200005
            ],
            [
              5.830796702000043,
              49.992432302000054
            ],
            [
              5.832389553000041,
              49.99119850900007
            ],
            [
              5.839166666666666,
              49.988055555555555
            ],
            [
              5.780833333333334,
              49.980000000000004
            ],
            [
              5.7219444444444445,
              49.994166666666665
            ],
            [
              5.683888888888889,
              50.003055555555555
            ],
            [
              5.7588888888888885,
              50.098888888888894
            ],
            [
              5.754722222222222,
              50.12361111111111
            ],
            [
              5.7972222222222225,
              50.154444444444444
            ],
            [
              5.769722222222222,
              50.22888888888889
            ],
            [
              5.731388888888889,
              50.24805555555556
            ],
            [
              5.679444444444445,
              50.39416666666666
            ],
            [
              5.717222222222222,
              50.48111111111111
            ]
          ]
        ]
      }
    },
    {
      "type": "Feature",
      "id": "HTA03B",
      "properties": {
        "id": "HTA03B",
        "name": "HTA03B - ARDENNES 03B",
        "chapter": "ENR 5.2",
        "upperLimit": "250FT AGL",
        "lowerLimit": "GND",
        "verticalLimits": "250FT AGL / GND",
        "lateralLimits": "502220N 0055224E - 502347N 0055625E - 502335N 0055853E - 502005N 0060523E - 501753N 0060451E - 501544N 0060750E - 501536N 0060955E - 501411N 0061050E along border BELGIUM_GERMANY - 501026N 0060839E - 501014N 0060609E along border BELGIUM_LUXEMBOURG - 501023N 0055756E - 501149N 0055702E - 501306N 0055504E - 502021N 0055410E - 502220N 0055224E.",
        "restrictionOrHazard": "Low level flights.",
        "timeOfActivity": "HX ⁽¹⁾",
        "aipSource": "Belgium and Luxembourg AIP ENR 5.2",
        "aipPage": "ENR 5.2-23",
        "amendment": "AIRAC AMDT 004/2026",
        "effectiveDate": "16-APR-2026",
        "aipNotes": [
          "(1) Activated by NOTAM (not later than 1500",
          "(1400) the day before activation). May be activated MON to FRI (HOL excl), 0700-2300 (0600- 2200)."
        ],
        "geometryNote": "Published AIP anchor points expanded along applicable national borders/coastline using full Eurostat GISCO 2024 1:1M boundary geometry.",
        "color": "#CD853F",
        "colorSource": "AIM Belgium Brussels FIR Structure, 09 JUL 2026",
        "areaType": "military",
        "footnoteReferences": {
          "timeOfActivity": [
            1
          ]
        }
      },
      "geometry": {
        "type": "Polygon",
        "coordinates": [
          [
            [
              5.873333333333334,
              50.37222222222222
            ],
            [
              5.940277777777778,
              50.396388888888886
            ],
            [
              5.981388888888889,
              50.393055555555556
            ],
            [
              6.089722222222222,
              50.334722222222226
            ],
            [
              6.0808333333333335,
              50.29805555555556
            ],
            [
              6.1305555555555555,
              50.26222222222222
            ],
            [
              6.165277777777778,
              50.26
            ],
            [
              6.180555555555556,
              50.23638888888889
            ],
            [
              6.173622720000026,
              50.23191520600005
            ],
            [
              6.174603507000029,
              50.22818283400005
            ],
            [
              6.174930923000034,
              50.226936855000076
            ],
            [
              6.173483938000061,
              50.22556754000004
            ],
            [
              6.168446329000062,
              50.220800334000046
            ],
            [
              6.172394128000064,
              50.21863990500003
            ],
            [
              6.177765934000035,
              50.215700189000074
            ],
            [
              6.184303975000034,
              50.20725758900005
            ],
            [
              6.185551044000022,
              50.19291669300003
            ],
            [
              6.192752018000022,
              50.181873996000036
            ],
            [
              6.184315113000025,
              50.17858342800008
            ],
            [
              6.172408738000058,
              50.17862194800006
            ],
            [
              6.164821541000038,
              50.178646495000066
            ],
            [
              6.162788428000056,
              50.17639359000003
            ],
            [
              6.161191888000076,
              50.174624453000035
            ],
            [
              6.157365083000059,
              50.172070087000066
            ],
            [
              6.152628114000038,
              50.174040149000064
            ],
            [
              6.146538029000055,
              50.176572960000044
            ],
            [
              6.144166666666667,
              50.17388888888889
            ],
            [
              6.1025,
              50.17055555555555
            ],
            [
              6.081305315000066,
              50.17107473600004
            ],
            [
              6.078753916000039,
              50.157715901000074
            ],
            [
              6.063621780000062,
              50.15395964500004
            ],
            [
              6.04569323000004,
              50.15780489700006
            ],
            [
              6.031074271000023,
              50.16546065600005
            ],
            [
              6.024899634000064,
              50.18277939200004
            ],
            [
              6.022467916000039,
              50.18207744700004
            ],
            [
              6.002551874000062,
              50.176328444000035
            ],
            [
              5.984906661000025,
              50.175505145000045
            ],
            [
              5.97329626800007,
              50.17496342100003
            ],
            [
              5.9655555555555555,
              50.17305555555555
            ],
            [
              5.950555555555556,
              50.19694444444444
            ],
            [
              5.917777777777778,
              50.218333333333334
            ],
            [
              5.902777777777779,
              50.33916666666667
            ],
            [
              5.873333333333334,
              50.37222222222222
            ]
          ]
        ]
      }
    },
    {
      "type": "Feature",
      "id": "HTA04A",
      "properties": {
        "id": "HTA04A",
        "name": "HTA04A - ARDENNES 04A",
        "chapter": "ENR 5.2",
        "upperLimit": "250FT AGL",
        "lowerLimit": "GND",
        "verticalLimits": "250FT AGL / GND",
        "lateralLimits": "501320N 0045527E - 501241N 0044918E - 501009N 0044927E - along the Belgian-French border - 494540N 0050418E - 495128N 0050550E - 495158N 0051323E - 495407N 0051935E - 495522N 0051415E - 495853N 0051417E - 500357N 0051134E - 500730N 0050530E - 501603N 0050204E - 501320N 0045527E. ⁽¹⁾⁽²⁾",
        "restrictionOrHazard": "Low level flights.",
        "timeOfActivity": "HX ⁽³⁾",
        "aipSource": "Belgium and Luxembourg AIP ENR 5.2",
        "aipPage": "ENR 5.2-23",
        "amendment": "AIRAC AMDT 004/2026",
        "effectiveDate": "16-APR-2026",
        "aipNotes": [
          "(1) EBR13 excl.",
          "(2) TRA/TSA22, TSA32A, TSA34A excl when active.",
          "(3) Activated by NOTAM (not later than 1500",
          "(1400) the day before activation). May be activated MON to FRI (HOL excl), 0700-2300 (0600- 2200)."
        ],
        "geometryNote": "Published AIP anchor points expanded along applicable national borders/coastline using full Eurostat GISCO 2024 1:1M boundary geometry.",
        "color": "#CD853F",
        "colorSource": "AIM Belgium Brussels FIR Structure, 09 JUL 2026",
        "areaType": "military",
        "footnoteReferences": {
          "lateralLimits": [
            1,
            2
          ],
          "timeOfActivity": [
            3
          ]
        }
      },
      "geometry": {
        "type": "Polygon",
        "coordinates": [
          [
            [
              4.924166666666667,
              50.22222222222222
            ],
            [
              4.821666666666666,
              50.21138888888889
            ],
            [
              4.824166666666667,
              50.16916666666666
            ],
            [
              4.824142391000066,
              50.164304736000076
            ],
            [
              4.824823270000024,
              50.161154716000055
            ],
            [
              4.83341251500002,
              50.153777740000066
            ],
            [
              4.850522714000022,
              50.15368315300003
            ],
            [
              4.871967751000057,
              50.15356460300006
            ],
            [
              4.876919701000077,
              50.153496121000046
            ],
            [
              4.880511392000074,
              50.14610545800008
            ],
            [
              4.882721592000053,
              50.14155750400005
            ],
            [
              4.885571939000044,
              50.14115460700003
            ],
            [
              4.895311089000074,
              50.13977797600006
            ],
            [
              4.894888537000043,
              50.13552953700008
            ],
            [
              4.88659479100005,
              50.13275572500004
            ],
            [
              4.879237200000034,
              50.13029500600004
            ],
            [
              4.868420998000033,
              50.12034688400007
            ],
            [
              4.871039148000023,
              50.113476297000034
            ],
            [
              4.872895389000064,
              50.108605124000064
            ],
            [
              4.87027370800007,
              50.10165815200003
            ],
            [
              4.868935950000036,
              50.098113338000076
            ],
            [
              4.869991903000027,
              50.09730716400003
            ],
            [
              4.874399553000046,
              50.09394211400007
            ],
            [
              4.872252803000038,
              50.08897724000008
            ],
            [
              4.862455518000047,
              50.09187216500004
            ],
            [
              4.861781574000076,
              50.09327562400006
            ],
            [
              4.858923204000064,
              50.09922805200006
            ],
            [
              4.850080780000042,
              50.10019312800006
            ],
            [
              4.838924601000031,
              50.093740042000036
            ],
            [
              4.843061480000074,
              50.08826434200006
            ],
            [
              4.845681293000041,
              50.08479667800003
            ],
            [
              4.841996150000057,
              50.08339437600006
            ],
            [
              4.84043908600006,
              50.082801869000036
            ],
            [
              4.841177365000021,
              50.07965144700006
            ],
            [
              4.84191886800005,
              50.076487272000065
            ],
            [
              4.837763755000026,
              50.06821207300004
            ],
            [
              4.828122726000061,
              50.06655471200003
            ],
            [
              4.82073317000004,
              50.06528439500005
            ],
            [
              4.819182908000073,
              50.06067654200007
            ],
            [
              4.826993734000041,
              50.05841244100003
            ],
            [
              4.828307080000059,
              50.05005933000007
            ],
            [
              4.832329352000045,
              50.048575268000036
            ],
            [
              4.83932324400007,
              50.045994793000034
            ],
            [
              4.841247679000048,
              50.042770579000035
            ],
            [
              4.838956154000073,
              50.03714103200008
            ],
            [
              4.829539081000064,
              50.03145089900005
            ],
            [
              4.820638491000068,
              50.026072844000055
            ],
            [
              4.817523165000068,
              50.01714463500008
            ],
            [
              4.819340255000043,
              50.012644160000036
            ],
            [
              4.820061917000032,
              50.010856784000055
            ],
            [
              4.817886783000063,
              50.005819028000076
            ],
            [
              4.817261104000067,
              50.00436991300006
            ],
            [
              4.816248664000057,
              50.00202503500003
            ],
            [
              4.816593199000067,
              49.99974468900007
            ],
            [
              4.817428722000045,
              49.99421468400004
            ],
            [
              4.81075800800005,
              49.98872271700003
            ],
            [
              4.804569539000056,
              49.98362778000006
            ],
            [
              4.794346699000073,
              49.981503442000076
            ],
            [
              4.790320885000028,
              49.96875411600007
            ],
            [
              4.790869140000041,
              49.95841610900004
            ],
            [
              4.797625658000072,
              49.95719916400003
            ],
            [
              4.813807932000032,
              49.95428450700007
            ],
            [
              4.819742456000029,
              49.95259162900004
            ],
            [
              4.830627618000051,
              49.94948653500006
            ],
            [
              4.835792290000029,
              49.949249157000054
            ],
            [
              4.846798652000075,
              49.948743284000045
            ],
            [
              4.851921451000067,
              49.94180707700008
            ],
            [
              4.858596444000057,
              49.93276921700004
            ],
            [
              4.866012212000044,
              49.929316021000034
            ],
            [
              4.875831920000053,
              49.92474341700006
            ],
            [
              4.887677047000068,
              49.91006539600005
            ],
            [
              4.883053214000029,
              49.90555380400008
            ],
            [
              4.88075658300005,
              49.903312923000044
            ],
            [
              4.882441246000042,
              49.90170816800003
            ],
            [
              4.885330818000057,
              49.898955655000066
            ],
            [
              4.879212959000029,
              49.89342758200007
            ],
            [
              4.872478329000046,
              49.887342199000045
            ],
            [
              4.866589420000025,
              49.87673152900004
            ],
            [
              4.861510338000073,
              49.867580012000076
            ],
            [
              4.858441365000033,
              49.865954808000026
            ],
            [
              4.852210901000035,
              49.86265540800008
            ],
            [
              4.855064195000068,
              49.849036858000034
            ],
            [
              4.857644808000032,
              49.84246123300005
            ],
            [
              4.862815027000067,
              49.841519093000045
            ],
            [
              4.866581282000027,
              49.840832789000046
            ],
            [
              4.868494738000038,
              49.82894293100003
            ],
            [
              4.869313301000034,
              49.82385653400007
            ],
            [
              4.871513277000076,
              49.82225920600007
            ],
            [
              4.875897296000062,
              49.819076117000066
            ],
            [
              4.869635483000025,
              49.81526943700004
            ],
            [
              4.866560824000032,
              49.81340029100005
            ],
            [
              4.863292710000053,
              49.803846048000025
            ],
            [
              4.863032468000029,
              49.80308523900004
            ],
            [
              4.862576305000061,
              49.80255579700008
            ],
            [
              4.854960240000025,
              49.793716275000065
            ],
            [
              4.861711245000038,
              49.789294873000074
            ],
            [
              4.870767096000066,
              49.78951638800004
            ],
            [
              4.870174439000039,
              49.79299475100004
            ],
            [
              4.870099844000038,
              49.79343255400005
            ],
            [
              4.875542744000029,
              49.793377099000054
            ],
            [
              4.880696968000052,
              49.79246498800006
            ],
            [
              4.881646966000062,
              49.79182381000004
            ],
            [
              4.887225151000052,
              49.78805894900006
            ],
            [
              4.931408135000027,
              49.78672787000005
            ],
            [
              4.932303703000059,
              49.788729739000075
            ],
            [
              4.93277600600004,
              49.78978548100008
            ],
            [
              4.937801775000025,
              49.792333830000075
            ],
            [
              4.941206008000051,
              49.79244434900005
            ],
            [
              4.941629670000054,
              49.792019405000076
            ],
            [
              4.942950199000052,
              49.790694882000025
            ],
            [
              4.944831860000022,
              49.79314895400006
            ],
            [
              4.949535580000031,
              49.799283571000046
            ],
            [
              4.956855017000066,
              49.80109214200007
            ],
            [
              4.962116670000057,
              49.79924604400003
            ],
            [
              4.964670453000053,
              49.79835002600004
            ],
            [
              4.969431021000048,
              49.80182612700003
            ],
            [
              4.996017656000049,
              49.80019486500004
            ],
            [
              5.001752798000041,
              49.79368210000007
            ],
            [
              5.002727044000039,
              49.792193076000046
            ],
            [
              5.008960376000061,
              49.78266614100005
            ],
            [
              5.014872095000044,
              49.77952947400007
            ],
            [
              5.046799813000064,
              49.77015692900005
            ],
            [
              5.059487886000056,
              49.76709712100006
            ],
            [
              5.071666666666666,
              49.76111111111111
            ],
            [
              5.097222222222222,
              49.85777777777778
            ],
            [
              5.223055555555556,
              49.86611111111111
            ],
            [
              5.326388888888888,
              49.901944444444446
            ],
            [
              5.2375,
              49.922777777777775
            ],
            [
              5.2380555555555555,
              49.981388888888894
            ],
            [
              5.192777777777778,
              50.06583333333333
            ],
            [
              5.091666666666667,
              50.125
            ],
            [
              5.0344444444444445,
              50.2675
            ],
            [
              4.924166666666667,
              50.22222222222222
            ]
          ]
        ]
      }
    },
    {
      "type": "Feature",
      "id": "HTA04B",
      "properties": {
        "id": "HTA04B",
        "name": "HTA04B - ARDENNES 04B",
        "chapter": "ENR 5.2",
        "upperLimit": "250FT AGL",
        "lowerLimit": "GND",
        "verticalLimits": "250FT AGL / GND",
        "lateralLimits": "495407N 0051935E - 495445N 0052113E - 495647N 0052047E - 495753N 0052215E - 500232N 0052316E - 500625N 0052825E - 500855N 0052638E - 501006N 0052221E - 501317N 0052037E - 501222N 0051905E - 501457N 0051552E - 501536N 0050755E - 501715N 0050528E - 501603N 0050204E - 500730N 0050530E - 500357N 0051134E - 495853N 0051417E - 495522N 0051415E - 495407N 0051935E. ⁽¹⁾⁽²⁾",
        "restrictionOrHazard": "Low level flights.",
        "timeOfActivity": "HX ⁽³⁾",
        "aipSource": "Belgium and Luxembourg AIP ENR 5.2",
        "aipPage": "ENR 5.2-23",
        "amendment": "AIRAC AMDT 004/2026",
        "effectiveDate": "16-APR-2026",
        "aipNotes": [
          "(1) EBR02 excl.",
          "(2) TRA/TSA22, TSA32A, TSA32B, TSA34A, TSA34B excl when active.",
          "(3) Activated by NOTAM (not later than 1500",
          "(1400) the day before activation). May be activated MON to FRI (HOL excl), 0700-2300 (0600- 2200)."
        ],
        "color": "#CD853F",
        "colorSource": "AIM Belgium Brussels FIR Structure, 09 JUL 2026",
        "areaType": "military",
        "footnoteReferences": {
          "lateralLimits": [
            1,
            2
          ],
          "timeOfActivity": [
            3
          ]
        }
      },
      "geometry": {
        "type": "Polygon",
        "coordinates": [
          [
            [
              5.326388888888888,
              49.901944444444446
            ],
            [
              5.35361111111111,
              49.9125
            ],
            [
              5.346388888888889,
              49.94638888888888
            ],
            [
              5.370833333333333,
              49.96472222222223
            ],
            [
              5.387777777777778,
              50.04222222222222
            ],
            [
              5.473611111111111,
              50.106944444444444
            ],
            [
              5.443888888888889,
              50.14861111111111
            ],
            [
              5.3725,
              50.16833333333333
            ],
            [
              5.343611111111111,
              50.22138888888889
            ],
            [
              5.3180555555555555,
              50.20611111111111
            ],
            [
              5.264444444444444,
              50.24916666666667
            ],
            [
              5.131944444444444,
              50.26
            ],
            [
              5.091111111111111,
              50.2875
            ],
            [
              5.0344444444444445,
              50.2675
            ],
            [
              5.091666666666667,
              50.125
            ],
            [
              5.192777777777778,
              50.06583333333333
            ],
            [
              5.2380555555555555,
              49.981388888888894
            ],
            [
              5.2375,
              49.922777777777775
            ],
            [
              5.326388888888888,
              49.901944444444446
            ]
          ]
        ]
      }
    },
    {
      "type": "Feature",
      "id": "HTA05A",
      "properties": {
        "id": "HTA05A",
        "name": "HTA05A - ARDENNES 05A",
        "chapter": "ENR 5.2",
        "upperLimit": "250FT AGL",
        "lowerLimit": "GND",
        "verticalLimits": "250FT AGL / GND",
        "lateralLimits": "495407N 0051935E - 495146N 0053025E - 495711N 0053906E - 500011N 0054102E - 500308N 0053238E - 500529N 0053205E - 500535N 0052920E - 500625N 0052825E - 500232N 0052316E - 495753N 0052215E - 495647N 0052047E - 495445N 0052113E - 495407N 0051935E.⁽¹⁾",
        "restrictionOrHazard": "Low level flights.",
        "timeOfActivity": "HX ⁽²⁾",
        "aipSource": "Belgium and Luxembourg AIP ENR 5.2",
        "aipPage": "ENR 5.2-24",
        "amendment": "AIRAC AMDT 004/2026",
        "effectiveDate": "16-APR-2026",
        "aipNotes": [
          "(1) TRA/TSA22, TSA32A, TSA32B, TSA34A, TSA34B excl when active.",
          "(2) Activated by NOTAM (not later than 1500",
          "(1400) the day before activation). May be activated MON to FRI (HOL excl), 0700-2300 (0600- 2200)."
        ],
        "color": "#CD853F",
        "colorSource": "AIM Belgium Brussels FIR Structure, 09 JUL 2026",
        "areaType": "military",
        "footnoteReferences": {
          "lateralLimits": [
            1
          ],
          "timeOfActivity": [
            2
          ]
        }
      },
      "geometry": {
        "type": "Polygon",
        "coordinates": [
          [
            [
              5.326388888888888,
              49.901944444444446
            ],
            [
              5.506944444444445,
              49.86277777777778
            ],
            [
              5.651666666666667,
              49.95305555555556
            ],
            [
              5.683888888888889,
              50.003055555555555
            ],
            [
              5.543888888888889,
              50.05222222222222
            ],
            [
              5.534722222222222,
              50.09138888888889
            ],
            [
              5.488888888888889,
              50.09305555555556
            ],
            [
              5.473611111111111,
              50.106944444444444
            ],
            [
              5.387777777777778,
              50.04222222222222
            ],
            [
              5.370833333333333,
              49.96472222222223
            ],
            [
              5.346388888888889,
              49.94638888888888
            ],
            [
              5.35361111111111,
              49.9125
            ],
            [
              5.326388888888888,
              49.901944444444446
            ]
          ]
        ]
      }
    },
    {
      "type": "Feature",
      "id": "HTA05B",
      "properties": {
        "id": "HTA05B",
        "name": "HTA05B - ARDENNES 05B",
        "chapter": "ENR 5.2",
        "upperLimit": "250FT AGL",
        "lowerLimit": "GND",
        "verticalLimits": "250FT AGL / GND",
        "lateralLimits": "500011N 0054102E - 500556N 0054532E - 500725N 0054517E - 500916N 0054750E - 501344N 0054611E - 501453N 0054353E - 501223N 0053754E - 501300N 0053623E - 501137N 0053423E - 500949N 0053334E - 500754N 0052903E - 500625N 0052825E - 500535N 0052920E - 500529N 0053205E - 500308N 0053238E - 500011N 0054102E.⁽¹⁾",
        "restrictionOrHazard": "Low level flights.",
        "timeOfActivity": "HX ⁽²⁾",
        "aipSource": "Belgium and Luxembourg AIP ENR 5.2",
        "aipPage": "ENR 5.2-24",
        "amendment": "AIRAC AMDT 004/2026",
        "effectiveDate": "16-APR-2026",
        "aipNotes": [
          "(1) TSA32B excl when active.",
          "(2) Activated by NOTAM (not later than 1500",
          "(1400) the day before activation). May be activated MON to FRI (HOL excl), 0700-2300 (0600- 2200)."
        ],
        "color": "#CD853F",
        "colorSource": "AIM Belgium Brussels FIR Structure, 09 JUL 2026",
        "areaType": "military",
        "footnoteReferences": {
          "lateralLimits": [
            1
          ],
          "timeOfActivity": [
            2
          ]
        }
      },
      "geometry": {
        "type": "Polygon",
        "coordinates": [
          [
            [
              5.683888888888889,
              50.003055555555555
            ],
            [
              5.7588888888888885,
              50.098888888888894
            ],
            [
              5.754722222222222,
              50.12361111111111
            ],
            [
              5.7972222222222225,
              50.154444444444444
            ],
            [
              5.769722222222222,
              50.22888888888889
            ],
            [
              5.731388888888889,
              50.24805555555556
            ],
            [
              5.631666666666667,
              50.20638888888889
            ],
            [
              5.606388888888889,
              50.21666666666667
            ],
            [
              5.573055555555555,
              50.19361111111111
            ],
            [
              5.559444444444444,
              50.16361111111111
            ],
            [
              5.484166666666667,
              50.13166666666667
            ],
            [
              5.473611111111111,
              50.106944444444444
            ],
            [
              5.488888888888889,
              50.09305555555556
            ],
            [
              5.534722222222222,
              50.09138888888889
            ],
            [
              5.543888888888889,
              50.05222222222222
            ],
            [
              5.683888888888889,
              50.003055555555555
            ]
          ]
        ]
      }
    },
    {
      "type": "Feature",
      "id": "HTA06",
      "properties": {
        "id": "HTA06",
        "name": "HTA06 - ARDENNES 06",
        "chapter": "ENR 5.2",
        "upperLimit": "250FT AGL",
        "lowerLimit": "GND",
        "verticalLimits": "250FT AGL / GND",
        "lateralLimits": "494540N 0050418E along border BELGIUM_FRANCE - 494546N 0050541E - 494514N 0051219E - 494157N 0051620E - 494149N 0051916E - 493751N 0052047E along border BELGIUM_FRANCE - 493657N 0052353E - 493724N 0052726E - 493329N 0053019E - 493526N 0053733E - 493745N 0054236E - 493939N 0054601E - 494018N 0054641E - 494118N 0054430E - 494304N 0053517E - 494904N 0053055E - 495146N 0053025E - 495407N 0051935E - 495158N 0051323E - 495128N 0050550E - 494540N 0050418E. ⁽¹⁾",
        "restrictionOrHazard": "Low level flights.",
        "timeOfActivity": "HX ⁽²⁾",
        "aipSource": "Belgium and Luxembourg AIP ENR 5.2",
        "aipPage": "ENR 5.2-24",
        "amendment": "AIRAC AMDT 004/2026",
        "effectiveDate": "16-APR-2026",
        "aipNotes": [
          "(1) TRA/TSA22, TSA32A, TSA32B excl when active.",
          "(2) Activated by NOTAM (not later than 1500",
          "(1400) the day before activation). May be activated MON to FRI (HOL excl), 0700-2300 (0600- 2200)."
        ],
        "geometryNote": "Published AIP anchor points expanded along applicable national borders/coastline using full Eurostat GISCO 2024 1:1M boundary geometry.",
        "color": "#CD853F",
        "colorSource": "AIM Belgium Brussels FIR Structure, 09 JUL 2026",
        "areaType": "military",
        "footnoteReferences": {
          "lateralLimits": [
            1
          ],
          "timeOfActivity": [
            2
          ]
        }
      },
      "geometry": {
        "type": "Polygon",
        "coordinates": [
          [
            [
              5.071666666666666,
              49.76111111111111
            ],
            [
              5.082519642000022,
              49.764456805000066
            ],
            [
              5.08880244300002,
              49.76530580800005
            ],
            [
              5.094722222222222,
              49.76277777777778
            ],
            [
              5.205277777777778,
              49.75388888888889
            ],
            [
              5.272222222222222,
              49.69916666666666
            ],
            [
              5.321111111111111,
              49.69694444444444
            ],
            [
              5.346388888888889,
              49.630833333333335
            ],
            [
              5.356983524000043,
              49.62654695700007
            ],
            [
              5.36483989900006,
              49.62324145500003
            ],
            [
              5.370529089000058,
              49.62304778500004
            ],
            [
              5.375484948000064,
              49.62287907900003
            ],
            [
              5.398055555555556,
              49.615833333333335
            ],
            [
              5.457222222222223,
              49.623333333333335
            ],
            [
              5.505277777777778,
              49.558055555555555
            ],
            [
              5.6258333333333335,
              49.59055555555556
            ],
            [
              5.71,
              49.62916666666667
            ],
            [
              5.766944444444444,
              49.66083333333333
            ],
            [
              5.7780555555555555,
              49.67166666666667
            ],
            [
              5.741666666666667,
              49.68833333333333
            ],
            [
              5.588055555555555,
              49.717777777777776
            ],
            [
              5.5152777777777775,
              49.81777777777778
            ],
            [
              5.506944444444445,
              49.86277777777778
            ],
            [
              5.326388888888888,
              49.901944444444446
            ],
            [
              5.223055555555556,
              49.86611111111111
            ],
            [
              5.097222222222222,
              49.85777777777778
            ],
            [
              5.071666666666666,
              49.76111111111111
            ]
          ]
        ]
      }
    },
    {
      "type": "Feature",
      "id": "HTA07",
      "properties": {
        "id": "HTA07",
        "name": "HTA07 - ARDENNES 07",
        "chapter": "ENR 5.2",
        "upperLimit": "250FT AGL",
        "lowerLimit": "GND",
        "verticalLimits": "250FT AGL / GND",
        "lateralLimits": "494018N 0054641E - 494202N 0054829E - 494729N 0054519E along border BELGIUM_LUXEMBOURG - 495020N 0054428E - 495321N 0054159E - 495939N 0054319E - 500011N 0054102E - 495711N 0053906E - 495146N 0053025E - 494904N 0053055E - 494304N 0053517E - 494118N 0054430E - 494018N 0054641E.⁽¹⁾",
        "restrictionOrHazard": "Low level flights.",
        "timeOfActivity": "HX ⁽²⁾",
        "aipSource": "Belgium and Luxembourg AIP ENR 5.2",
        "aipPage": "ENR 5.2-24",
        "amendment": "AIRAC AMDT 004/2026",
        "effectiveDate": "16-APR-2026",
        "aipNotes": [
          "(1) TSA32B excl when active.",
          "(2) Activated by NOTAM (not later than 1500",
          "(1400) the day before activation). May be activated MON to FRI (HOL excl), 0700-2300 (0600- 2200)."
        ],
        "geometryNote": "Published AIP anchor points expanded along applicable national borders/coastline using full Eurostat GISCO 2024 1:1M boundary geometry.",
        "color": "#CD853F",
        "colorSource": "AIM Belgium Brussels FIR Structure, 09 JUL 2026",
        "areaType": "military",
        "footnoteReferences": {
          "lateralLimits": [
            1
          ],
          "timeOfActivity": [
            2
          ]
        }
      },
      "geometry": {
        "type": "Polygon",
        "coordinates": [
          [
            [
              5.7780555555555555,
              49.67166666666667
            ],
            [
              5.808055555555556,
              49.70055555555556
            ],
            [
              5.755277777777778,
              49.79138888888889
            ],
            [
              5.750735880000036,
              49.81119009000008
            ],
            [
              5.75037707000007,
              49.812717262000035
            ],
            [
              5.750130608000063,
              49.813059630000055
            ],
            [
              5.745434248000038,
              49.819583487000045
            ],
            [
              5.746368356000062,
              49.82468031900004
            ],
            [
              5.746658700000069,
              49.82626454200005
            ],
            [
              5.74500689100006,
              49.828885556000046
            ],
            [
              5.7411111111111115,
              49.83888888888889
            ],
            [
              5.699722222222222,
              49.88916666666667
            ],
            [
              5.7219444444444445,
              49.994166666666665
            ],
            [
              5.683888888888889,
              50.003055555555555
            ],
            [
              5.651666666666667,
              49.95305555555556
            ],
            [
              5.506944444444445,
              49.86277777777778
            ],
            [
              5.5152777777777775,
              49.81777777777778
            ],
            [
              5.588055555555555,
              49.717777777777776
            ],
            [
              5.741666666666667,
              49.68833333333333
            ],
            [
              5.7780555555555555,
              49.67166666666667
            ]
          ]
        ]
      }
    },
    {
      "type": "Feature",
      "id": "HTA08",
      "properties": {
        "id": "HTA08",
        "name": "HTA08 - HANNUT HELICOPTER TRAINING AREA",
        "chapter": "ENR 5.2",
        "upperLimit": "500FT AGL",
        "lowerLimit": "GND",
        "verticalLimits": "500FT AGL / GND",
        "lateralLimits": "502804N 0045453E - 503201N 0045220E - 503706N 0044557E - 503941N 0044955E - 504157N 0045525E - 504332N 0045844E - 504157N 0051009E - 504225N 0051445E - 504201N 0052128E - 503821N 0051538E then a counter-clockwise arc radius 5 NM centered on 503447N 0052110E - 503213N 0051425E then a counter-clockwise arc radius 1 NM centered on 503157N 0051556E - 503136N 0051428E - 502935N 0050415E - 502804N 0045453E.",
        "restrictionOrHazard": "Low level flights.",
        "timeOfActivity": "HX ⁽¹⁾",
        "aipSource": "Belgium and Luxembourg AIP ENR 5.2",
        "aipPage": "ENR 5.2-25",
        "amendment": "AMDT 005/2025",
        "effectiveDate": "15-MAY-2025",
        "aipNotes": [
          "(1) Activated by NOTAM (not later than 1500",
          "(1400) the day before activation). May be activated MON to FRI (HOL excl), 0700-2300 (0600- 2200)."
        ],
        "color": "#CD853F",
        "colorSource": "AIM Belgium Brussels FIR Structure, 09 JUL 2026",
        "areaType": "military",
        "footnoteReferences": {
          "timeOfActivity": [
            1
          ]
        }
      },
      "geometry": {
        "type": "Polygon",
        "coordinates": [
          [
            [
              4.914722222222222,
              50.467777777777776
            ],
            [
              4.872222222222223,
              50.53361111111111
            ],
            [
              4.765833333333333,
              50.61833333333333
            ],
            [
              4.831944444444444,
              50.66138888888889
            ],
            [
              4.923611111111112,
              50.69916666666666
            ],
            [
              4.978888888888889,
              50.72555555555556
            ],
            [
              5.169166666666667,
              50.69916666666666
            ],
            [
              5.245833333333334,
              50.706944444444446
            ],
            [
              5.357777777777778,
              50.70027777777778
            ],
            [
              5.260555555555555,
              50.63916666666667
            ],
            [
              5.265560679530491,
              50.64213636758121
            ],
            [
              5.270803558216093,
              50.64493646542903
            ],
            [
              5.276269939419773,
              50.647559326414395
            ],
            [
              5.281944954001528,
              50.649997798694876
            ],
            [
              5.287813156534963,
              50.65224523213012
            ],
            [
              5.293858567640583,
              50.65429549665698
            ],
            [
              5.3000647178721385,
              50.65614299923774
            ],
            [
              5.3064146930314715,
              50.65778269933211
            ],
            [
              5.312891180782309,
              50.65921012284771
            ],
            [
              5.319476518428947,
              50.66042137452842
            ],
            [
              5.326152741721621,
              50.66141314874402
            ],
            [
              5.332901634546754,
              50.66218273864988
            ],
            [
              5.339704779357152,
              50.66272804368945
            ],
            [
              5.346543608194503,
              50.66304757541762
            ],
            [
              5.353399454154514,
              50.66314046162788
            ],
            [
              5.36025360314337,
              50.663006448771
            ],
            [
              5.367087345773175,
              50.66264590265812
            ],
            [
              5.373882029243521,
              50.66205980744641
            ],
            [
              5.380619109056422,
              50.66124976290982
            ],
            [
              5.387280200412383,
              50.66021798000349
            ],
            [
              5.393847129136585,
              50.65896727473452
            ],
            [
              5.400301981985808,
              50.65750106035722
            ],
            [
              5.406627156188923,
              50.655823337915834
            ],
            [
              5.412805408076568,
              50.65393868516253
            ],
            [
              5.418819900658767,
              50.651852243883035
            ],
            [
              5.424654250013067,
              50.649569705667176
            ],
            [
              5.430292570349872,
              50.64709729616573
            ],
            [
              5.435719517626323,
              50.64444175787977
            ],
            [
              5.440920331585094,
              50.64161033153237
            ],
            [
              5.445880876099932,
              50.638610736076934
            ],
            [
              5.450587677715534,
              50.635451147399976
            ],
            [
              5.455027962275518,
              50.63214017577998
            ],
            [
              5.459189689538674,
              50.62868684216719
            ],
            [
              5.46306158569036,
              50.62510055335256
            ],
            [
              5.466633173662921,
              50.621391076096934
            ],
            [
              5.4698948011860775,
              50.61756851029424
            ],
            [
              5.472837666495644,
              50.61364326124516
            ],
            [
              5.475453841636348,
              50.60962601111972
            ],
            [
              5.477736293302138,
              50.60552768968942
            ],
            [
              5.479678901165001,
              50.60135944441124
            ],
            [
              5.4812764736510315,
              50.59713260994734
            ],
            [
              5.482524761130208,
              50.59285867720544
            ],
            [
              5.4834204664940245,
              50.58854926198596
            ],
            [
              5.483961253102828,
              50.584216073322686
            ],
            [
              5.484145750092249,
              50.57987088160405
            ],
            [
              5.483973555035679,
              50.57552548656274
            ],
            [
              5.4834452339671005,
              50.57119168522079
            ],
            [
              5.482562318775809,
              50.56688123987752
            ],
            [
              5.481327301991725,
              50.56260584622682
            ],
            [
              5.479743628986818,
              50.55837710168995
            ],
            [
              5.477815687624975,
              50.55420647404855
            ],
            [
              5.475548795399092,
              50.550105270461806
            ],
            [
              5.472949184100526,
              50.546084606950366
            ],
            [
              5.470023982072057,
              50.542155378427346
            ],
            [
              5.466781194101385,
              50.53832822935601
            ],
            [
              5.463229679017733,
              50.53461352511078
            ],
            [
              5.45937912505948,
              50.53102132411662
            ],
            [
              5.455240023085807,
              50.52756135083947
            ],
            [
              5.450823637710159,
              50.524242969697525
            ],
            [
              5.446141976437859,
              50.52107515996101
            ],
            [
              5.441207756894534,
              50.51806649170511
            ],
            [
              5.436034372235981,
              50.515225102877515
            ],
            [
              5.430635854833937,
              50.51255867753942
            ],
            [
              5.425026838335647,
              50.51007442533541
            ],
            [
              5.419222518198452,
              50.507779062244296
            ],
            [
              5.413238610803526,
              50.50567879265975
            ],
            [
              5.407091311255751,
              50.50377929284599
            ],
            [
              5.40079724997911,
              50.50208569581017
            ],
            [
              5.394373448219315,
              50.50060257762957
            ],
            [
              5.387837272567393,
              50.49933394526777
            ],
            [
              5.381206388619744,
              50.49828322591047
            ],
            [
              5.374498713891737,
              50.497453257847525
            ],
            [
              5.367732370103267,
              50.49684628292385
            ],
            [
              5.36092563495583,
              50.49646394057825
            ],
            [
              5.354096893521516,
              50.49630726348483
            ],
            [
              5.347264589365054,
              50.49637667480786
            ],
            [
              5.340447175520502,
              50.49667198707697
            ],
            [
              5.333663065444397,
              50.4971924026855
            ],
            [
              5.326930584067254,
              50.49793651601059
            ],
            [
              5.320267919065132,
              50.49890231715005
            ],
            [
              5.3136930724725575,
              50.50008719726633
            ],
            [
              5.307223812757571,
              50.50148795552461
            ],
            [
              5.300877627478763,
              50.503100807607595
            ],
            [
              5.294671676643204,
              50.50492139578571
            ],
            [
              5.2886227468828775,
              50.50694480051765
            ],
            [
              5.282747206565768,
              50.50916555355226
            ],
            [
              5.277060961956036,
              50.51157765249873
            ],
            [
              5.271579414535796,
              50.51417457682884
            ],
            [
              5.266317419598813,
              50.516949305270586
            ],
            [
              5.261289246224074,
              50.51989433454954
            ],
            [
              5.256508538734457,
              50.52300169943051
            ],
            [
              5.251988279742915,
              50.526262994008455
            ],
            [
              5.24774075488536,
              50.52966939419473
            ],
            [
              5.243777519336064,
              50.53321168134099
            ],
            [
              5.240109366197732,
              50.53688026694037
            ],
            [
              5.240678123747553,
              50.53777916819426
            ],
            [
              5.241146663360517,
              50.53859943125499
            ],
            [
              5.241682115750864,
              50.5394029850753
            ],
            [
              5.242283016410267,
              50.540187626794484
            ],
            [
              5.242947721170584,
              50.54095120528889
            ],
            [
              5.243674410682315,
              50.541691627077356
            ],
            [
              5.244461095376844,
              50.542406862069804
            ],
            [
              5.245305620899105,
              50.54309494914257
            ],
            [
              5.246205673996027,
              50.543754001525535
            ],
            [
              5.247158788844762,
              50.54438221198575
            ],
            [
              5.2481623538034885,
              50.54497785779355
            ],
            [
              5.249213618566352,
              50.5455393054571
            ],
            [
              5.2503097017029665,
              50.54606501521253
            ],
            [
              5.251447598561772,
              50.54655354525689
            ],
            [
              5.252624189515521,
              50.547003555712514
            ],
            [
              5.253836248526159,
              50.5474138123115
            ],
            [
              5.2550804520054655,
              50.547783189790145
            ],
            [
              5.256353387946931,
              50.54811067498413
            ],
            [
              5.257651565303595,
              50.548395369615406
            ],
            [
              5.25897142358584,
              50.54863649276343
            ],
            [
              5.260309342652478,
              50.548833383013644
            ],
            [
              5.261661652667956,
              50.54898550027737
            ],
            [
              5.263024644197944,
              50.54909242727782
            ],
            [
              5.2643945784152475,
              50.54915387069838
            ],
            [
              5.265767697387613,
              50.549169661989744
            ],
            [
              5.2671402344187594,
              50.54913975783371
            ],
            [
              5.268508424413839,
              50.54906424026241
            ],
            [
              5.26986851424043,
              50.548943316432585
            ],
            [
              5.2712167730561985,
              50.54877731805547
            ],
            [
              5.272549502574454,
              50.548566700484066
            ],
            [
              5.273863047239001,
              50.54831204146011
            ],
            [
              5.275153804279963,
              50.548014039524425
            ],
            [
              5.27641823362261,
              50.54767351209496
            ],
            [
              5.2776528676216055,
              50.54729139321792
            ],
            [
              5.2788543205936795,
              50.54686873099826
            ],
            [
              5.280019298122222,
              50.54640668471666
            ],
            [
              5.281144606108047,
              50.545906521641
            ],
            [
              5.282227159541235,
              50.54536961354121
            ],
            [
              5.283263990969844,
              50.54479743291726
            ],
            [
              5.284252258642081,
              50.54419154895058
            ],
            [
              5.285189254299539,
              50.54355362319039
            ],
            [
              5.286072410600057,
              50.54288540498672
            ],
            [
              5.286899308149862,
              50.54218872668282
            ],
            [
              5.2876676821257425,
              50.54146549858047
            ],
            [
              5.288375428469208,
              50.54071770369185
            ],
            [
              5.289020609635777,
              50.539947392292675
            ],
            [
              5.289601459883839,
              50.53915667629168
            ],
            [
              5.290116390088805,
              50.5383477234319
            ],
            [
              5.290563992069636,
              50.53752275133985
            ],
            [
              5.2909430424162,
              50.53668402143899
            ],
            [
              5.291252505807315,
              50.53583383274431
            ],
            [
              5.291491537810764,
              50.534974515555085
            ],
            [
              5.291659487158007,
              50.53410842506306
            ],
            [
              5.291755897487814,
              50.53323793489397
            ],
            [
              5.291780508554454,
              50.532365430599775
            ],
            [
              5.291733256897626,
              50.53149330311969
            ],
            [
              5.29161427597275,
              50.53062394222787
            ],
            [
              5.29142389574175,
              50.52975972998581
            ],
            [
              5.291162641725922,
              50.528903034217244
            ],
            [
              5.290831233523947,
              50.528056202023514
            ],
            [
              5.29043058279958,
              50.527221553357066
            ],
            [
              5.289961790744966,
              50.5264013746707
            ],
            [
              5.2894261450269555,
              50.5255979126598
            ],
            [
              5.288825116225168,
              50.5248133681147
            ],
            [
              5.288160353771962,
              50.524049889899935
            ],
            [
              5.287433681405729,
              50.523309569076666
            ],
            [
              5.286647092150292,
              50.52259443318439
            ],
            [
              5.285802742834398,
              50.521906440697315
            ],
            [
              5.2849029481665415,
              50.521247475670755
            ],
            [
              5.283950174381515,
              50.520619342591665
            ],
            [
              5.282947032476211,
              50.520023761447575
            ],
            [
              5.281896271053268,
              50.51946236302727
            ],
            [
              5.280800768792202,
              50.518936684465764
            ],
            [
              5.279663526568602,
              50.51844816504578
            ],
            [
              5.278487659242929,
              50.51799814226704
            ],
            [
              5.277276387141243,
              50.51758784819402
            ],
            [
              5.27603302725108,
              50.51721840609195
            ],
            [
              5.274760984156329,
              50.516890827360314
            ],
            [
              5.2734637407357265,
              50.51660600877193
            ],
            [
              5.272144848650115,
              50.516364730025145
            ],
            [
              5.270807918644216,
              50.51616765161586
            ],
            [
              5.269456610689115,
              50.51601531303486
            ],
            [
              5.26809462399205,
              50.51590813129565
            ],
            [
              5.266725686900475,
              50.51584639979641
            ],
            [
              5.265353546727611,
              50.515830287519385
            ],
            [
              5.2639819595268875,
              50.51585983856983
            ],
            [
              5.262614679842854,
              50.51593497205558
            ],
            [
              5.2612554504661455,
              50.51605548230787
            ],
            [
              5.259907992220116,
              50.516221039442485
            ],
            [
              5.2585759938066605,
              50.51643119025996
            ],
            [
              5.257263101738578,
              50.51668535948233
            ],
            [
              5.255972910385643,
              50.516982851323064
            ],
            [
              5.254708952161233,
              50.51732285138602
            ],
            [
              5.2534746878759915,
              50.5177044288882
            ],
            [
              5.2522734972846274,
              50.518126539200445
            ],
            [
              5.251108669851398,
              50.51858802669912
            ],
            [
              5.2499833957592905,
              50.51908762792109
            ],
            [
              5.248900757187297,
              50.51962397501355
            ],
            [
              5.2478637198794615,
              50.520195599469275
            ],
            [
              5.24687512502864,
              50.520800936137334
            ],
            [
              5.245937681497106,
              50.5214383274983
            ],
            [
              5.245053958395236,
              50.52210602819248
            ],
            [
              5.244226378038596,
              50.5228022097888
            ],
            [
              5.243457209302777,
              50.52352496578161
            ],
            [
              5.24274856139423,
              50.52427231680161
            ],
            [
              5.242102378054344,
              50.52504221602708
            ],
            [
              5.24152043221278,
              50.52583255478037
            ],
            [
              5.241004321104974,
              50.526641168294816
            ],
            [
              5.070833333333333,
              50.49305555555556
            ],
            [
              4.914722222222222,
              50.467777777777776
            ]
          ]
        ]
      }
    },
    {
      "type": "Feature",
      "id": "HTA10A",
      "properties": {
        "id": "HTA10A",
        "name": "HTA10A - COASTAL HELICOPTER TRAINING AREA",
        "chapter": "ENR 5.2",
        "upperLimit": "500FT AGL",
        "lowerLimit": "GND",
        "verticalLimits": "500FT AGL / GND",
        "lateralLimits": "511635N 0032236E - 510500N 0031500E - 510357N 0025825E - 505900N 0024917E - 510131N 0023419E along the Belgian-French border - 510521N 0023244E along the coastline - 510859N 0024257E - 510635N 0025022E - 510812N 0030119E then a counter- clockwise arc radius 5 NM centered on 511305N 0025929E - 511412N 0030716E then a counter- clockwise arc radius 8 NM centered on 511221N 0025450E - 511749N 0030411E along the coastline - 511952N 0031055E - 511939N 0031105E - 511938N 0031052E - 511902N 0031037E - 511800N 0031136E - 511842N 0031144E - 511827N 0031207E - 511612N 0031241E - 511607N 0031203E - 511446N 0031222E - 511415N 0031243E - 511325N 0031254E - 511320N 0031325E - 511332N 0031340E - 511438N 0031325E - 511440N 0031340E - 511502N 0031338E - 511458N 0031312E - 511623N 0031250E - 511752N 0031540E - 511934N 0031347E - 512025N 0031344E along the coastline - 512223N 0032147E along border Belgian- Dutch - 511635N 0032236E.",
        "restrictionOrHazard": "Training area for helicopters.",
        "timeOfActivity": "HX⁽¹⁾",
        "aipSource": "Belgium and Luxembourg AIP ENR 5.2",
        "aipPage": "ENR 5.2-25",
        "amendment": "AMDT 005/2025",
        "effectiveDate": "15-MAY-2025",
        "aipNotes": [
          "(1) Activated by NOTAM (not later than 1500",
          "(1400) the day before activation)."
        ],
        "geometryNote": "Published AIP anchor points expanded along applicable national borders/coastline using full Eurostat GISCO 2024 1:1M boundary geometry.",
        "color": "#CD853F",
        "colorSource": "AIM Belgium Brussels FIR Structure, 09 JUL 2026",
        "areaType": "military",
        "footnoteReferences": {
          "timeOfActivity": [
            1
          ]
        }
      },
      "geometry": {
        "type": "Polygon",
        "coordinates": [
          [
            [
              3.3766666666666665,
              51.27638888888889
            ],
            [
              3.25,
              51.083333333333336
            ],
            [
              2.9736111111111114,
              51.06583333333333
            ],
            [
              2.8213888888888885,
              50.983333333333334
            ],
            [
              2.571944444444444,
              51.025277777777774
            ],
            [
              2.566034062000028,
              51.04615030400004
            ],
            [
              2.562709197000061,
              51.05776222600008
            ],
            [
              2.559194228000024,
              51.07003807800004
            ],
            [
              2.5455555555555556,
              51.08916666666667
            ],
            [
              2.562709197000061,
              51.09526773600004
            ],
            [
              2.604627858000072,
              51.11009592200003
            ],
            [
              2.650573922000035,
              51.128974079000045
            ],
            [
              2.678669988000024,
              51.13728439100004
            ],
            [
              2.7158333333333333,
              51.14972222222222
            ],
            [
              2.8394444444444447,
              51.109722222222224
            ],
            [
              3.0219444444444443,
              51.13666666666666
            ],
            [
              3.0151817737079263,
              51.135784071944656
            ],
            [
              3.008355512003524,
              51.13512215549382
            ],
            [
              3.0014839057481595,
              51.134682686381886
            ],
            [
              2.994585320584888,
              51.13446683911204
            ],
            [
              2.987678193085269,
              51.13447519053462
            ],
            [
              2.980780982277704,
              51.13470771833069
            ],
            [
              2.9739121211206707,
              51.135163801070576
            ],
            [
              2.9670899680399208,
              51.135842219847774
            ],
            [
              2.9603327586485677,
              51.136741161483805
            ],
            [
              2.9536585577686942,
              51.137858223296384
            ],
            [
              2.9470852118725963,
              51.139190419419144
            ],
            [
              2.9406303020610447,
              51.14073418865727
            ],
            [
              2.934311097695041,
              51.14248540385983
            ],
            [
              2.9281445107963853,
              51.14443938278567
            ],
            [
              2.9221470513310357,
              51.146590900435946
            ],
            [
              2.916334783487676,
              51.14893420282286
            ],
            [
              2.9107232830621026,
              51.15146302214054
            ],
            [
              2.905327596056059,
              51.15417059330022
            ],
            [
              2.9001621985968726,
              51.15704967178864
            ],
            [
              2.8952409582818137,
              51.16009255280504
            ],
            [
              2.890577097048345,
              51.16329109162888
            ],
            [
              2.8861831556685225,
              51.16663672516689
            ],
            [
              2.8820709599625696,
              51.17012049462564
            ],
            [
              2.8782515888232365,
              51.17373306925164
            ],
            [
              2.874735344138842,
              51.17746477107932
            ],
            [
              2.8715317226989447,
              51.18130560062352
            ],
            [
              2.868649390162393,
              51.18524526345089
            ],
            [
              2.8660961571630446,
              51.189273197562024
            ],
            [
              2.8638789576237116,
              51.193378601513686
            ],
            [
              2.862003829343945,
              51.19755046320846
            ],
            [
              2.8604758969220248,
              51.20177758927691
            ],
            [
              2.859299357066079,
              51.20604863497549
            ],
            [
              2.858477466343526,
              51.21035213452207
            ],
            [
              2.8580125314121094,
              51.21467653178883
            ],
            [
              2.85790590176962,
              51.219010211271765
            ],
            [
              2.8581579650530253,
              51.22334152925402
            ],
            [
              2.858768144911135,
              51.22765884508037
            ],
            [
              2.8597349014681823,
              51.231950552458585
            ],
            [
              2.8610557343887377,
              51.23620511070359
            ],
            [
              2.8627271885472907,
              51.2404110758399
            ],
            [
              2.8647448622986107,
              51.244557131477684
            ],
            [
              2.867103418337642,
              51.24863211937823
            ],
            [
              2.8697965971302737,
              51.2526250696251
            ],
            [
              2.872817232888807,
              51.25652523031778
            ],
            [
              2.876157272058436,
              51.26032209670583
            ],
            [
              2.879807794273475,
              51.26400543968255
            ],
            [
              2.8837590357345553,
              51.26756533355886
            ],
            [
              2.8880004149505205,
              51.27099218303964
            ],
            [
              2.8925205607813393,
              51.27427674932654
            ],
            [
              2.8973073427110476,
              51.27741017527411
            ],
            [
              2.9023479032725734,
              51.280384009527715
            ],
            [
              2.9076286925393093,
              51.28319022957477
            ],
            [
              2.913135504591494,
              51.28582126364383
            ],
            [
              2.9188535158589315,
              51.2882700113888
            ],
            [
              2.9247673252352704,
              51.290529863299064
            ],
            [
              2.9308609958531013,
              51.29259471877982
            ],
            [
              2.937118098403434,
              51.294459002850466
            ],
            [
              2.943521755877863,
              51.29611768141297
            ],
            [
              2.9500546896067488,
              51.29756627504588
            ],
            [
              2.956699266462294,
              51.29880087128414
            ],
            [
              2.96343754709126,
              51.29981813534898
            ],
            [
              2.9702513350384945,
              51.300615319296746
            ],
            [
              2.9771222266192505,
              51.30119026955997
            ],
            [
              2.9840316613956666,
              51.30154143285865
            ],
            [
              2.990960973110585,
              51.30166786046467
            ],
            [
              2.997891440930288,
              51.30156921080675
            ],
            [
              3.004804340846611,
              51.30124575040833
            ],
            [
              3.0116809970883276,
              51.30069835315577
            ],
            [
              3.0185028333916626,
              51.2999284978988
            ],
            [
              3.025251423980309,
              51.29893826439051
            ],
            [
              3.0319085441063343,
              51.297730327578385
            ],
            [
              3.0384562200049627,
              51.29630795026342
            ],
            [
              3.0448767781182684,
              51.294674974148336
            ],
            [
              3.051152893445444,
              51.29283580930135
            ],
            [
              3.0572676368803635,
              51.290795422065806
            ],
            [
              3.063204521400752,
              51.288559321450926
            ],
            [
              3.068947546977275,
              51.28613354404327
            ],
            [
              3.074481244075331,
              51.28352463748224
            ],
            [
              3.0797907156271935,
              51.28073964254769
            ],
            [
              3.0848616773574222,
              51.27778607391089
            ],
            [
              3.0896804963500544,
              51.274671899604556
            ],
            [
              3.094234227752071,
              51.27140551927037
            ],
            [
              3.0985106495138486,
              51.26799574124648
            ],
            [
              3.102498295073856,
              51.264451758560035
            ],
            [
              3.1061864839016025,
              51.260783123893056
            ],
            [
              3.109565349819817,
              51.25699972359243
            ],
            [
              3.1126258670339815,
              51.25311175079742
            ],
            [
              3.115359873804628,
              51.24912967776003
            ],
            [
              3.117760093705209,
              51.24506422743596
            ],
            [
              3.119820154415832,
              51.24092634442515
            ],
            [
              3.1215346040106704,
              51.236727165342735
            ],
            [
              3.123372689123987,
              51.22988488992856
            ],
            [
              3.125068360518822,
              51.22303871101003
            ],
            [
              3.1261937989215816,
              51.21614662020955
            ],
            [
              3.126746222629503,
              51.209227223494686
            ],
            [
              3.1267243993675766,
              51.202299192148544
            ],
            [
              3.126128646828883,
              51.195381212330155
            ],
            [
              3.1249608290274415,
              51.188491934685615
            ],
            [
              3.123224348503474,
              51.18164992414542
            ],
            [
              3.1209241344318057,
              51.17487361004226
            ],
            [
              3.118066626694489,
              51.168181236681384
            ],
            [
              3.1146597559886446,
              51.16159081449383
            ],
            [
              3.1107129200499095,
              51.1551200719003
            ],
            [
              3.1062369560807968,
              51.148786408010324
            ],
            [
              3.101244109481717,
              51.1426068462789
            ],
            [
              3.0957479989902814,
              51.13659798923909
            ],
            [
              3.0897635783419775,
              51.13077597442561
            ],
            [
              3.0833070945721865,
              51.12515643160061
            ],
            [
              3.076396043085988,
              51.119754441389155
            ],
            [
              3.0690491196281435,
              51.1145844954271
            ],
            [
              3.061286169291169,
              51.10966045812033
            ],
            [
              3.053128132704457,
              51.104995530109264
            ],
            [
              3.0445969895520566,
              51.10060221352813
            ],
            [
              3.0357156995709316,
              51.09649227914344
            ],
            [
              3.0265081411853445,
              51.0926767354512
            ],
            [
              3.0169990479364923,
              51.089165799807304
            ],
            [
              3.0072139428696043,
              51.08596887166014
            ],
            [
              2.997179071043504,
              51.0830945079495
            ],
            [
              2.9869213303300857,
              51.08055040072983
            ],
            [
              2.9764682006733376,
              51.07834335707133
            ],
            [
              2.9658476719794207,
              51.07647928128575
            ],
            [
              2.9550881708109467,
              51.074963159518916
            ],
            [
              2.9442184860599956,
              51.0737990467463
            ],
            [
              2.9332676937755497,
              51.072990056201576
            ],
            [
              2.922265081321973,
              51.07253835126335
            ],
            [
              2.911240071045888,
              51.07244513981859
            ],
            [
              2.900222143629329,
              51.0727106711161
            ],
            [
              2.8892407613073847,
              51.07333423511727
            ],
            [
              2.8783252911286845,
              51.07431416434562
            ],
            [
              2.8675049284370484,
              51.07564783823091
            ],
            [
              2.856808620752369,
              51.07733168993753
            ],
            [
              2.8462649922283796,
              51.07936121566152
            ],
            [
              2.8359022688643365,
              51.08173098637423
            ],
            [
              2.825748204646816,
              51.08443466198551
            ],
            [
              2.8158300087967842,
              51.08746500789293
            ],
            [
              2.8061742742958353,
              51.09081391387854
            ],
            [
              2.7968069078639926,
              51.09447241530824
            ],
            [
              2.787753061559713,
              51.0984307165842
            ],
            [
              2.7790370661707096,
              51.102678216794274
            ],
            [
              2.770682366561909,
              51.107203537497675
            ],
            [
              2.762711459144241,
              51.111994552580335
            ],
            [
              2.7551458316250383,
              51.117038420108315
            ],
            [
              2.748005905197538,
              51.12232161610238
            ],
            [
              2.741310979323344,
              51.12782997015185
            ],
            [
              2.735079179257703,
              51.13354870278076
            ],
            [
              2.7293274064630153,
              51.13946246447482
            ],
            [
              2.7240712920511667,
              51.145555376272725
            ],
            [
              2.719325153390008,
              51.15181107182104
            ],
            [
              2.7151019540035644,
              51.15821274078769
            ],
            [
              2.7114132668893745,
              51.16474317352464
            ],
            [
              2.7082692413696816,
              51.171384806866826
            ],
            [
              2.705678573586046,
              51.17811977095053
            ],
            [
              2.7036484807392713,
              51.184929936930885
            ],
            [
              2.702184679168408,
              51.19179696547522
            ],
            [
              2.701291366353915,
              51.19870235590595
            ],
            [
              2.7009712069209124,
              51.205627495863965
            ],
            [
              2.70122532270883,
              51.21255371136147
            ],
            [
              2.7020532869636007,
              51.219462317090965
            ],
            [
              2.703453122697992,
              51.22633466685545
            ],
            [
              2.705421305254623,
              51.23315220398383
            ],
            [
              2.7079527690947645,
              51.239896511594154
            ],
            [
              2.7110409188241884,
              51.24654936256741
            ],
            [
              2.714677644455138,
              51.253092769093456
            ],
            [
              2.7188533408909783,
              51.25950903165209
            ],
            [
              2.723556931607296,
              51.26578078729178
            ],
            [
              2.7287758964902245,
              51.27189105707037
            ],
            [
              2.7344963037795624,
              51.277823292523266
            ],
            [
              2.740702846050961,
              51.2835614210266
            ],
            [
              2.74737888015809,
              51.28908988992504
            ],
            [
              2.754506471042317,
              51.29439370929719
            ],
            [
              2.7620664393041428,
              51.29945849323388
            ],
            [
              2.7700384124174673,
              51.304270499509336
            ],
            [
              2.7784008794547908,
              51.30881666752842
            ],
            [
              2.7871312491787754,
              51.31308465443813
            ],
            [
              2.7962059113432227,
              51.31706286929613
            ],
            [
              2.805600301034598,
              51.32074050519487
            ],
            [
              2.8152889658737794,
              51.3241075692447
            ],
            [
              2.8252456358867932,
              51.32715491032647
            ],
            [
              2.8354432958430236,
              51.329874244529435
            ],
            [
              2.845854259849777,
              51.33225817819803
            ],
            [
              2.8564502479832212,
              51.33430022851716
            ],
            [
              2.8672024647276486,
              51.33599484157357
            ],
            [
              2.878081678987823,
              51.3373374078383
            ],
            [
              2.8890583054328394,
              51.33832427502261
            ],
            [
              2.90010248692456,
              51.33895275826834
            ],
            [
              2.911184177779315,
              51.33922114764123
            ],
            [
              2.922273227608131,
              51.339128712904284
            ],
            [
              2.9333394654784475,
              51.33867570555647
            ],
            [
              2.9443527841389088,
              51.33786335813062
            ],
            [
              2.955283224048616,
              51.336693880752435
            ],
            [
              2.966101056952984,
              51.335170454971504
            ],
            [
              2.976776868750214,
              51.333297224882855
            ],
            [
              2.987281641395283,
              51.331079285566844
            ],
            [
              2.9975868335922367,
              51.3285226688822
            ],
            [
              3.007664460030502,
              51.32563432665611
            ],
            [
              3.017487168926752,
              51.32242211132254
            ],
            [
              3.027028317640677,
              51.31889475406777
            ],
            [
              3.036262046140625,
              51.31506184054945
            ],
            [
              3.0451633481035896,
              51.31093378426297
            ],
            [
              3.0537081394432475,
              51.30652179763533
            ],
            [
              3.0618733240697176,
              51.301837860933645
            ],
            [
              3.0697222222222225,
              51.29694444444444
            ],
            [
              3.110817030000021,
              51.312295292000044
            ],
            [
              3.154817718000061,
              51.323379558000056
            ],
            [
              3.165015633000053,
              51.32607932900004
            ],
            [
              3.1819444444444445,
              51.33111111111111
            ],
            [
              3.1847222222222222,
              51.3275
            ],
            [
              3.181111111111111,
              51.327222222222225
            ],
            [
              3.176944444444444,
              51.31722222222223
            ],
            [
              3.193333333333333,
              51.3
            ],
            [
              3.1955555555555555,
              51.31166666666666
            ],
            [
              3.2019444444444445,
              51.3075
            ],
            [
              3.211388888888889,
              51.269999999999996
            ],
            [
              3.2008333333333336,
              51.26861111111111
            ],
            [
              3.2061111111111114,
              51.24611111111111
            ],
            [
              3.2119444444444447,
              51.237500000000004
            ],
            [
              3.2150000000000003,
              51.22361111111111
            ],
            [
              3.2236111111111114,
              51.22222222222222
            ],
            [
              3.227777777777778,
              51.22555555555556
            ],
            [
              3.2236111111111114,
              51.24388888888889
            ],
            [
              3.227777777777778,
              51.24444444444445
            ],
            [
              3.227222222222222,
              51.25055555555556
            ],
            [
              3.22,
              51.24944444444444
            ],
            [
              3.213888888888889,
              51.27305555555555
            ],
            [
              3.261111111111111,
              51.297777777777775
            ],
            [
              3.229722222222222,
              51.32611111111112
            ],
            [
              3.228888888888889,
              51.34027777777778
            ],
            [
              3.254312149000043,
              51.34350609900008
            ],
            [
              3.282579028000043,
              51.35165197200007
            ],
            [
              3.293748553000057,
              51.35487077600004
            ],
            [
              3.3630555555555555,
              51.37305555555555
            ],
            [
              3.373970230000054,
              51.359681022000075
            ],
            [
              3.374312390000057,
              51.35217662400004
            ],
            [
              3.374455806000071,
              51.34903117500005
            ],
            [
              3.376935784000068,
              51.346742505000066
            ],
            [
              3.38299070000005,
              51.34115467100003
            ],
            [
              3.384711236000044,
              51.33573178600005
            ],
            [
              3.372431525000025,
              51.325868513000046
            ],
            [
              3.359694115000025,
              51.31563760800003
            ],
            [
              3.364504819000047,
              51.311728137000046
            ],
            [
              3.370919009000033,
              51.30651557600004
            ],
            [
              3.375965756000028,
              51.30232570000004
            ],
            [
              3.370138066000038,
              51.29872505600008
            ],
            [
              3.367078405000029,
              51.29683464200008
            ],
            [
              3.372899198000027,
              51.29235160500008
            ],
            [
              3.379903256000034,
              51.28695724500005
            ],
            [
              3.38105095100002,
              51.28242715400006
            ],
            [
              3.378352555000049,
              51.27976375900005
            ],
            [
              3.3766666666666665,
              51.27638888888889
            ]
          ]
        ]
      }
    },
    {
      "type": "Feature",
      "id": "HTA10B",
      "properties": {
        "id": "HTA10B",
        "name": "HTA10B - AALTER HELICOPTER TRAINING AREA",
        "chapter": "ENR 5.2",
        "upperLimit": "500FT AGL",
        "lowerLimit": "GND",
        "verticalLimits": "500FT AGL / GND",
        "lateralLimits": "511635N 0032236E - 510500N 0031500E - 510357N 0025825E - 505334N 0032421E - 510314N 0032818E - 510838N 0034420E - 511014N 0034517E - 511050N 0034529E - 511137N 0034646E - 511141N 0034702E - 511133N 0034755E - 511238N 0034804E along the Belgian-Dutch border - 511635N 0032236E.",
        "restrictionOrHazard": "Training area for helicopters.",
        "timeOfActivity": "HX⁽¹⁾",
        "aipSource": "Belgium and Luxembourg AIP ENR 5.2",
        "aipPage": "ENR 5.2-25",
        "amendment": "AMDT 005/2025",
        "effectiveDate": "15-MAY-2025",
        "aipNotes": [
          "(1) Activated by NOTAM (not later than 1500",
          "(1400) the day before activation)."
        ],
        "geometryNote": "Published AIP anchor points expanded along applicable national borders/coastline using full Eurostat GISCO 2024 1:1M boundary geometry.",
        "color": "#CD853F",
        "colorSource": "AIM Belgium Brussels FIR Structure, 09 JUL 2026",
        "areaType": "military",
        "footnoteReferences": {
          "timeOfActivity": [
            1
          ]
        }
      },
      "geometry": {
        "type": "Polygon",
        "coordinates": [
          [
            [
              3.3766666666666665,
              51.27638888888889
            ],
            [
              3.25,
              51.083333333333336
            ],
            [
              2.9736111111111114,
              51.06583333333333
            ],
            [
              3.4058333333333333,
              50.89277777777778
            ],
            [
              3.4716666666666667,
              51.053888888888885
            ],
            [
              3.738888888888889,
              51.14388888888889
            ],
            [
              3.754722222222222,
              51.17055555555555
            ],
            [
              3.7580555555555555,
              51.18055555555555
            ],
            [
              3.7794444444444446,
              51.19361111111111
            ],
            [
              3.783888888888889,
              51.19472222222222
            ],
            [
              3.798611111111111,
              51.192499999999995
            ],
            [
              3.801111111111111,
              51.21055555555556
            ],
            [
              3.790755489000048,
              51.21438998200006
            ],
            [
              3.789400084000022,
              51.24334730700008
            ],
            [
              3.791830933000028,
              51.25025786000003
            ],
            [
              3.793912900000066,
              51.25617659200003
            ],
            [
              3.775886468000067,
              51.26300603800007
            ],
            [
              3.772735787000045,
              51.26259331300008
            ],
            [
              3.764268971000035,
              51.26148419700007
            ],
            [
              3.758838066000067,
              51.26570666100008
            ],
            [
              3.754386074000024,
              51.26916803200004
            ],
            [
              3.73193307400004,
              51.271733880000056
            ],
            [
              3.693956974000059,
              51.276073653000026
            ],
            [
              3.687064698000029,
              51.280853646000025
            ],
            [
              3.67883192100004,
              51.28100173300004
            ],
            [
              3.665733665000062,
              51.28656378100004
            ],
            [
              3.657452815000056,
              51.290080164000074
            ],
            [
              3.651664491000076,
              51.28971553800005
            ],
            [
              3.639196997000056,
              51.28893016900008
            ],
            [
              3.600222587000076,
              51.301239483000074
            ],
            [
              3.590266238000027,
              51.30438400300005
            ],
            [
              3.583533284000055,
              51.299608671000044
            ],
            [
              3.584029887000042,
              51.294769803000065
            ],
            [
              3.584207792000029,
              51.293036305000044
            ],
            [
              3.581444130000023,
              51.28876033600005
            ],
            [
              3.57532242000002,
              51.290742099000056
            ],
            [
              3.562732222000022,
              51.29481788600003
            ],
            [
              3.554748819000054,
              51.29071114300007
            ],
            [
              3.544255380000038,
              51.290111781000064
            ],
            [
              3.539428852000071,
              51.28651318800007
            ],
            [
              3.536979151000025,
              51.28468672500003
            ],
            [
              3.533666289000053,
              51.285834254000065
            ],
            [
              3.527429738000023,
              51.287994508000054
            ],
            [
              3.518730090000076,
              51.287028054000075
            ],
            [
              3.517325637000056,
              51.284115764000035
            ],
            [
              3.523215571000037,
              51.25774945200004
            ],
            [
              3.525596682000071,
              51.24709040100004
            ],
            [
              3.475020341000061,
              51.24267199900004
            ],
            [
              3.449292196000044,
              51.24176120000004
            ],
            [
              3.428507789000037,
              51.24517478300004
            ],
            [
              3.425374586000032,
              51.250259164000056
            ],
            [
              3.421788374000073,
              51.25607866400003
            ],
            [
              3.416127309000046,
              51.258916819000035
            ],
            [
              3.410889956000062,
              51.25804707800006
            ],
            [
              3.407776840000054,
              51.257530099000064
            ],
            [
              3.39714439200003,
              51.265437621000046
            ],
            [
              3.386959407000063,
              51.273012358000074
            ],
            [
              3.380737262000025,
              51.27425920100006
            ],
            [
              3.3766666666666665,
              51.27638888888889
            ]
          ]
        ]
      }
    },
    {
      "type": "Feature",
      "id": "HTA10C",
      "properties": {
        "id": "HTA10C",
        "name": "HTA10C - IEPER HELICOPTER TRAINING AREA",
        "chapter": "ENR 5.2",
        "upperLimit": "500FT AGL",
        "lowerLimit": "GND",
        "verticalLimits": "500FT AGL / GND",
        "lateralLimits": "510131N 0023419E - 505900N 0024917E - 510357N 0025825E - 505334N 0032421E - 505120N 0032729E - 504532N 0031017E - along the Belgian-French border - 510131N 0023419E. ⁽¹⁾",
        "restrictionOrHazard": "Training area for helicopters.",
        "timeOfActivity": "HX⁽²⁾",
        "aipSource": "Belgium and Luxembourg AIP ENR 5.2",
        "aipPage": "ENR 5.2-25",
        "amendment": "AMDT 005/2025",
        "effectiveDate": "15-MAY-2025",
        "aipNotes": [
          "(1) EBR31 excl.",
          "(2) Activated by NOTAM (not later than 1500",
          "(1400) the day before activation)."
        ],
        "geometryNote": "Published AIP anchor points expanded along applicable national borders/coastline using full Eurostat GISCO 2024 1:1M boundary geometry.",
        "color": "#CD853F",
        "colorSource": "AIM Belgium Brussels FIR Structure, 09 JUL 2026",
        "areaType": "military",
        "footnoteReferences": {
          "lateralLimits": [
            1
          ],
          "timeOfActivity": [
            2
          ]
        }
      },
      "geometry": {
        "type": "Polygon",
        "coordinates": [
          [
            [
              2.571944444444444,
              51.025277777777774
            ],
            [
              2.8213888888888885,
              50.983333333333334
            ],
            [
              2.9736111111111114,
              51.06583333333333
            ],
            [
              3.4058333333333333,
              50.89277777777778
            ],
            [
              3.4580555555555557,
              50.855555555555554
            ],
            [
              3.1713888888888886,
              50.75888888888889
            ],
            [
              3.171543015000054,
              50.76188525900005
            ],
            [
              3.171535962000064,
              50.762050517000034
            ],
            [
              3.170842549000042,
              50.76262012900003
            ],
            [
              3.168536324000058,
              50.764514606000034
            ],
            [
              3.165015633000053,
              50.767406906000076
            ],
            [
              3.161578122000037,
              50.772251002000075
            ],
            [
              3.152705203000039,
              50.78108950400008
            ],
            [
              3.152452444000062,
              50.78191348400003
            ],
            [
              3.150092595000046,
              50.78960646400003
            ],
            [
              3.141839259000051,
              50.788670428000046
            ],
            [
              3.126294333000033,
              50.78690743000004
            ],
            [
              3.119993084000043,
              50.790781441000036
            ],
            [
              3.115134505000071,
              50.79376849800008
            ],
            [
              3.110443989000032,
              50.79246209200005
            ],
            [
              3.10581022100007,
              50.78434652400006
            ],
            [
              3.104972987000053,
              50.782880195000075
            ],
            [
              3.098480837000068,
              50.77901914200004
            ],
            [
              3.090169152000044,
              50.77437945600008
            ],
            [
              3.086843879000071,
              50.77294554800005
            ],
            [
              3.081418959000075,
              50.77265560200004
            ],
            [
              3.076940977000049,
              50.774485576000075
            ],
            [
              3.07501363700004,
              50.77527357300005
            ],
            [
              3.070548709000036,
              50.77709817900006
            ],
            [
              3.06751104600005,
              50.77833952900005
            ],
            [
              3.06196626000002,
              50.77982095700003
            ],
            [
              3.058718899000041,
              50.780689076000044
            ],
            [
              3.041192681000041,
              50.77538487000004
            ],
            [
              3.04081715500007,
              50.77505346500004
            ],
            [
              3.035247204000029,
              50.77013793000003
            ],
            [
              3.018708739000033,
              50.773533013000076
            ],
            [
              2.983271954000031,
              50.75717155400008
            ],
            [
              2.972276321000038,
              50.75024372900003
            ],
            [
              2.956712287000073,
              50.75292898600003
            ],
            [
              2.940102835000062,
              50.74535005200005
            ],
            [
              2.938186046000055,
              50.74003884800004
            ],
            [
              2.943936233000045,
              50.732117447000064
            ],
            [
              2.93720048800003,
              50.73004064100007
            ],
            [
              2.930854110000041,
              50.726513090000026
            ],
            [
              2.929900541000052,
              50.71162327700006
            ],
            [
              2.922302784000067,
              50.702793102000044
            ],
            [
              2.91108317100003,
              50.70308192700003
            ],
            [
              2.909190184000067,
              50.69390730900005
            ],
            [
              2.90040282700005,
              50.69327162400003
            ],
            [
              2.886375194000038,
              50.70537534300007
            ],
            [
              2.870144239000069,
              50.70290001700005
            ],
            [
              2.86434913100004,
              50.707492942000044
            ],
            [
              2.846892586000024,
              50.72172952300008
            ],
            [
              2.827538079000021,
              50.718970994000074
            ],
            [
              2.813247005000051,
              50.716934138000056
            ],
            [
              2.790973727000051,
              50.72614058600004
            ],
            [
              2.782974529000057,
              50.74127680700008
            ],
            [
              2.782804767000073,
              50.74504603200006
            ],
            [
              2.78256327400004,
              50.750407917000075
            ],
            [
              2.776256316000058,
              50.752675554000064
            ],
            [
              2.764204372000052,
              50.75700877300005
            ],
            [
              2.762785204000068,
              50.76176971400008
            ],
            [
              2.757669250000049,
              50.76343699100005
            ],
            [
              2.758829954000021,
              50.766299023000045
            ],
            [
              2.760702799000057,
              50.77091703000008
            ],
            [
              2.754281089000074,
              50.774589485000035
            ],
            [
              2.748155793000024,
              50.77903923300005
            ],
            [
              2.741082479000056,
              50.78017353000007
            ],
            [
              2.738531241000032,
              50.78058265400006
            ],
            [
              2.733054977000052,
              50.78626749500006
            ],
            [
              2.725846011000044,
              50.793751033000035
            ],
            [
              2.722233384000049,
              50.80197856600006
            ],
            [
              2.722579696000025,
              50.80315621900007
            ],
            [
              2.724343701000066,
              50.80915481400007
            ],
            [
              2.712383045000024,
              50.81499510400005
            ],
            [
              2.681924894000076,
              50.813591761000055
            ],
            [
              2.680621674000065,
              50.81353171600006
            ],
            [
              2.680481325000073,
              50.813638627000046
            ],
            [
              2.678669988000024,
              50.815018413000075
            ],
            [
              2.670140407000076,
              50.82151582400007
            ],
            [
              2.662292183000034,
              50.81627247200004
            ],
            [
              2.658694423000043,
              50.81434594800004
            ],
            [
              2.657241843000065,
              50.81356812200005
            ],
            [
              2.634949827000071,
              50.81274384800008
            ],
            [
              2.629650260000062,
              50.82550367500005
            ],
            [
              2.625440558000037,
              50.83563942200004
            ],
            [
              2.62279314500006,
              50.83696814100006
            ],
            [
              2.617849885000055,
              50.83944912900006
            ],
            [
              2.616285839000057,
              50.84381814500006
            ],
            [
              2.614858859000037,
              50.84780428200003
            ],
            [
              2.608842628000048,
              50.848193250000065
            ],
            [
              2.60129511100007,
              50.84868122000006
            ],
            [
              2.599138961000051,
              50.853278868000075
            ],
            [
              2.605699607000076,
              50.85906607800007
            ],
            [
              2.611476813000024,
              50.86416220900003
            ],
            [
              2.609553738000045,
              50.868018075000066
            ],
            [
              2.607277839000062,
              50.87258137400005
            ],
            [
              2.608949686000074,
              50.87873602600007
            ],
            [
              2.609180164000065,
              50.879584496000064
            ],
            [
              2.60886565200002,
              50.88022707700003
            ],
            [
              2.605128209000043,
              50.88786305700006
            ],
            [
              2.608071992000021,
              50.89430930700007
            ],
            [
              2.60897023900003,
              50.89627627400006
            ],
            [
              2.607806861000029,
              50.899013627000045
            ],
            [
              2.604694235000068,
              50.90633743700005
            ],
            [
              2.607036110000024,
              50.91268938500008
            ],
            [
              2.605032855000047,
              50.913932904000035
            ],
            [
              2.60366089300004,
              50.91640095200006
            ],
            [
              2.601563898000052,
              50.91578257900005
            ],
            [
              2.598925200000053,
              50.91500446500004
            ],
            [
              2.59352824900003,
              50.91455103100003
            ],
            [
              2.591641863000063,
              50.915767421000055
            ],
            [
              2.589983222000058,
              50.91909052700004
            ],
            [
              2.594710888000066,
              50.92073738300007
            ],
            [
              2.594799824000063,
              50.920768363000036
            ],
            [
              2.600044945000036,
              50.92516590100007
            ],
            [
              2.603058068000053,
              50.92769253500006
            ],
            [
              2.608974937000028,
              50.931018882000046
            ],
            [
              2.617291974000068,
              50.93491783500008
            ],
            [
              2.619031881000069,
              50.94119216100006
            ],
            [
              2.631577421000031,
              50.94587014200005
            ],
            [
              2.62024421700005,
              50.96237734600004
            ],
            [
              2.607809301000032,
              50.98048923300007
            ],
            [
              2.608230219000063,
              50.98172998200005
            ],
            [
              2.609555786000044,
              50.985637387000054
            ],
            [
              2.604782662000048,
              50.99064585800005
            ],
            [
              2.596864625000023,
              50.99219509000005
            ],
            [
              2.593341470000041,
              50.99288442500006
            ],
            [
              2.576964334000024,
              51.00133356100008
            ],
            [
              2.572455865000052,
              51.01308439100006
            ],
            [
              2.574443059000032,
              51.01364244500007
            ],
            [
              2.575892014000033,
              51.01404934800007
            ],
            [
              2.571944444444444,
              51.025277777777774
            ]
          ]
        ]
      }
    },
    {
      "type": "Feature",
      "id": "HTA10D",
      "properties": {
        "id": "HTA10D",
        "name": "HTA10D - TOURNAI HELICOPTER TRAINING AREA",
        "chapter": "ENR 5.2",
        "upperLimit": "500FT AGL",
        "lowerLimit": "GND",
        "verticalLimits": "500FT AGL / GND",
        "lateralLimits": "504532N 0031017E - 505120N 0032729E - 504028N 0034236E - 503147N 0032913E - along the Belgian- French border - 504532N 0031017E.",
        "restrictionOrHazard": "Training area for helicopters.",
        "timeOfActivity": "HX⁽¹⁾",
        "aipSource": "Belgium and Luxembourg AIP ENR 5.2",
        "aipPage": "ENR 5.2-26",
        "amendment": "AMDT 005/2025",
        "effectiveDate": "15-MAY-2025",
        "aipNotes": [
          "(1) Activated by NOTAM (not later than 1500",
          "(1400) the day before activation)."
        ],
        "geometryNote": "Published AIP anchor points expanded along applicable national borders/coastline using full Eurostat GISCO 2024 1:1M boundary geometry.",
        "color": "#CD853F",
        "colorSource": "AIM Belgium Brussels FIR Structure, 09 JUL 2026",
        "areaType": "military",
        "footnoteReferences": {
          "timeOfActivity": [
            1
          ]
        }
      },
      "geometry": {
        "type": "Polygon",
        "coordinates": [
          [
            [
              3.1713888888888886,
              50.75888888888889
            ],
            [
              3.4580555555555557,
              50.855555555555554
            ],
            [
              3.71,
              50.67444444444444
            ],
            [
              3.4869444444444446,
              50.52972222222222
            ],
            [
              3.470356068000058,
              50.532615434000036
            ],
            [
              3.454618709000044,
              50.51861400900003
            ],
            [
              3.452720516000056,
              50.51388432400006
            ],
            [
              3.450041835000036,
              50.50720991700007
            ],
            [
              3.439774653000029,
              50.50723633400003
            ],
            [
              3.439474278000034,
              50.50723710700004
            ],
            [
              3.436091483000041,
              50.50952555400005
            ],
            [
              3.428238304000047,
              50.50466950400005
            ],
            [
              3.424923,
              50.50380851400007
            ],
            [
              3.405514238000023,
              50.49876802400007
            ],
            [
              3.401655335000044,
              50.498438244000056
            ],
            [
              3.39141991200006,
              50.497563531000026
            ],
            [
              3.385060018000047,
              50.49460798000007
            ],
            [
              3.377232933000073,
              50.490970599000036
            ],
            [
              3.370154419000073,
              50.496329004000074
            ],
            [
              3.360534605000055,
              50.50361116100004
            ],
            [
              3.343485245000068,
              50.50643125800008
            ],
            [
              3.334672132000037,
              50.507889015000046
            ],
            [
              3.328822188000061,
              50.508110085000055
            ],
            [
              3.327144069000042,
              50.50938788700006
            ],
            [
              3.327632764000043,
              50.51243616000005
            ],
            [
              3.327655496000034,
              50.51257795400005
            ],
            [
              3.319426714000031,
              50.51839410600007
            ],
            [
              3.317616970000074,
              50.51861400900003
            ],
            [
              3.308351591000076,
              50.51973984700004
            ],
            [
              3.305371433000062,
              50.52010196700007
            ],
            [
              3.286492129000067,
              50.527569079000045
            ],
            [
              3.28026288600006,
              50.53936521800006
            ],
            [
              3.280831513000066,
              50.54842181200007
            ],
            [
              3.281263988000035,
              50.55530989400006
            ],
            [
              3.280148819000033,
              50.55527014300003
            ],
            [
              3.278994032000071,
              50.55522897900005
            ],
            [
              3.276016868000056,
              50.55825413000008
            ],
            [
              3.279690199000072,
              50.55987071200008
            ],
            [
              3.283798270000034,
              50.56167861800003
            ],
            [
              3.27918586200002,
              50.564929876000065
            ],
            [
              3.278654800000027,
              50.56530421900004
            ],
            [
              3.279026659000067,
              50.56652690200008
            ],
            [
              3.281785091000074,
              50.57559671700005
            ],
            [
              3.277682887000026,
              50.58000671800005
            ],
            [
              3.276133238000057,
              50.58167264100007
            ],
            [
              3.276999881000052,
              50.58685818200007
            ],
            [
              3.278312153000059,
              50.59471014300004
            ],
            [
              3.275859315000048,
              50.59829957300008
            ],
            [
              3.270942056000024,
              50.60549538300006
            ],
            [
              3.269386854000061,
              50.61018953700005
            ],
            [
              3.268600783000068,
              50.61256218200003
            ],
            [
              3.267685504000042,
              50.613298816000054
            ],
            [
              3.256381902000044,
              50.622396165000055
            ],
            [
              3.258668811000064,
              50.62815507600004
            ],
            [
              3.250621829000067,
              50.636127499000054
            ],
            [
              3.245405383000048,
              50.640740736000055
            ],
            [
              3.248720954000021,
              50.64774829900006
            ],
            [
              3.245047077000038,
              50.65140900100005
            ],
            [
              3.246176926000032,
              50.65260650400006
            ],
            [
              3.246314157000029,
              50.652751952000074
            ],
            [
              3.24569974700006,
              50.653478567000036
            ],
            [
              3.241166079000038,
              50.65884018100007
            ],
            [
              3.242077905000031,
              50.66666812300008
            ],
            [
              3.249058264000041,
              50.672396853000066
            ],
            [
              3.25803634500005,
              50.675048926000045
            ],
            [
              3.264019176000033,
              50.676816220000035
            ],
            [
              3.260205905000021,
              50.68207484200008
            ],
            [
              3.253646939000021,
              50.691119865000076
            ],
            [
              3.258587331000058,
              50.691874152000025
            ],
            [
              3.260078390000047,
              50.69210180300007
            ],
            [
              3.260187114000075,
              50.700890721000064
            ],
            [
              3.245380278000027,
              50.713005880000026
            ],
            [
              3.237037991000022,
              50.71208690900005
            ],
            [
              3.222118472000034,
              50.710443403000056
            ],
            [
              3.208282608000047,
              50.71264248700004
            ],
            [
              3.20800146800002,
              50.71684515100003
            ],
            [
              3.207908555000074,
              50.71823408200004
            ],
            [
              3.206444640000029,
              50.71881942700003
            ],
            [
              3.192094507000036,
              50.72455731500003
            ],
            [
              3.196768163000058,
              50.73109055000003
            ],
            [
              3.197893718000046,
              50.73266394700005
            ],
            [
              3.196317190000059,
              50.737033935000056
            ],
            [
              3.18922384800004,
              50.74065779400007
            ],
            [
              3.188484767000034,
              50.74103537700006
            ],
            [
              3.187591902000065,
              50.74272732900005
            ],
            [
              3.184267194000029,
              50.74902754800007
            ],
            [
              3.176995843000043,
              50.75616461000004
            ],
            [
              3.1713888888888886,
              50.75888888888889
            ]
          ]
        ]
      }
    },
    {
      "type": "Feature",
      "id": "HTA10E",
      "properties": {
        "id": "HTA10E",
        "name": "HTA10E - OOSTENDE HELICOPTER TRAINING AREA",
        "chapter": "ENR 5.2",
        "upperLimit": "500FT AGL",
        "lowerLimit": "GND",
        "verticalLimits": "500FT AGL / GND",
        "lateralLimits": "510859N 0024257E along the coastline - 511749N 0030411E then a clockwise arc radius 8 NM centered on 511221N 0025450E - 511412N 0030716E then a clockwise arc radius 5 NM centered on 511305N 0025929E - 510812N 0030119E - 510635N 0025022E - 510859N 0024257E.",
        "restrictionOrHazard": "Training area for helicopters.",
        "timeOfActivity": "HX⁽¹⁾",
        "aipSource": "Belgium and Luxembourg AIP ENR 5.2",
        "aipPage": "ENR 5.2-26",
        "amendment": "AMDT 005/2025",
        "effectiveDate": "15-MAY-2025",
        "aipNotes": [
          "(1) Activated by NOTAM (not later than 1500",
          "(1400) the day before activation)."
        ],
        "geometryNote": "Published AIP anchor points expanded along applicable national borders/coastline using full Eurostat GISCO 2024 1:1M boundary geometry.",
        "color": "#CD853F",
        "colorSource": "AIM Belgium Brussels FIR Structure, 09 JUL 2026",
        "areaType": "military",
        "footnoteReferences": {
          "timeOfActivity": [
            1
          ]
        }
      },
      "geometry": {
        "type": "Polygon",
        "coordinates": [
          [
            [
              2.7158333333333333,
              51.14972222222222
            ],
            [
              2.733054977000052,
              51.155654293000055
            ],
            [
              2.749155610000059,
              51.16167639500003
            ],
            [
              2.840025544000071,
              51.19992036300005
            ],
            [
              2.858029060000035,
              51.20770246700005
            ],
            [
              2.86434913100004,
              51.21066010900006
            ],
            [
              2.915558516000033,
              51.234624875000065
            ],
            [
              2.942385330000036,
              51.243525498000054
            ],
            [
              2.986347068000043,
              51.26079209200003
            ],
            [
              3.052445102000036,
              51.28829497900006
            ],
            [
              3.0697222222222225,
              51.29694444444444
            ],
            [
              3.0770444852333334,
              51.29176951590735
            ],
            [
              3.083927023996533,
              51.28636414521244
            ],
            [
              3.0903514510649237,
              51.280742897957786
            ],
            [
              3.0963006324851294,
              51.274920915984865
            ],
            [
              3.1017587327869176,
              51.268913875976686
            ],
            [
              3.1067112562263235,
              51.26273794665746
            ],
            [
              3.111145084185302,
              51.25640974471685
            ],
            [
              3.1150485086439783,
              51.24994628958481
            ],
            [
              3.1184112616545785,
              51.243364957185705
            ],
            [
              3.121224540759167,
              51.23668343280237
            ],
            [
              3.122478836074158,
              51.232403234859596
            ],
            [
              3.1234893250577547,
              51.22810092732046
            ],
            [
              3.1241399252374404,
              51.2237714666961
            ],
            [
              3.1244289661126223,
              51.21942664630145
            ],
            [
              3.1243557629553407,
              51.21507829794798
            ],
            [
              3.1239206175611933,
              51.210738259703675
            ],
            [
              3.123124816312517,
              51.20641834367233
            ],
            [
              3.121970625571221,
              51.20213030387996
            ],
            [
              3.1204612844258097,
              51.197885804354925
            ],
            [
              3.11860099482405,
              51.193696387488096
            ],
            [
              3.1163949091294727,
              51.18957344275759
            ],
            [
              3.1138491151463823,
              51.18552817590172
            ],
            [
              3.110970618664325,
              51.18157157862199
            ],
            [
              3.1077673235789534,
              51.1777143988964
            ],
            [
              3.1042480096520184,
              51.17396711198119
            ],
            [
              3.1004223079786892,
              51.170339892177
            ],
            [
              3.0963006742356645,
              51.16684258543341
            ],
            [
              3.0918943597884763,
              51.163484682863
            ],
            [
              3.0872153807411205,
              51.160275295233504
            ],
            [
              3.0822764850155373,
              51.15722312850398
            ],
            [
              3.0770911175526656,
              51.15433646046798
            ],
            [
              3.0716733837306376,
              51.15162311856341
            ],
            [
              3.06603801109935,
              51.14909045890589
            ],
            [
              3.0602003095339776,
              51.14674534659891
            ],
            [
              3.054176129913101,
              51.14459413737082
            ],
            [
              3.047981821429992,
              51.14264266058503
            ],
            [
              3.0416341876481527,
              51.14089620366641
            ],
            [
              3.0351504414145962,
              51.13935949798302
            ],
            [
              3.0285481587464362,
              51.13803670621874
            ],
            [
              3.0218452318082334,
              51.136931411268264
            ],
            [
              2.8394444444444447,
              51.109722222222224
            ],
            [
              2.7158333333333333,
              51.14972222222222
            ]
          ]
        ]
      }
    },
    {
      "type": "Feature",
      "id": "HTA12B",
      "properties": {
        "id": "HTA12B",
        "name": "HTA12B - SINT-TRUIDEN HELICOPTER TRAINING AREA",
        "chapter": "ENR 5.2",
        "upperLimit": "500FT AGL",
        "lowerLimit": "GND",
        "verticalLimits": "500FT AGL / GND",
        "lateralLimits": "504836N 0050925 E - 504928N 0051342E - 505104N 0051436E - 505429N 0052029E - 505220N 0052946E - 504803E 0053112E -504634N 0053321E then a counter-clockwise arc radius 5 NM centred on 504137N 0053205E - 504512N 0052633E - 504201N 0052128E - 504225N 0051445E - 504157N 0051009E - 504332E 0045844E - 504836N 0050925E. ⁽¹⁾",
        "restrictionOrHazard": "Low level flights.",
        "timeOfActivity": "HX ⁽²⁾",
        "aipSource": "Belgium and Luxembourg AIP ENR 5.2",
        "aipPage": "ENR 5.2-26",
        "amendment": "AMDT 005/2025",
        "effectiveDate": "15-MAY-2025",
        "aipNotes": [
          "(1) EBR61, EBR62, EBR63 and EBR64 excl when active.",
          "(2) Activated by NOTAM (not later than 1500",
          "(1400) the day before activation). May be activated in VMC from MON to FRI (HOL excl), 0700- 2300 (0600-2200)."
        ],
        "color": "#CD853F",
        "colorSource": "AIM Belgium Brussels FIR Structure, 09 JUL 2026",
        "areaType": "military",
        "footnoteReferences": {
          "lateralLimits": [
            1
          ],
          "timeOfActivity": [
            2
          ]
        }
      },
      "geometry": {
        "type": "Polygon",
        "coordinates": [
          [
            [
              5.2283333333333335,
              50.824444444444445
            ],
            [
              5.243333333333333,
              50.85111111111111
            ],
            [
              5.341388888888889,
              50.908055555555556
            ],
            [
              5.496111111111111,
              50.87222222222222
            ],
            [
              5.555833333333333,
              50.77611111111111
            ],
            [
              5.5625772447152695,
              50.77530545364846
            ],
            [
              5.569245646861533,
              50.774279118585405
            ],
            [
              5.5758204692674775,
              50.77303488802715
            ],
            [
              5.582283899006997,
              50.77157613448597
            ],
            [
              5.588618429665619,
              50.76990681159941
            ],
            [
              5.594806909380093,
              50.76803144325293
            ],
            [
              5.600832587845887,
              50.765955111138645
            ],
            [
              5.606679162157621,
              50.7636834407863
            ],
            [
              5.612330821351557,
              50.76122258610722
            ],
            [
              5.617772289523765,
              50.75857921249586
            ],
            [
              5.622988867402548,
              50.75576047853791
            ],
            [
              5.627966472258939,
              50.752774016377764
            ],
            [
              5.632691676044822,
              50.74962791080193
            ],
            [
              5.637151741654179,
              50.746330677098236
            ],
            [
              5.641334657209236,
              50.74289123775451
            ],
            [
              5.645229168279875,
              50.73931889806298
            ],
            [
              5.648824807951421,
              50.735623320699986
            ],
            [
              5.652111924662941,
              50.73181449935301
            ],
            [
              5.655081707745321,
              50.72790273146962
            ],
            [
              5.657726210595712,
              50.72389859020504
            ],
            [
              5.660038371432328,
              50.71981289564695
            ],
            [
              5.662012031581093,
              50.71565668539821
            ],
            [
              5.66364195125311,
              50.71144118459896
            ],
            [
              5.664923822779544,
              50.70717777547177
            ],
            [
              5.665854281277993,
              50.70287796647336
            ],
            [
              5.666430912731948,
              50.69855336113813
            ],
            [
              5.666652259472363,
              50.694215626698586
            ],
            [
              5.666517823057715,
              50.68987646256824
            ],
            [
              5.666028064556147,
              50.68554756877255
            ],
            [
              5.665184402240398,
              50.68124061441312
            ],
            [
              5.663989206713179,
              50.676967206250175
            ],
            [
              5.662445793487399,
              50.67273885748714
            ],
            [
              5.660558413052274,
              50.668566956840934
            ],
            [
              5.658332238462712,
              50.66446273797971
            ],
            [
              5.655773350495556,
              50.66043724940914
            ],
            [
              5.652888720422199,
              50.656501324886165
            ],
            [
              5.649686190452852,
              50.65266555443807
            ],
            [
              5.646174451913161,
              50.648940256062204
            ],
            [
              5.642363021219156,
              50.645335448180035
            ],
            [
              5.638262213721465,
              50.64186082291675
            ],
            [
              5.633883115494466,
              50.63852572027536
            ],
            [
              5.629237553150544,
              50.63533910327144
            ],
            [
              5.624338061763779,
              50.63230953409233
            ],
            [
              5.6191978509914415,
              50.62944515134136
            ],
            [
              5.613830769485295,
              50.62675364842501
            ],
            [
              5.608251267688211,
              50.62424225313771
            ],
            [
              5.602474359114807,
              50.621917708495694
            ],
            [
              5.596515580217745,
              50.619786254868366
            ],
            [
              5.59039094894409,
              50.61785361345165
            ],
            [
              5.584116922088565,
              50.616124971125025
            ],
            [
              5.577710351552825,
              50.61460496672993
            ],
            [
              5.5711884396218325,
              50.61329767880357
            ],
            [
              5.564568693370266,
              50.61220661479896
            ],
            [
              5.5578688783134025,
              50.611334701817505
            ],
            [
              5.551106971418289,
              50.61068427887755
            ],
            [
              5.54430111359214,
              50.61025709073772
            ],
            [
              5.5374695617658105,
              50.6100542832904
            ],
            [
              5.530630640690895,
              50.610076400536805
            ],
            [
              5.523802694569521,
              50.610323383151
            ],
            [
              5.517004038636154,
              50.6107945686365
            ],
            [
              5.510252910810869,
              50.611488693075096
            ],
            [
              5.503567423543358,
              50.6124038944633
            ],
            [
              5.496965515966669,
              50.61353771762873
            ],
            [
              5.490464906479099,
              50.61488712071363
            ],
            [
              5.484083045871929,
              50.616448483210064
            ],
            [
              5.477837071119739,
              50.61821761552652
            ],
            [
              5.471743759948852,
              50.62018977006232
            ],
            [
              5.465819486298097,
              50.62235965376252
            ],
            [
              5.460080176784429,
              50.62472144212168
            ],
            [
              5.454541268284179,
              50.6272687946021
            ],
            [
              5.44921766673857,
              50.629994871427485
            ],
            [
              5.444123707289925,
              50.63289235171044
            ],
            [
              5.439273115852398,
              50.63595345286812
            ],
            [
              5.434678972218344,
              50.63916995127696
            ],
            [
              5.430353674798414,
              50.64253320411471
            ],
            [
              5.426308907090188,
              50.64603417233416
            ],
            [
              5.422555605966719,
              50.649663444710235
            ],
            [
              5.419103931872497,
              50.65341126289921
            ],
            [
              5.415963241010454,
              50.65726754744583
            ],
            [
              5.413142059599234,
              50.661221924671494
            ],
            [
              5.410648060275545,
              50.665263754374195
            ],
            [
              5.408488040711556,
              50.669382158268526
            ],
            [
              5.406667904512276,
              50.673566049091626
            ],
            [
              5.405192644452616,
              50.677804160299296
            ],
            [
              5.404066328108255,
              50.682085076274234
            ],
            [
              5.403292085928697,
              50.68639726296692
            ],
            [
              5.402872101794902,
              50.69072909888807
            ],
            [
              5.402807606097646,
              50.69506890637036
            ],
            [
              5.403098871366346,
              50.69940498301586
            ],
            [
              5.403745210471466,
              50.70372563324513
            ],
            [
              5.404744977416781,
              50.708019199862775
            ],
            [
              5.40609557073084,
              50.7122740955543
            ],
            [
              5.407793439459789,
              50.71647883422854
            ],
            [
              5.40983409175653,
              50.720622062120285
            ],
            [
              5.412212106053738,
              50.724692588567876
            ],
            [
              5.414921144800902,
              50.728679416380935
            ],
            [
              5.417953970737985,
              50.732571771714525
            ],
            [
              5.421302465670774,
              50.736359133366676
            ],
            [
              5.424957651705452,
              50.7400312614177
            ],
            [
              5.428909714892396,
              50.74357822513132
            ],
            [
              5.43314803122171,
              50.74699043003905
            ],
            [
              5.4376611949056635,
              50.75025864413167
            ],
            [
              5.442437048875849,
              50.75337402308374
            ],
            [
              5.357777777777778,
              50.70027777777778
            ],
            [
              5.245833333333334,
              50.706944444444446
            ],
            [
              5.169166666666667,
              50.69916666666666
            ],
            [
              5.156944444444445,
              50.809999999999995
            ],
            [
              5.2283333333333335,
              50.824444444444445
            ]
          ]
        ]
      }
    },
    {
      "type": "Feature",
      "id": "HTA13",
      "properties": {
        "id": "HTA13",
        "name": "HTA13 - WESTERLO HELICOPTER TRAINING AREA",
        "chapter": "ENR 5.2",
        "upperLimit": "500FT AGL",
        "lowerLimit": "GND",
        "verticalLimits": "500FT AGL / GND",
        "lateralLimits": "505713N 0045955E - 505752N 0044910E - 505921N 0044837E - 510008N 0045002E - 510756N 0043625E - 511005N 0044746E - 511019N 0044902E - 510625N 0050313E - 510536N 0050817E - 510443N 0050817E - 510156N 0051153E - 510005N 0051255E - 505635N 0050132E - 505713N 0045955E.",
        "restrictionOrHazard": "Low level flights.",
        "timeOfActivity": "HX ⁽¹⁾",
        "aipSource": "Belgium and Luxembourg AIP ENR 5.2",
        "aipPage": "ENR 5.2-26",
        "amendment": "AMDT 005/2025",
        "effectiveDate": "15-MAY-2025",
        "aipNotes": [
          "(1) Activated by NOTAM (not later than 1500",
          "(1400) the day before activation). May be activated in VMC from MON to FRI (HOL excl), 0700- 2300 (0600-2200)."
        ],
        "color": "#CD853F",
        "colorSource": "AIM Belgium Brussels FIR Structure, 09 JUL 2026",
        "areaType": "military",
        "footnoteReferences": {
          "timeOfActivity": [
            1
          ]
        }
      },
      "geometry": {
        "type": "Polygon",
        "coordinates": [
          [
            [
              4.998611111111111,
              50.953611111111115
            ],
            [
              4.819444444444445,
              50.964444444444446
            ],
            [
              4.810277777777777,
              50.98916666666667
            ],
            [
              4.833888888888889,
              51.00222222222222
            ],
            [
              4.606944444444444,
              51.132222222222225
            ],
            [
              4.796111111111111,
              51.168055555555554
            ],
            [
              4.817222222222222,
              51.17194444444444
            ],
            [
              5.053611111111111,
              51.106944444444444
            ],
            [
              5.138055555555556,
              51.093333333333334
            ],
            [
              5.138055555555556,
              51.078611111111115
            ],
            [
              5.198055555555555,
              51.032222222222224
            ],
            [
              5.215277777777778,
              51.00138888888889
            ],
            [
              5.025555555555555,
              50.94305555555555
            ],
            [
              4.998611111111111,
              50.953611111111115
            ]
          ]
        ]
      }
    },
    {
      "type": "Feature",
      "id": "HTA14A",
      "properties": {
        "id": "HTA14A",
        "name": "HTA14A - TURNHOUT HELICOPTER TRAINING AREA",
        "chapter": "ENR 5.2",
        "upperLimit": "500FT AGL",
        "lowerLimit": "GND",
        "verticalLimits": "500FT AGL / GND",
        "lateralLimits": "511435N 0044200E - 512058N 0044536E - 512329N 0044518E - 512454N 0044616E along border BELGIUM_NETHERLANDS - 511856N 0050804E - 511801N 0050834E - 511738N 0045212E - 511441N 0044700E - 511435N 0044200E.",
        "restrictionOrHazard": "Low level flights.",
        "timeOfActivity": "HX ⁽¹⁾",
        "aipSource": "Belgium and Luxembourg AIP ENR 5.2",
        "aipPage": "ENR 5.2-27",
        "amendment": "AIRAC AMDT 004/2026",
        "effectiveDate": "16-APR-2026",
        "aipNotes": [
          "(1) Activated by NOTAM (not later than 1500",
          "(1400) the day before activation). May be activated in VMC from MON to FRI (HOL excl), 0700- 2300 (0600-2200)."
        ],
        "geometryNote": "Published AIP anchor points expanded along applicable national borders/coastline using full Eurostat GISCO 2024 1:1M boundary geometry.",
        "color": "#CD853F",
        "colorSource": "AIM Belgium Brussels FIR Structure, 09 JUL 2026",
        "areaType": "military",
        "footnoteReferences": {
          "timeOfActivity": [
            1
          ]
        }
      },
      "geometry": {
        "type": "Polygon",
        "coordinates": [
          [
            [
              4.7,
              51.24305555555556
            ],
            [
              4.76,
              51.349444444444444
            ],
            [
              4.755,
              51.39138888888889
            ],
            [
              4.771111111111111,
              51.415
            ],
            [
              4.78789421700003,
              51.41000432300007
            ],
            [
              4.815579274000072,
              51.41243651600007
            ],
            [
              4.835521135000022,
              51.414188453000065
            ],
            [
              4.842900611000061,
              51.413305956000045
            ],
            [
              4.846174158000053,
              51.41291447900005
            ],
            [
              4.850039369000058,
              51.413533131000065
            ],
            [
              4.852512973000046,
              51.41392904700007
            ],
            [
              4.854186435000031,
              51.41366510200004
            ],
            [
              4.858392450000053,
              51.41300171200004
            ],
            [
              4.859726470000055,
              51.41139992800004
            ],
            [
              4.867408860000069,
              51.409118973000034
            ],
            [
              4.869729301000064,
              51.41309408300003
            ],
            [
              4.875732613000025,
              51.41435076000005
            ],
            [
              4.883665665000024,
              51.41601139100004
            ],
            [
              4.899937438000052,
              51.41351992700004
            ],
            [
              4.911621080000032,
              51.404248841000026
            ],
            [
              4.916633857000022,
              51.40027115300006
            ],
            [
              4.914105526000071,
              51.39502387700003
            ],
            [
              4.920862953000039,
              51.39368792300007
            ],
            [
              4.927639358000022,
              51.39542462400004
            ],
            [
              4.941809612000043,
              51.405967614000076
            ],
            [
              4.963669268000046,
              51.42223169400006
            ],
            [
              4.990459705000035,
              51.43692422100003
            ],
            [
              5.001429502000065,
              51.44294032500005
            ],
            [
              5.010374136000053,
              51.45825205400007
            ],
            [
              5.009252147000041,
              51.46262640800006
            ],
            [
              5.008305393000057,
              51.46631756200003
            ],
            [
              5.016353434000052,
              51.47555891500008
            ],
            [
              5.022609268000053,
              51.48145804100005
            ],
            [
              5.036698250000029,
              51.48693196500005
            ],
            [
              5.039456545000064,
              51.485584817000074
            ],
            [
              5.039141140000027,
              51.48021323200004
            ],
            [
              5.039047006000033,
              51.47861006200003
            ],
            [
              5.049744013000065,
              51.47112307300006
            ],
            [
              5.06079716000005,
              51.47083785800004
            ],
            [
              5.079385100000025,
              51.47035821500003
            ],
            [
              5.102720321000049,
              51.43370547000006
            ],
            [
              5.102137094000057,
              51.42895604100005
            ],
            [
              5.096069095000075,
              51.42302286700004
            ],
            [
              5.094868940000026,
              51.42164257100006
            ],
            [
              5.093627831000049,
              51.42021458200003
            ],
            [
              5.091770912000072,
              51.41807765400006
            ],
            [
              5.088430656000071,
              51.41423398500007
            ],
            [
              5.084294791000048,
              51.40917536000006
            ],
            [
              5.076795196000035,
              51.40000149600007
            ],
            [
              5.072981970000058,
              51.39563808500003
            ],
            [
              5.071045140000024,
              51.39342085200008
            ],
            [
              5.084907839000039,
              51.38358911900008
            ],
            [
              5.115002737000054,
              51.36224515200007
            ],
            [
              5.131070070000021,
              51.34721966600006
            ],
            [
              5.132513399000061,
              51.333728561000044
            ],
            [
              5.134444444444445,
              51.315555555555555
            ],
            [
              5.142777777777778,
              51.30027777777777
            ],
            [
              4.87,
              51.29388888888889
            ],
            [
              4.783333333333333,
              51.24472222222222
            ],
            [
              4.7,
              51.24305555555556
            ]
          ]
        ]
      }
    },
    {
      "type": "Feature",
      "id": "HTA14B",
      "properties": {
        "id": "HTA14B",
        "name": "HTA14B - GEEL HELICOPTER TRAINING AREA",
        "chapter": "ENR 5.2",
        "upperLimit": "500FT AGL",
        "lowerLimit": "GND",
        "verticalLimits": "500FT AGL / GND",
        "lateralLimits": "511400N 0044110E - 511435N 0044200E - 511441N 0044700E - 511738N 0045212E - 511801N 0050834E - 511224N 0051036E - 510536N 0050817E - 510625N 0050313E - 511019N 0044902E - 511005N 0044746E - 511400N 0044110E. ⁽¹⁾",
        "restrictionOrHazard": "Low level flights.",
        "timeOfActivity": "HX ⁽²⁾",
        "aipSource": "Belgium and Luxembourg AIP ENR 5.2",
        "aipPage": "ENR 5.2-27",
        "amendment": "AIRAC AMDT 004/2026",
        "effectiveDate": "16-APR-2026",
        "aipNotes": [
          "(1) EBR16 excl.",
          "(2) Activated by NOTAM (not later than 1500",
          "(1400) the day before activation). May be activated in VMC from MON to FRI (HOL excl), 0700- 2300 (0600-2200)."
        ],
        "color": "#CD853F",
        "colorSource": "AIM Belgium Brussels FIR Structure, 09 JUL 2026",
        "areaType": "military",
        "footnoteReferences": {
          "lateralLimits": [
            1
          ],
          "timeOfActivity": [
            2
          ]
        }
      },
      "geometry": {
        "type": "Polygon",
        "coordinates": [
          [
            [
              4.686111111111112,
              51.233333333333334
            ],
            [
              4.7,
              51.24305555555556
            ],
            [
              4.783333333333333,
              51.24472222222222
            ],
            [
              4.87,
              51.29388888888889
            ],
            [
              5.142777777777778,
              51.30027777777777
            ],
            [
              5.176666666666667,
              51.20666666666667
            ],
            [
              5.138055555555556,
              51.093333333333334
            ],
            [
              5.053611111111111,
              51.106944444444444
            ],
            [
              4.817222222222222,
              51.17194444444444
            ],
            [
              4.796111111111111,
              51.168055555555554
            ],
            [
              4.686111111111112,
              51.233333333333334
            ]
          ]
        ]
      }
    },
    {
      "type": "Feature",
      "id": "LFA01",
      "properties": {
        "id": "LFA01",
        "name": "LFA01 - ARDENNES 01",
        "chapter": "ENR 5.2",
        "upperLimit": "500FT AGL",
        "lowerLimit": "250FT AGL",
        "verticalLimits": "500FT AGL / 250FT AGL",
        "lateralLimits": "502231N0045226E- 502723N0051325E- 503001N0052456E- 502845N0053003E- 502846N0053517E- 501008N0051653E- 500954N0045424E- 501320N0045527E- 501918N0045328E- 502231N0045226E.⁽¹⁾",
        "restrictionOrHazard": "Low level flights.",
        "timeOfActivity": "HX⁽²⁾",
        "aipSource": "Belgium and Luxembourg AIP ENR 5.2",
        "aipPage": "ENR 5.2-28",
        "amendment": "AIRAC AMDT 004/2026",
        "effectiveDate": "16-APR-2026",
        "aipNotes": [
          "(1) TSA34A excl when active.",
          "(2) Activated by NOTAM. Can be activated MON to FRI (HOL excl), 0730-1100 (0630-1000) and 1230-1600 (1130-1500). No activation from 01 JUN till 15 SEP and during high intensity use of HTA Ardennes."
        ],
        "color": "#878700",
        "colorSource": "AIM Belgium Brussels FIR Structure, 09 JUL 2026",
        "areaType": "military",
        "footnoteReferences": {
          "lateralLimits": [
            1
          ],
          "timeOfActivity": [
            2
          ]
        }
      },
      "geometry": {
        "type": "Polygon",
        "coordinates": [
          [
            [
              4.87388888888889,
              50.375277777777775
            ],
            [
              5.223611111111111,
              50.45638888888889
            ],
            [
              5.415555555555556,
              50.500277777777775
            ],
            [
              5.5008333333333335,
              50.47916666666667
            ],
            [
              5.588055555555555,
              50.47944444444445
            ],
            [
              5.2813888888888885,
              50.16888888888889
            ],
            [
              4.906666666666667,
              50.165
            ],
            [
              4.924166666666667,
              50.22222222222222
            ],
            [
              4.891111111111111,
              50.32166666666667
            ],
            [
              4.87388888888889,
              50.375277777777775
            ]
          ]
        ]
      }
    },
    {
      "type": "Feature",
      "id": "LFA02",
      "properties": {
        "id": "LFA02",
        "name": "LFA02 - ARDENNES 02",
        "chapter": "ENR 5.2",
        "upperLimit": "500FT AGL",
        "lowerLimit": "250FT AGL",
        "verticalLimits": "500FT AGL / 250FT AGL",
        "lateralLimits": "502846N0053517E- 502846N0054240E- 502237N0055236E- 501030N0055833E- along the Belgian-Luxembourg border- 495959N0054917E- 500000N0054318E- 501059N0053428E- 501008N0051653E- 502846N0053517E.⁽¹⁾",
        "restrictionOrHazard": "Low level flights.",
        "timeOfActivity": "HX⁽²⁾",
        "aipSource": "Belgium and Luxembourg AIP ENR 5.2",
        "aipPage": "ENR 5.2-28",
        "amendment": "AIRAC AMDT 004/2026",
        "effectiveDate": "16-APR-2026",
        "aipNotes": [
          "(1) TSA34A, TSA34B excl when active.",
          "(2) Activated by NOTAM. Can be activated MON to FRI (HOL excl), 0730-1100 (0630-1000) and 1230-1600 (1130-1500). No activation from 01 JUN till 15 SEP and during high intensity use of HTA Ardennes."
        ],
        "geometryNote": "Published AIP anchor points expanded along applicable national borders/coastline using full Eurostat GISCO 2024 1:1M boundary geometry.",
        "color": "#878700",
        "colorSource": "AIM Belgium Brussels FIR Structure, 09 JUL 2026",
        "areaType": "military",
        "footnoteReferences": {
          "lateralLimits": [
            1
          ],
          "timeOfActivity": [
            2
          ]
        }
      },
      "geometry": {
        "type": "Polygon",
        "coordinates": [
          [
            [
              5.588055555555555,
              50.47944444444445
            ],
            [
              5.711111111111111,
              50.47944444444445
            ],
            [
              5.876666666666667,
              50.37694444444445
            ],
            [
              5.975833333333333,
              50.175
            ],
            [
              5.965429841000059,
              50.17203718800005
            ],
            [
              5.962894575000064,
              50.16103292300005
            ],
            [
              5.964985990000059,
              50.15736811700003
            ],
            [
              5.966173314000059,
              50.155287558000055
            ],
            [
              5.963682480000045,
              50.15331112700005
            ],
            [
              5.959984464000058,
              50.150376820000076
            ],
            [
              5.960128506000046,
              50.14224989400003
            ],
            [
              5.960302041000034,
              50.13245901300007
            ],
            [
              5.954155419000074,
              50.13019835400007
            ],
            [
              5.941847206000034,
              50.12737164100008
            ],
            [
              5.918461993000051,
              50.12200097700003
            ],
            [
              5.895268914000042,
              50.112216499000056
            ],
            [
              5.894615185000021,
              50.105391335000036
            ],
            [
              5.894260875000043,
              50.10169220600005
            ],
            [
              5.890897877000043,
              50.09673104400008
            ],
            [
              5.886803901000064,
              50.090691529000026
            ],
            [
              5.886706343000071,
              50.08696594000003
            ],
            [
              5.886524778000023,
              50.080032233000054
            ],
            [
              5.877125807000027,
              50.07591704200007
            ],
            [
              5.861147632000041,
              50.06892125200005
            ],
            [
              5.856644202000041,
              50.06163296700004
            ],
            [
              5.856065765000039,
              50.057159091000074
            ],
            [
              5.864303595000024,
              50.05034120700003
            ],
            [
              5.86920974700007,
              50.04628072400004
            ],
            [
              5.863572194000028,
              50.041412886000046
            ],
            [
              5.857525447000057,
              50.03619172200007
            ],
            [
              5.858268573000032,
              50.03219193400008
            ],
            [
              5.858817436000038,
              50.02923774800007
            ],
            [
              5.854845085000022,
              50.027634109000076
            ],
            [
              5.85295583900006,
              50.02687142000008
            ],
            [
              5.852742508000063,
              50.02653028200007
            ],
            [
              5.849810727000033,
              50.021842062000076
            ],
            [
              5.834714710000071,
              50.01706591200008
            ],
            [
              5.819999606000067,
              50.01241027800006
            ],
            [
              5.821609479000074,
              50.00436991300006
            ],
            [
              5.8213888888888885,
              49.999722222222225
            ],
            [
              5.721666666666667,
              50
            ],
            [
              5.5744444444444445,
              50.183055555555555
            ],
            [
              5.2813888888888885,
              50.16888888888889
            ],
            [
              5.588055555555555,
              50.47944444444445
            ]
          ]
        ]
      }
    },
    {
      "type": "Feature",
      "id": "LFA03",
      "properties": {
        "id": "LFA03",
        "name": "LFA03 - ARDENNES 03",
        "chapter": "ENR 5.2",
        "upperLimit": "500FT AGL",
        "lowerLimit": "250FT AGL",
        "verticalLimits": "500FT AGL / 250FT AGL",
        "lateralLimits": "502237N0055236E- 502534N0060141E- 502542N0062226E- along the Belgian-German border- 500748N0060816E- along the Belgian- Luxembourg border- 501030N0055833E- 502237N0055236E.",
        "restrictionOrHazard": "Low level flights.",
        "timeOfActivity": "HX⁽¹⁾",
        "aipSource": "Belgium and Luxembourg AIP ENR 5.2",
        "aipPage": "ENR 5.2-28",
        "amendment": "AIRAC AMDT 004/2026",
        "effectiveDate": "16-APR-2026",
        "aipNotes": [
          "(1) Activated by NOTAM. Can be activated MON to FRI (HOL excl), 0730-1100 (0630-1000) and 1230-1600 (1130-1500). No activation from 01 JUN till 15 SEP and during high intensity use of HTA Ardennes."
        ],
        "geometryNote": "Published AIP anchor points expanded along applicable national borders/coastline using full Eurostat GISCO 2024 1:1M boundary geometry.",
        "color": "#878700",
        "colorSource": "AIM Belgium Brussels FIR Structure, 09 JUL 2026",
        "areaType": "military",
        "footnoteReferences": {
          "timeOfActivity": [
            1
          ]
        }
      },
      "geometry": {
        "type": "Polygon",
        "coordinates": [
          [
            [
              5.876666666666667,
              50.37694444444445
            ],
            [
              6.0280555555555555,
              50.42611111111111
            ],
            [
              6.373888888888889,
              50.42833333333333
            ],
            [
              6.367413288000023,
              50.41927689200003
            ],
            [
              6.367993708000029,
              50.41520744600007
            ],
            [
              6.368986797000048,
              50.40824469700004
            ],
            [
              6.355923682000025,
              50.390974895000056
            ],
            [
              6.354194593000045,
              50.38950471100003
            ],
            [
              6.352530414000057,
              50.38808971700007
            ],
            [
              6.343347717000029,
              50.38028198900008
            ],
            [
              6.359422364000068,
              50.371589716000074
            ],
            [
              6.360758360000034,
              50.37086728400004
            ],
            [
              6.361182720000045,
              50.37032222100004
            ],
            [
              6.369813724000039,
              50.35923625400005
            ],
            [
              6.390426423000065,
              50.34926611000003
            ],
            [
              6.397283471000037,
              50.34594942900003
            ],
            [
              6.398603513000069,
              50.343378425000026
            ],
            [
              6.400822025000025,
              50.33905750000008
            ],
            [
              6.401257333000046,
              50.33878075500007
            ],
            [
              6.407086889000027,
              50.33507464100006
            ],
            [
              6.405028615000049,
              50.32330853700006
            ],
            [
              6.383371822000072,
              50.32146964000003
            ],
            [
              6.376180698000042,
              50.31560320600005
            ],
            [
              6.373794907000047,
              50.31365690600006
            ],
            [
              6.369360191000055,
              50.313781436000056
            ],
            [
              6.361257016000025,
              50.31400898000004
            ],
            [
              6.36029196800007,
              50.31135929700008
            ],
            [
              6.359092841000063,
              50.308066917000076
            ],
            [
              6.355863216000046,
              50.30938654600004
            ],
            [
              6.349129884000035,
              50.31226401600003
            ],
            [
              6.335347326000033,
              50.318153953000035
            ],
            [
              6.328529889000038,
              50.324069845000054
            ],
            [
              6.318549375000032,
              50.319824674000074
            ],
            [
              6.317932604000021,
              50.31983240100004
            ],
            [
              6.312837494000064,
              50.319896232000076
            ],
            [
              6.307292492000045,
              50.31996569900008
            ],
            [
              6.308187466000049,
              50.314807520000045
            ],
            [
              6.308785477000072,
              50.31136088900007
            ],
            [
              6.30400910000003,
              50.31023496700004
            ],
            [
              6.297431673000062,
              50.30868448800004
            ],
            [
              6.29682893100005,
              50.302377421000074
            ],
            [
              6.296698421000031,
              50.301011766000045
            ],
            [
              6.293210765000026,
              50.29841791700005
            ],
            [
              6.287061359000063,
              50.293844464000074
            ],
            [
              6.28611789100006,
              50.28452426300004
            ],
            [
              6.286941622000029,
              50.28373873800007
            ],
            [
              6.292090188000032,
              50.27882897000006
            ],
            [
              6.278267679000066,
              50.266730953000035
            ],
            [
              6.276985116000048,
              50.266133953000065
            ],
            [
              6.259105905000069,
              50.26687805900008
            ],
            [
              6.257338663000041,
              50.266951609000046
            ],
            [
              6.247775498000067,
              50.264328705000025
            ],
            [
              6.227225883000074,
              50.258692531000065
            ],
            [
              6.223981019000064,
              50.258661559000075
            ],
            [
              6.222829809000075,
              50.25724862000004
            ],
            [
              6.207397940000021,
              50.252272909000055
            ],
            [
              6.199755201000073,
              50.24176599300006
            ],
            [
              6.197033207000061,
              50.23802391000004
            ],
            [
              6.190471352000031,
              50.237403904000075
            ],
            [
              6.179594069000075,
              50.23637614900008
            ],
            [
              6.173622720000026,
              50.23191520600005
            ],
            [
              6.174603507000029,
              50.22818283400005
            ],
            [
              6.174930923000034,
              50.226936855000076
            ],
            [
              6.173483938000061,
              50.22556754000004
            ],
            [
              6.168446329000062,
              50.220800334000046
            ],
            [
              6.172394128000064,
              50.21863990500003
            ],
            [
              6.177765934000035,
              50.215700189000074
            ],
            [
              6.184303975000034,
              50.20725758900005
            ],
            [
              6.185551044000022,
              50.19291669300003
            ],
            [
              6.192752018000022,
              50.181873996000036
            ],
            [
              6.184315113000025,
              50.17858342800008
            ],
            [
              6.172408738000058,
              50.17862194800006
            ],
            [
              6.164821541000038,
              50.178646495000066
            ],
            [
              6.162788428000056,
              50.17639359000003
            ],
            [
              6.161191888000076,
              50.174624453000035
            ],
            [
              6.157365083000059,
              50.172070087000066
            ],
            [
              6.152628114000038,
              50.174040149000064
            ],
            [
              6.146538029000055,
              50.176572960000044
            ],
            [
              6.146369112000059,
              50.17259037300005
            ],
            [
              6.146289420000073,
              50.17071144300007
            ],
            [
              6.143562785000029,
              50.16941470100005
            ],
            [
              6.140671566000037,
              50.16803968500005
            ],
            [
              6.142082132000041,
              50.16578683300003
            ],
            [
              6.14620347400006,
              50.15920453000007
            ],
            [
              6.138179695000076,
              50.15622515600006
            ],
            [
              6.133439619000058,
              50.15446508100007
            ],
            [
              6.140903446000038,
              50.14890255600005
            ],
            [
              6.144063731000074,
              50.14921623300006
            ],
            [
              6.152871713000025,
              50.15009047600006
            ],
            [
              6.153132812000024,
              50.14033051800004
            ],
            [
              6.144569423000064,
              50.13668374400004
            ],
            [
              6.13976499000006,
              50.13463774600007
            ],
            [
              6.138362973000028,
              50.131322115000046
            ],
            [
              6.137777777777778,
              50.13
            ],
            [
              6.112317663000056,
              50.13612005700003
            ],
            [
              6.115865645000042,
              50.144967758000064
            ],
            [
              6.122080160000053,
              50.15006385800007
            ],
            [
              6.116138447000026,
              50.15621970900003
            ],
            [
              6.119217113000047,
              50.16235125700007
            ],
            [
              6.10386683400003,
              50.16992417700004
            ],
            [
              6.081305315000066,
              50.17107473600004
            ],
            [
              6.078753916000039,
              50.157715901000074
            ],
            [
              6.063621780000062,
              50.15395964500004
            ],
            [
              6.04569323000004,
              50.15780489700006
            ],
            [
              6.031074271000023,
              50.16546065600005
            ],
            [
              6.024899634000064,
              50.18277939200004
            ],
            [
              6.022467916000039,
              50.18207744700004
            ],
            [
              6.002551874000062,
              50.176328444000035
            ],
            [
              5.984906661000025,
              50.175505145000045
            ],
            [
              5.975833333333333,
              50.175
            ],
            [
              5.876666666666667,
              50.37694444444445
            ]
          ]
        ]
      }
    },
    {
      "type": "Feature",
      "id": "LFA04",
      "properties": {
        "id": "LFA04",
        "name": "LFA04 - ARDENNES 04",
        "chapter": "ENR 5.2",
        "upperLimit": "500FT AGL",
        "lowerLimit": "250FT AGL",
        "verticalLimits": "500FT AGL / 250FT AGL",
        "lateralLimits": "500954N0045424E- 501008N0051653E- 495442N0052348E- 494714N0050434E- 495410N0045336E- 500954N0045424E. ⁽¹⁾",
        "restrictionOrHazard": "Low level flights.",
        "timeOfActivity": "HX⁽²⁾",
        "aipSource": "Belgium and Luxembourg AIP ENR 5.2",
        "aipPage": "ENR 5.2-28",
        "amendment": "AIRAC AMDT 004/2026",
        "effectiveDate": "16-APR-2026",
        "aipNotes": [
          "(1) TRA/TSA22, TSA32A, TSA32B, TSA34A excl when active.",
          "(2) Activated by NOTAM. Can be activated MON to FRI (HOL excl), 0730-1100 (0630-1000) and 1230-1600 (1130-1500). No activation from 01 JUN till 15 SEP and during high intensity use of HTA Ardennes."
        ],
        "color": "#878700",
        "colorSource": "AIM Belgium Brussels FIR Structure, 09 JUL 2026",
        "areaType": "military",
        "footnoteReferences": {
          "lateralLimits": [
            1
          ],
          "timeOfActivity": [
            2
          ]
        }
      },
      "geometry": {
        "type": "Polygon",
        "coordinates": [
          [
            [
              4.906666666666667,
              50.165
            ],
            [
              5.2813888888888885,
              50.16888888888889
            ],
            [
              5.396666666666667,
              49.91166666666666
            ],
            [
              5.076111111111111,
              49.78722222222222
            ],
            [
              4.893333333333333,
              49.90277777777778
            ],
            [
              4.906666666666667,
              50.165
            ]
          ]
        ]
      }
    },
    {
      "type": "Feature",
      "id": "LFA05",
      "properties": {
        "id": "LFA05",
        "name": "LFA05 - ARDENNES 05",
        "chapter": "ENR 5.2",
        "upperLimit": "500FT AGL",
        "lowerLimit": "250FT AGL",
        "verticalLimits": "500FT AGL / 250FT AGL",
        "lateralLimits": "501008N0051653E- 501059N0053428E- 500000N0054318E- 495442N0052348E- 501008N0051653E.⁽¹⁾",
        "restrictionOrHazard": "Low level flights.",
        "timeOfActivity": "HX⁽²⁾",
        "aipSource": "Belgium and Luxembourg AIP ENR 5.2",
        "aipPage": "ENR 5.2-29",
        "amendment": "AIRAC AMDT 004/2026",
        "effectiveDate": "16-APR-2026",
        "aipNotes": [
          "(1) TSA32A, TSA32B, TSA34A, TSA34B excl when active.",
          "(2) Activated by NOTAM. Can be activated MON to FRI (HOL excl), 0730-1100 (0630-1000) and 1230-1600 (1130-1500). No activation from 01 JUN till 15 SEP and during high intensity use of HTA Ardennes."
        ],
        "color": "#878700",
        "colorSource": "AIM Belgium Brussels FIR Structure, 09 JUL 2026",
        "areaType": "military",
        "footnoteReferences": {
          "lateralLimits": [
            1
          ],
          "timeOfActivity": [
            2
          ]
        }
      },
      "geometry": {
        "type": "Polygon",
        "coordinates": [
          [
            [
              5.2813888888888885,
              50.16888888888889
            ],
            [
              5.5744444444444445,
              50.183055555555555
            ],
            [
              5.721666666666667,
              50
            ],
            [
              5.396666666666667,
              49.91166666666666
            ],
            [
              5.2813888888888885,
              50.16888888888889
            ]
          ]
        ]
      }
    },
    {
      "type": "Feature",
      "id": "LFA06",
      "properties": {
        "id": "LFA06",
        "name": "LFA06 - ARDENNES 06",
        "chapter": "ENR 5.2",
        "upperLimit": "500FT AGL",
        "lowerLimit": "250FT AGL",
        "verticalLimits": "500FT AGL/ 250FT AGL",
        "lateralLimits": "494714N0050434E- 495442N0052348E- 493826N0053833E- 493514N0053041E- 494520N0051208E- 494714N0050434E. ⁽¹⁾",
        "restrictionOrHazard": "Low level flights.",
        "timeOfActivity": "HX⁽²⁾",
        "aipSource": "Belgium and Luxembourg AIP ENR 5.2",
        "aipPage": "ENR 5.2-29",
        "amendment": "AIRAC AMDT 004/2026",
        "effectiveDate": "16-APR-2026",
        "aipNotes": [
          "(1) TRA/TSA22, TSA32A, TSA32B excl when active.",
          "(2) Activated by NOTAM. Can be activated MON to FRI (HOL excl), 0730-1100 (0630-1000) and 1230-1600 (1130-1500). No activation from 01 JUN till 15 SEP and during high intensity use of HTA Ardennes."
        ],
        "color": "#878700",
        "colorSource": "AIM Belgium Brussels FIR Structure, 09 JUL 2026",
        "areaType": "military",
        "footnoteReferences": {
          "lateralLimits": [
            1
          ],
          "timeOfActivity": [
            2
          ]
        }
      },
      "geometry": {
        "type": "Polygon",
        "coordinates": [
          [
            [
              5.076111111111111,
              49.78722222222222
            ],
            [
              5.396666666666667,
              49.91166666666666
            ],
            [
              5.642499999999999,
              49.64055555555556
            ],
            [
              5.511388888888889,
              49.58722222222222
            ],
            [
              5.202222222222223,
              49.75555555555555
            ],
            [
              5.076111111111111,
              49.78722222222222
            ]
          ]
        ]
      }
    },
    {
      "type": "Feature",
      "id": "LFA07",
      "properties": {
        "id": "LFA07",
        "name": "LFA07 - ARDENNES 07",
        "chapter": "ENR 5.2",
        "upperLimit": "500FT AGL",
        "lowerLimit": "250FT AGL",
        "verticalLimits": "500FT AGL / 250FT AGL",
        "lateralLimits": "495442N0052348E- 500000N0054318E- 495117N0054157E- 494211N0054751E- 493826N0053833E- 495442N0052348E.⁽¹⁾",
        "restrictionOrHazard": "Low level flights.",
        "timeOfActivity": "HX⁽²⁾",
        "aipSource": "Belgium and Luxembourg AIP ENR 5.2",
        "aipPage": "ENR 5.2-29",
        "amendment": "AIRAC AMDT 004/2026",
        "effectiveDate": "16-APR-2026",
        "aipNotes": [
          "(1) TSA32B excl when active.",
          "(2) Activated by NOTAM. Can be activated MON to FRI (HOL excl), 0730-1100 (0630-1000) and 1230-1600 (1130-1500). No activation from 01 JUN till 15 SEP and during high intensity use of HTA Ardennes."
        ],
        "color": "#878700",
        "colorSource": "AIM Belgium Brussels FIR Structure, 09 JUL 2026",
        "areaType": "military",
        "footnoteReferences": {
          "lateralLimits": [
            1
          ],
          "timeOfActivity": [
            2
          ]
        }
      },
      "geometry": {
        "type": "Polygon",
        "coordinates": [
          [
            [
              5.396666666666667,
              49.91166666666666
            ],
            [
              5.721666666666667,
              50
            ],
            [
              5.699166666666667,
              49.85472222222222
            ],
            [
              5.7975,
              49.70305555555556
            ],
            [
              5.642499999999999,
              49.64055555555556
            ],
            [
              5.396666666666667,
              49.91166666666666
            ]
          ]
        ]
      }
    },
    {
      "type": "Feature",
      "id": "LFA11",
      "properties": {
        "id": "LFA11",
        "name": "LFA11 - KOKSIJDE TRAINING AREA",
        "chapter": "ENR 5.2",
        "upperLimit": "500FT AMSL",
        "lowerLimit": "10FT AMSL",
        "verticalLimits": "500FT AMSL / 10FT AMSL",
        "lateralLimits": "510521N 0023244E - 510700N 0020000E - 513000N 0020000E - 512223N 0032147E along the coastline - 512025N 0031344E - 512136N 0031339E - 512153N 0031118E - 512103N 0030959E - 511952N 0031055E along the coastline - 510521N 0023244E.",
        "restrictionOrHazard": "Training area for helicopters and fixed-wing aircraft. ⁽¹⁾",
        "timeOfActivity": "HX ⁽²⁾",
        "aipSource": "Belgium and Luxembourg AIP ENR 5.2",
        "aipPage": "ENR 5.2-29",
        "amendment": "AIRAC AMDT 004/2026",
        "effectiveDate": "16-APR-2026",
        "aipNotes": [
          "(1) Can be activated for rotary wing and fixed wing aircraft at the same time.",
          "(2) Activated by NOTAM."
        ],
        "geometryNote": "Published AIP anchor points expanded along applicable national borders/coastline using full Eurostat GISCO 2024 1:1M boundary geometry.",
        "color": "#878700",
        "colorSource": "AIM Belgium Brussels FIR Structure, 09 JUL 2026",
        "areaType": "military",
        "footnoteReferences": {
          "restrictionOrHazard": [
            1
          ],
          "timeOfActivity": [
            2
          ]
        }
      },
      "geometry": {
        "type": "Polygon",
        "coordinates": [
          [
            [
              2.5455555555555556,
              51.08916666666667
            ],
            [
              2,
              51.11666666666667
            ],
            [
              2,
              51.5
            ],
            [
              3.3630555555555555,
              51.37305555555555
            ],
            [
              3.293748553000057,
              51.35487077600004
            ],
            [
              3.282579028000043,
              51.35165197200007
            ],
            [
              3.254312149000043,
              51.34350609900008
            ],
            [
              3.228888888888889,
              51.34027777777778
            ],
            [
              3.2275,
              51.36
            ],
            [
              3.188333333333333,
              51.36472222222223
            ],
            [
              3.1663888888888887,
              51.350833333333334
            ],
            [
              3.1819444444444445,
              51.33111111111111
            ],
            [
              3.165015633000053,
              51.32607932900004
            ],
            [
              3.154817718000061,
              51.323379558000056
            ],
            [
              3.110817030000021,
              51.312295292000044
            ],
            [
              3.078819803000044,
              51.30229182700003
            ],
            [
              3.052445102000036,
              51.28829497900006
            ],
            [
              2.986347068000043,
              51.26079209200003
            ],
            [
              2.942385330000036,
              51.243525498000054
            ],
            [
              2.915558516000033,
              51.234624875000065
            ],
            [
              2.86434913100004,
              51.21066010900006
            ],
            [
              2.858029060000035,
              51.20770246700005
            ],
            [
              2.840025544000071,
              51.19992036300005
            ],
            [
              2.749155610000059,
              51.16167639500003
            ],
            [
              2.733054977000052,
              51.155654293000055
            ],
            [
              2.703867867000042,
              51.14473747000005
            ],
            [
              2.678669988000024,
              51.13728439100004
            ],
            [
              2.650573922000035,
              51.128974079000045
            ],
            [
              2.604627858000072,
              51.11009592200003
            ],
            [
              2.562709197000061,
              51.09526773600004
            ],
            [
              2.5455555555555556,
              51.08916666666667
            ]
          ]
        ]
      }
    }
  ]
}
