{
  "type": "FeatureCollection",
  "name": "Belgium and Luxembourg AIP ENR 5.1 - Prohibited, Restricted and Danger Areas",
  "aipSource": "Belgium and Luxembourg AIP ENR 5.1",
  "sourceFile": "EB_ENR_5_1_en.pdf",
  "importedOn": "2026-07-30",
  "notes": "The literal published lateral and vertical limits, restriction/hazard and activity text are retained on every feature. Geometry is a map representation; consult lateralLimits for the authoritative AIP description.",
  "features": [
    {
      "type": "Feature",
      "id": "EBR01",
      "properties": {
        "id": "EBR01",
        "name": "EBR01 - BRUSSELS CITY",
        "chapter": "ENR 5.1",
        "upperLimit": "UNL",
        "lowerLimit": "GND",
        "verticalLimits": "UNL / GND",
        "lateralLimits": "505311N 0042013E - an arc of circle, 0.8NM radius, centred on 505311N 0042130E and traced clockwise to 505316N 0042247E - an arc of circle, 2.7NM radius, centred on 505039N 0042142E and traced clockwise to 505311N 0042013E.",
        "restrictionOrHazard": "Entry prohibited, unless instructed by ATC.",
        "timeOfActivity": "PERM",
        "aipSource": "Belgium and Luxembourg AIP ENR 5.1",
        "aipPage": "ENR 5.1-1",
        "amendment": "AIRAC AMDT 013/2024",
        "effectiveDate": "26-DEC-2024",
        "geometryNote": "Published circular arcs are geodesically sampled at maximum 3 degrees.",
        "color": "#FF0000",
        "colorSource": "AIM Belgium Brussels FIR Structure, 09 JUL 2026",
        "areaType": "restricted"
      },
      "geometry": {
        "type": "Polygon",
        "coordinates": [
          [
            [
              4.336944444444444,
              50.88638888888889
            ],
            [
              4.336972647790588,
              50.88708354721853
            ],
            [
              4.337057503655821,
              50.887776368401774
            ],
            [
              4.3371987895021,
              50.88846551490686
            ],
            [
              4.337396133082086,
              50.88914915886687
            ],
            [
              4.337649013400362,
              50.88982548692957
            ],
            [
              4.337956762069968,
              50.89049270506947
            ],
            [
              4.338318565060947,
              50.89114904334954
            ],
            [
              4.338733464836484,
              50.89179276061972
            ],
            [
              4.3392003628712486,
              50.89242214913977
            ],
            [
              4.339718022545463,
              50.89303553911432
            ],
            [
              4.340285072407244,
              50.893631303127755
            ],
            [
              4.3409000097947334,
              50.89420786046723
            ],
            [
              4.341561204808582,
              50.89476368132236
            ],
            [
              4.342266904624384,
              50.89529729085022
            ],
            [
              4.3430152381337335,
              50.89580727309488
            ],
            [
              4.343804220901674,
              50.896292274750955
            ],
            [
              4.344631760427453,
              50.896751008761136
            ],
            [
              4.345495661694633,
              50.89718225773802
            ],
            [
              4.346393632995861,
              50.89758487720115
            ],
            [
              4.347323292016795,
              50.897957798620496
            ],
            [
              4.34828217216298,
              50.8983000322583
            ],
            [
              4.349267729112831,
              50.898610669801606
            ],
            [
              4.350277347579187,
              50.89888888677848
            ],
            [
              4.351308348261382,
              50.89913394475129
            ],
            [
              4.35235799496922,
              50.89934519328142
            ],
            [
              4.353423501899755,
              50.89952207165981
            ],
            [
              4.354502041047374,
              50.899664110398916
            ],
            [
              4.355590749727301,
              50.89977093248207
            ],
            [
              4.356686738192304,
              50.89984225436668
            ],
            [
              4.357787097322162,
              50.899877886738835
            ],
            [
              4.358888906365209,
              50.89987773501708
            ],
            [
              4.359989240711162,
              50.89984179960414
            ],
            [
              4.36108517967431,
              50.899770175885834
            ],
            [
              4.36217381426617,
              50.89966305397727
            ],
            [
              4.363252254936672,
              50.899520718216856
            ],
            [
              4.364317639263093,
              50.89934354640962
            ],
            [
              4.365367139566069,
              50.89913200882189
            ],
            [
              4.366397970432216,
              50.898886666929904
            ],
            [
              4.367407396123162,
              50.8986081719258
            ],
            [
              4.368392737851123,
              50.89829726298501
            ],
            [
              4.369351380901498,
              50.897954765299644
            ],
            [
              4.370280781583393,
              50.89758158788331
            ],
            [
              4.371178473989497,
              50.89717872115297
            ],
            [
              4.372042076547208,
              50.89674723429466
            ],
            [
              4.372869298343529,
              50.896288272419866
            ],
            [
              4.373657945206861,
              50.895803053520396
            ],
            [
              4.374405925529506,
              50.89529286522973
            ],
            [
              4.375111255815394,
              50.89475906139964
            ],
            [
              4.375772065938316,
              50.894203058501226
            ],
            [
              4.37638660409675,
              50.89362633186002
            ],
            [
              4.3769532414521795,
              50.89303041173513
            ],
            [
              4.377470476438696,
              50.892416879253105
            ],
            [
              4.377936938732553,
              50.8917873622071
            ],
            [
              4.378351392871287,
              50.891143530732904
            ],
            [
              4.378712741512969,
              50.89048709287311
            ],
            [
              4.379020028327123,
              50.889819790041344
            ],
            [
              4.379272440509846,
              50.88914339239865
            ],
            [
              4.379469310916696,
              50.888459694154434
            ],
            [
              4.379610119807922,
              50.88777050880423
            ],
            [
              4.383294543954494,
              50.887125459541814
            ],
            [
              4.386808113228146,
              50.88635666309223
            ],
            [
              4.390253388758751,
              50.88547347682738
            ],
            [
              4.393621016280701,
              50.88447829975233
            ],
            [
              4.396901854115255,
              50.8833738349099
            ],
            [
              4.400086998138284,
              50.882163081981076
            ],
            [
              4.403167806077888,
              50.88084932907563
            ],
            [
              4.406135921074134,
              50.879436143735944
            ],
            [
              4.408983294435507,
              50.877927363179595
            ],
            [
              4.411702207529158,
              50.876327083807915
            ],
            [
              4.41428529274472,
              50.874639650010245
            ],
            [
              4.416725553474339,
              50.8728696422951
            ],
            [
              4.419016383054581,
              50.87102186478148
            ],
            [
              4.42115158261905,
              50.86910133208552
            ],
            [
              4.423125377813872,
              50.867113255638785
            ],
            [
              4.424932434331626,
              50.86506302947647
            ],
            [
              4.426567872222838,
              50.862956215535135
            ],
            [
              4.428027278947822,
              50.86079852850054
            ],
            [
              4.4293067211353385,
              50.85859582024768
            ],
            [
              4.430402755018379,
              50.8563540639161
            ],
            [
              4.431312435521188,
              50.854079337664196
            ],
            [
              4.432033323975575,
              50.85177780814736
            ],
            [
              4.432563494448459,
              50.849455713765316
            ],
            [
              4.432901538666554,
              50.847119347724544
            ],
            [
              4.433046569528019,
              50.84477504096187
            ],
            [
              4.432998223194888,
              50.84242914497623
            ],
            [
              4.432756659763955,
              50.84008801461469
            ],
            [
              4.432322562517728,
              50.83775799086008
            ],
            [
              4.43169713576088,
              50.835445383666304
            ],
            [
              4.430882101251447,
              50.83315645488791
            ],
            [
              4.42987969323975,
              50.83089740135003
            ],
            [
              4.428692652131661,
              50.82867433810377
            ],
            [
              4.427324216796468,
              50.82649328191249
            ],
            [
              4.425778115543033,
              50.82436013501265
            ],
            [
              4.424058555791387,
              50.822280669192814
            ],
            [
              4.422170212470183,
              50.8202605102333
            ],
            [
              4.4201182151736225,
              50.81830512274735
            ],
            [
              4.417908134114556,
              50.81641979546465
            ],
            [
              4.4155459649134166,
              50.814609626995534
            ],
            [
              4.413038112265478,
              50.812879512113824
            ],
            [
              4.410391372531625,
              50.81123412859426
            ],
            [
              4.407612915300427,
              50.80967792463921
            ],
            [
              4.4047102639717135,
              50.808215106927584
            ],
            [
              4.401691275414171,
              50.80684962931729
            ],
            [
              4.398564118751634,
              50.80558518223088
            ],
            [
              4.39533725333475,
              50.80442518275184
            ],
            [
              4.392019405956606,
              50.80337276545767
            ],
            [
              4.388619547372571,
              50.80243077401332
            ],
            [
              4.385146868186251,
              50.80160175354709
            ],
            [
              4.3816107541648295,
              50.80088794382859
            ],
            [
              4.3780207610483854,
              50.80029127326662
            ],
            [
              4.374386588918877,
              50.799813353742444
            ],
            [
              4.37071805619549,
              50.79945547629179
            ],
            [
              4.36702507332385,
              50.799218607646914
            ],
            [
              4.363317616227286,
              50.799103387647506
            ],
            [
              4.3596056995888635,
              50.79911012752726
            ],
            [
              4.355899350033253,
              50.799238809080386
            ],
            [
              4.35220857927776,
              50.79948908471041
            ],
            [
              4.348543357321854,
              50.79986027836092
            ],
            [
              4.344913585744512,
              50.80035138732612
            ],
            [
              4.3413290711784,
              50.80096108493619
            ],
            [
              4.337799499029577,
              50.80168772411084
            ],
            [
              4.334334407510811,
              50.80252934177155
            ],
            [
              4.330943162055959,
              50.80348366410137
            ],
            [
              4.327634930181981,
              50.80454811263839
            ],
            [
              4.324418656864175,
              50.8057198111873
            ],
            [
              4.321303040489076,
              50.80699559353104
            ],
            [
              4.3182965094481665,
              50.808372011922316
            ],
            [
              4.315407199434095,
              50.80984534633331
            ],
            [
              4.312642931499502,
              50.811411614439095
            ],
            [
              4.3100111909368275,
              50.8130665823089
            ],
            [
              4.307519107035564,
              50.81480577577735
            ],
            [
              4.305173433771401,
              50.81662449246584
            ],
            [
              4.302980531479529,
              50.818517814422634
            ],
            [
              4.300946349562045,
              50.82048062134837
            ],
            [
              4.299076410276965,
              50.82250760437243
            ],
            [
              4.297375793653737,
              50.82459328034352
            ],
            [
              4.295849123577458,
              50.826732006597226
            ],
            [
              4.294500555081106,
              50.828917996160946
            ],
            [
              4.293333762882171,
              50.83114533335632
            ],
            [
              4.292351931196948,
              50.83340798975739
            ],
            [
              4.2915577448625575,
              50.83569984046223
            ],
            [
              4.290953381793456,
              50.83801468063443
            ],
            [
              4.290540506795765,
              50.84034624227033
            ],
            [
              4.290320266759262,
              50.842688211146886
            ],
            [
              4.290293287243265,
              50.84503424390479
            ],
            [
              4.290459670468985,
              50.84737798522062
            ],
            [
              4.29081899472716,
              50.84971308502183
            ],
            [
              4.291370315205989,
              50.85203321569783
            ],
            [
              4.2921121662405435,
              50.85433208926046
            ],
            [
              4.293042564980924,
              50.85660347440728
            ],
            [
              4.2941590164725,
              50.85884121344103
            ],
            [
              4.295458520137663,
              50.861039238999034
            ],
            [
              4.296937577644529,
              50.863191590546755
            ],
            [
              4.298592202144143,
              50.865292430590195
            ],
            [
              4.300417928853751,
              50.86733606056244
            ],
            [
              4.302409826959866,
              50.869316936340674
            ],
            [
              4.304562512810998,
              50.871229683350684
            ],
            [
              4.3068701643661065,
              50.873069111216864
            ],
            [
              4.309326536861144,
              50.87483022791746
            ],
            [
              4.311924979652424,
              50.87650825340522
            ],
            [
              4.314658454192003,
              50.87809863265582
            ],
            [
              4.317519553086851,
              50.87959704810745
            ],
            [
              4.320500520190308,
              50.88099943145689
            ],
            [
              4.323593271671128,
              50.88230197477909
            ],
            [
              4.326789418002432,
              50.883501140938705
            ],
            [
              4.330080286810056,
              50.88459367326488
            ],
            [
              4.333456946517068,
              50.88557660446166
            ],
            [
              4.336910230718791,
              50.88644726472894
            ],
            [
              4.336944444444444,
              50.88638888888889
            ]
          ]
        ]
      }
    },
    {
      "type": "Feature",
      "id": "EBR02",
      "properties": {
        "id": "EBR02",
        "name": "EBR02 - ROYAL ESTATE OF CIERGNON",
        "chapter": "ENR 5.1",
        "upperLimit": "UNL",
        "lowerLimit": "GND",
        "verticalLimits": "UNL / GND",
        "lateralLimits": "A circle, 0.8NM radius, centred on 500958N0050628E.",
        "restrictionOrHazard": "Entry prohibited, unless instructed by ATC.",
        "timeOfActivity": "PERM",
        "aipSource": "Belgium and Luxembourg AIP ENR 5.1",
        "aipPage": "ENR 5.1-1",
        "amendment": "AIRAC AMDT 013/2024",
        "effectiveDate": "26-DEC-2024",
        "geometryNote": "Circle sampled every 5 degrees from the published centre and radius.",
        "color": "#FF0000",
        "colorSource": "AIM Belgium Brussels FIR Structure, 09 JUL 2026",
        "areaType": "restricted"
      },
      "geometry": {
        "type": "Polygon",
        "coordinates": [
          [
            [
              5.107777777777778,
              50.17943544162005
            ],
            [
              5.10959120241368,
              50.17938472440659
            ],
            [
              5.1113908143167865,
              50.17923295907649
            ],
            [
              5.113162906226617,
              50.178981301610634
            ],
            [
              5.114893981013979,
              50.17863166883383
            ],
            [
              5.116570854719781,
              50.17818672377911
            ],
            [
              5.118180757179814,
              50.177649855356115
            ],
            [
              5.119711429460976,
              50.17702515248001
            ],
            [
              5.1211512173598415,
              50.17631737286053
            ],
            [
              5.122489160245901,
              50.175531906691155
            ],
            [
              5.123715074568826,
              50.17467473551821
            ],
            [
              5.124819631391513,
              50.17375238660593
            ],
            [
              5.125794427357899,
              50.172771883148314
            ],
            [
              5.126632048556428,
              50.17174069071018
            ],
            [
              5.127326126795915,
              50.17066666030811
            ],
            [
              5.127871387870055,
              50.16955796856778
            ],
            [
              5.128263691449389,
              50.168423055415744
            ],
            [
              5.128500062304684,
              50.16727055978235
            ],
            [
              5.128578712632848,
              50.1661092538071
            ],
            [
              5.128499055325116,
              50.16494797604846
            ],
            [
              5.128261708086807,
              50.16379556420758
            ],
            [
              5.127868488387911,
              50.16266078787794
            ],
            [
              5.127322399293482,
              50.16155228183263
            ],
            [
              5.1266276062919545,
              50.16047848035595
            ],
            [
              5.125789405307317,
              50.15944755311779
            ],
            [
              5.124814182147263,
              50.15846734307677
            ],
            [
              5.12370936370342,
              50.15754530688241
            ],
            [
              5.122483361281084,
              50.15668845822692
            ],
            [
              5.121145506494228,
              50.155903314575006
            ],
            [
              5.1197059802163345,
              50.15519584767346
            ],
            [
              5.1181757351287045,
              50.15457143821399
            ],
            [
              5.116566412454709,
              50.154034834991016
            ],
            [
              5.114890253510947,
              50.15359011886173
            ],
            [
              5.1131600067439456,
              50.15324067177999
            ],
            [
              5.111388830953814,
              50.152989151136566
            ],
            [
              5.109590195433904,
              50.152837469598985
            ],
            [
              5.107777777777778,
              50.152786780602156
            ],
            [
              5.105965360121653,
              50.152837469598985
            ],
            [
              5.1041667246017415,
              50.152989151136566
            ],
            [
              5.10239554881161,
              50.15324067177999
            ],
            [
              5.100665302044608,
              50.15359011886173
            ],
            [
              5.098989143100847,
              50.154034834991016
            ],
            [
              5.097379820426852,
              50.15457143821399
            ],
            [
              5.095849575339221,
              50.15519584767346
            ],
            [
              5.094410049061328,
              50.155903314575006
            ],
            [
              5.093072194274471,
              50.15668845822692
            ],
            [
              5.091846191852136,
              50.15754530688241
            ],
            [
              5.090741373408292,
              50.15846734307677
            ],
            [
              5.08976615024824,
              50.15944755311779
            ],
            [
              5.088927949263602,
              50.16047848035595
            ],
            [
              5.088233156262074,
              50.16155228183263
            ],
            [
              5.087687067167645,
              50.16266078787794
            ],
            [
              5.087293847468749,
              50.16379556420758
            ],
            [
              5.087056500230441,
              50.16494797604846
            ],
            [
              5.086976842922708,
              50.1661092538071
            ],
            [
              5.0870554932508725,
              50.16727055978235
            ],
            [
              5.087291864106167,
              50.168423055415744
            ],
            [
              5.0876841676855005,
              50.16955796856778
            ],
            [
              5.08822942875964,
              50.17066666030811
            ],
            [
              5.088923506999127,
              50.17174069071018
            ],
            [
              5.089761128197656,
              50.172771883148314
            ],
            [
              5.090735924164043,
              50.17375238660593
            ],
            [
              5.09184048098673,
              50.17467473551821
            ],
            [
              5.0930663953096555,
              50.175531906691155
            ],
            [
              5.094404338195714,
              50.17631737286053
            ],
            [
              5.09584412609458,
              50.17702515248001
            ],
            [
              5.097374798375743,
              50.177649855356115
            ],
            [
              5.098984700835775,
              50.17818672377911
            ],
            [
              5.100661574541577,
              50.17863166883383
            ],
            [
              5.102392649328939,
              50.178981301610634
            ],
            [
              5.10416474123877,
              50.17923295907649
            ],
            [
              5.105964353141876,
              50.17938472440659
            ],
            [
              5.107777777777778,
              50.17943544162005
            ]
          ]
        ]
      }
    },
    {
      "type": "Feature",
      "id": "EBR03",
      "properties": {
        "id": "EBR03",
        "name": "EBR03 - DIEST",
        "chapter": "ENR 5.1",
        "upperLimit": "3500FT AMSL",
        "lowerLimit": "GND",
        "verticalLimits": "3500FT AMSL / GND",
        "lateralLimits": "A circle, 3NM radius, centred on 505957N0050355E.⁽¹⁾",
        "restrictionOrHazard": "Parachute dropping zone and air exercises area. Entry prohibited, unless instructed by Schaffen Radio or Brussels APP.⁽²⁾",
        "timeOfActivity": "MON 0001 (SUN 2301) - SAT SR (HOL excl) ⁽³⁾",
        "aipSource": "Belgium and Luxembourg AIP ENR 5.1",
        "aipPage": "ENR 5.1-1",
        "amendment": "AIRAC AMDT 013/2024",
        "effectiveDate": "26-DEC-2024",
        "aipNotes": [
          "(1) Brussels CTA East One excl. Beauvechain TMA One A and Kleine-Brogel TMA One excl during activation.",
          "(2) Aircraft operating in the EBR03 situated in Class G airspace shall contact Steenokkerzeel ATCC or Brussels FIC before entering the area.",
          "(3) Additional activation possible (see NOTAM)."
        ],
        "geometryNote": "Circle sampled every 5 degrees from the published centre and radius.",
        "color": "#FF0000",
        "colorSource": "AIM Belgium Brussels FIR Structure, 09 JUL 2026",
        "areaType": "restricted",
        "footnoteReferences": {
          "lateralLimits": [
            1
          ],
          "restrictionOrHazard": [
            2
          ],
          "timeOfActivity": [
            3
          ]
        }
      },
      "geometry": {
        "type": "Polygon",
        "coordinates": [
          [
            [
              5.065277777777777,
              51.0491329060752
            ],
            [
              5.072205003436762,
              51.0489425648146
            ],
            [
              5.079079339102522,
              51.048372994317226
            ],
            [
              5.085848302481786,
              51.047428543233266
            ],
            [
              5.09246022341964,
              51.04611642205919
            ],
            [
              5.098864641844605,
              51.04444664757006
            ],
            [
              5.105012696047667,
              51.04243196564753
            ],
            [
              5.1108574982103026,
              51.04008775311985
            ],
            [
              5.1163544942116985,
              51.037431899396296
            ],
            [
              5.121461804886619,
              51.03448466883805
            ],
            [
              5.126140546070877,
              51.031268544958024
            ],
            [
              5.130355124959153,
              51.02780805768384
            ],
            [
              5.134073510507629,
              51.02412959504807
            ],
            [
              5.137267475839304,
              51.020261200788475
            ],
            [
              5.1399128108501,
              51.0162323594465
            ],
            [
              5.141989503466523,
              51.012073770644186
            ],
            [
              5.143481888267907,
              51.0078171142979
            ],
            [
              5.144378761455292,
              51.00349480859013
            ],
            [
              5.14467346142242,
              50.9991397625695
            ],
            [
              5.144363914459197,
              50.99478512528174
            ],
            [
              5.143452645392146,
              50.99046403335352
            ],
            [
              5.141946753237262,
              50.98620935895358
            ],
            [
              5.139857852206277,
              50.982053460044305
            ],
            [
              5.1372019786656535,
              50.978027934811436
            ],
            [
              5.133999464896777,
              50.97416338211913
            ],
            [
              5.130274780744373,
              50.97048916978516
            ],
            [
              5.126056344466661,
              50.967033212404345
            ],
            [
              5.12137630431407,
              50.96382176037095
            ],
            [
              5.116270292562449,
              50.96087920166097
            ],
            [
              5.110777153910889,
              50.9582278778355
            ],
            [
              5.104938650322788,
              50.955887915616835
            ],
            [
              5.098799144541287,
              50.95387707527047
            ],
            [
              5.0924052646461515,
              50.95221061689988
            ],
            [
              5.085805552138498,
              50.95090118562773
            ],
            [
              5.079050096142128,
              50.949958716497335
            ],
            [
              5.072190156395633,
              50.949390359784225
            ],
            [
              5.065277777777777,
              50.949200427258134
            ],
            [
              5.058365399159921,
              50.949390359784225
            ],
            [
              5.051505459413427,
              50.949958716497335
            ],
            [
              5.0447500034170565,
              50.95090118562773
            ],
            [
              5.038150290909403,
              50.95221061689988
            ],
            [
              5.031756411014268,
              50.95387707527047
            ],
            [
              5.025616905232767,
              50.955887915616835
            ],
            [
              5.0197784016446665,
              50.9582278778355
            ],
            [
              5.0142852629931065,
              50.96087920166097
            ],
            [
              5.009179251241485,
              50.96382176037095
            ],
            [
              5.004499211088894,
              50.967033212404345
            ],
            [
              5.0002807748111815,
              50.97048916978516
            ],
            [
              4.996556090658777,
              50.97416338211913
            ],
            [
              4.993353576889901,
              50.978027934811436
            ],
            [
              4.990697703349277,
              50.982053460044305
            ],
            [
              4.988608802318293,
              50.98620935895358
            ],
            [
              4.987102910163409,
              50.99046403335352
            ],
            [
              4.986191641096358,
              50.99478512528174
            ],
            [
              4.985882094133134,
              50.9991397625695
            ],
            [
              4.986176794100262,
              51.00349480859013
            ],
            [
              4.987073667287648,
              51.0078171142979
            ],
            [
              4.988566052089031,
              51.012073770644186
            ],
            [
              4.990642744705456,
              51.0162323594465
            ],
            [
              4.99328807971625,
              51.020261200788475
            ],
            [
              4.996482045047926,
              51.02412959504807
            ],
            [
              5.0002004305964025,
              51.02780805768384
            ],
            [
              5.004415009484678,
              51.031268544958024
            ],
            [
              5.009093750668936,
              51.03448466883805
            ],
            [
              5.014201061343856,
              51.037431899396296
            ],
            [
              5.019698057345253,
              51.04008775311985
            ],
            [
              5.025542859507889,
              51.04243196564753
            ],
            [
              5.03169091371095,
              51.04444664757006
            ],
            [
              5.0380953321359145,
              51.04611642205919
            ],
            [
              5.044707253073769,
              51.047428543233266
            ],
            [
              5.0514762164530325,
              51.048372994317226
            ],
            [
              5.058350552118792,
              51.0489425648146
            ],
            [
              5.065277777777777,
              51.0491329060752
            ]
          ]
        ]
      }
    },
    {
      "type": "Feature",
      "id": "EBR04",
      "properties": {
        "id": "EBR04",
        "name": "EBR04 - ELSENBORN 01",
        "chapter": "ENR 5.1",
        "upperLimit": "FL170",
        "lowerLimit": "GND ⁽²⁾⁽³⁾",
        "verticalLimits": "FL170 / GND ⁽²⁾⁽³⁾",
        "lateralLimits": "503117N0061200E- along the Belgian-German border- 502557N0062234E- 502557N0060956E- 502657N0060841E- 503117N0061200E.",
        "restrictionOrHazard": "Gunnery area, destruction centre of explosives, air exercises and UAS area. Entry prohibited to all aircraft.⁽⁴⁾",
        "timeOfActivity": "HX ⁽⁵⁾⁽⁶⁾",
        "aipSource": "Belgium and Luxembourg AIP ENR 5.1",
        "aipPage": "ENR 5.1-2",
        "amendment": "AIRAC AMDT 013/2024",
        "effectiveDate": "26-DEC-2024",
        "aipNotes": [
          "(1) This airspace can be activated simultaneously with TSA28A, therefore UAS operators shall contact Shooting Range Safety Office Elsenborn, TEL + 32 (0) 2 442 76 70 or + 32 (0) 2 442 76 73 or FREQ 138.975MHZ to coordinate UAS operations with gunnery/destruction activities.",
          "(2) Upper limit may be restricted to 4500 FTAMSL or FL105 (see NOTAM).",
          "(3) Highest usable altitude for UAS is 4300 FTAMSL.",
          "(4) Except MIL aircraft transiting to/from Camp Elsenborn and those participating in (combined) land-air exercises, after coordination with Shooting Range Safety Office Elsenborn, TEL +32 (0) 2 442 76 70 or TEL + 32 (0) 2 442 76 73. During CAS Air exercises, MIL aircraft shall obtain an additional entry clearance from the ALO “RINGO Range” on FREQ 241.700MHZ (back up 377.725MHZ).",
          "(5) Activation announced by NOTAM.",
          "(6) Activation can be checked with Steenokkerzeel ATCC or Brussels ACC Supervisor. This area is contiguous to EDR117 (see AIP Germany). Activation of EDR117 will be announced by NOTAM and can be checked with Steenokkerzeel ATCC or Brussels ACC Supervisor."
        ],
        "geometryNote": "Published border/coastline/river segments are represented by straight joins between their published anchor points.",
        "color": "#FF0000",
        "colorSource": "AIM Belgium Brussels FIR Structure, 09 JUL 2026",
        "areaType": "restricted",
        "footnoteReferences": {
          "verticalLimits": [
            2,
            3
          ],
          "lowerLimit": [
            2,
            3
          ],
          "restrictionOrHazard": [
            4
          ],
          "timeOfActivity": [
            5,
            6
          ]
        }
      },
      "geometry": {
        "type": "Polygon",
        "coordinates": [
          [
            [
              6.2,
              50.521388888888886
            ],
            [
              6.37611111111111,
              50.4325
            ],
            [
              6.165555555555556,
              50.4325
            ],
            [
              6.144722222222223,
              50.44916666666666
            ],
            [
              6.2,
              50.521388888888886
            ]
          ]
        ]
      }
    },
    {
      "type": "Feature",
      "id": "EBR05A",
      "properties": {
        "id": "EBR05A",
        "name": "EBR05A - HELCHTEREN",
        "chapter": "ENR 5.1",
        "upperLimit": "FL100",
        "lowerLimit": "GND ⁽¹⁾",
        "verticalLimits": "FL100 / GND ⁽¹⁾",
        "lateralLimits": "510723N0053455E- 510157N0053455E- 505929N0051951E- 510452N0051951E- 510557N0052255E- 510723N0053455E.",
        "restrictionOrHazard": "Firing and bombing exercises. UAS flights (NATO Class III). Entry prohibited to non- participating aircraft.",
        "timeOfActivity": "HX⁽²⁾⁽³⁾",
        "aipSource": "Belgium and Luxembourg AIP ENR 5.1",
        "aipPage": "ENR 5.1-2",
        "amendment": "AIRAC AMDT 013/2024",
        "effectiveDate": "26-DEC-2024",
        "aipNotes": [
          "(1) Upper limit may be restricted to 5000 FTAMSL.",
          "(2) Announced by NOTAM. May be activated MON to FRI (HOL excl) at irregular times. Activation can be checked with Brussels FIC, Steenokkerzeel ATCC or Kleine-Brogel APP.",
          "(3) Outside activation and between 2500 FT and 4500 FT AMSL, during EBBL OPR HR, Kleine-Brogel TMA TWO will be activated."
        ],
        "color": "#FF0000",
        "colorSource": "AIM Belgium Brussels FIR Structure, 09 JUL 2026",
        "areaType": "restricted",
        "footnoteReferences": {
          "verticalLimits": [
            1
          ],
          "lowerLimit": [
            1
          ],
          "timeOfActivity": [
            2,
            3
          ]
        }
      },
      "geometry": {
        "type": "Polygon",
        "coordinates": [
          [
            [
              5.581944444444444,
              51.12305555555555
            ],
            [
              5.581944444444444,
              51.0325
            ],
            [
              5.3308333333333335,
              50.99138888888889
            ],
            [
              5.3308333333333335,
              51.08111111111111
            ],
            [
              5.381944444444444,
              51.09916666666667
            ],
            [
              5.581944444444444,
              51.12305555555555
            ]
          ]
        ]
      }
    },
    {
      "type": "Feature",
      "id": "EBR05B",
      "properties": {
        "id": "EBR05B",
        "name": "EBR05B - HELCHTEREN RUN-IN",
        "chapter": "ENR 5.1",
        "upperLimit": "3300FT AMSL",
        "lowerLimit": "2050FT AMSL",
        "verticalLimits": "3300FT AMSL / 2050FT AMSL",
        "lateralLimits": "510805N0055036E- along the Belgian-Dutch border- 510333N0054619E- 510157N0053455E- 510607N0053455E- 510805N0055036E.",
        "restrictionOrHazard": "Run-in lane for bombing exercises. Entry prohibited to non- participating aircraft.",
        "timeOfActivity": "HX⁽²⁾⁽³⁾⁽⁴⁾",
        "aipSource": "Belgium and Luxembourg AIP ENR 5.1",
        "aipPage": "ENR 5.1-2",
        "amendment": "AIRAC AMDT 013/2024",
        "effectiveDate": "26-DEC-2024",
        "aipNotes": [
          "(1) Military aircraft proceeding to Helchteren range shall avoid to fly east of the river Meuse.",
          "(2) Announced by NOTAM. May be activated MON to FRI (HOL excl) at irregular times. Activation can be checked with Brussels FIC, Steenokkerzeel ATCC or Kleine-Brogel APP.",
          "(3) EBR05B will be activated automatically with EBR05A, unless EBR05A is limited to 5000FT for firing exercises.",
          "(4) Outside activation and between 2500FT and 4500FT AMSL, during EBBL OPR HR, Kleine-Brogel TMA TWO will be activated."
        ],
        "geometryNote": "Published border/coastline/river segments are represented by straight joins between their published anchor points.",
        "color": "#FF0000",
        "colorSource": "AIM Belgium Brussels FIR Structure, 09 JUL 2026",
        "areaType": "restricted",
        "footnoteReferences": {
          "timeOfActivity": [
            2,
            3,
            4
          ]
        }
      },
      "geometry": {
        "type": "Polygon",
        "coordinates": [
          [
            [
              5.843333333333333,
              51.13472222222222
            ],
            [
              5.771944444444444,
              51.05916666666666
            ],
            [
              5.581944444444444,
              51.0325
            ],
            [
              5.581944444444444,
              51.10194444444445
            ],
            [
              5.843333333333333,
              51.13472222222222
            ]
          ]
        ]
      }
    },
    {
      "type": "Feature",
      "id": "EBR05C",
      "properties": {
        "id": "EBR05C",
        "name": "EBR05C - HELCHTEREN",
        "chapter": "ENR 5.1",
        "upperLimit": "FL050",
        "lowerLimit": "2850FT AMSL",
        "verticalLimits": "FL050 / 2850FT AMSL",
        "lateralLimits": "510333N0054619E- along the Belgian-Dutch border- 505655N0054502E- 505528N0053207E- 505530N0052752E- 505533N0051951E- 505929N0051951E- 510157N0053455E- 510333N0054619E.",
        "restrictionOrHazard": "Downwind lane for bombing exercises. Entry prohibited to non- participating aircraft.",
        "timeOfActivity": "HX⁽²⁾⁽³⁾⁽⁴⁾",
        "aipSource": "Belgium and Luxembourg AIP ENR 5.1",
        "aipPage": "ENR 5.1-3",
        "amendment": "AIRAC AMDT 013/2024",
        "effectiveDate": "26-DEC-2024",
        "aipNotes": [
          "(1) Military aircraft proceeding to Helchteren range shall avoid to fly east of the river Meuse.",
          "(2) Announced by NOTAM. May be activated MON to FRI (HOL excl) at irregular times. Activation can be checked with Brussels FIC, Steenokkerzeel ATCC or Kleine-Brogel APP.",
          "(3) EBR05C will be activated automatically with EBR05A, unless EBR05A is limited to 5000FT for firing exercises.",
          "(4) Outside activation and between 2500FT and 4500FT AMSL, during EBBL OPR HR, Kleine-Brogel TMA THREE will be activated."
        ],
        "geometryNote": "Published border/coastline/river segments are represented by straight joins between their published anchor points.",
        "color": "#FF0000",
        "colorSource": "AIM Belgium Brussels FIR Structure, 09 JUL 2026",
        "areaType": "restricted",
        "footnoteReferences": {
          "timeOfActivity": [
            2,
            3,
            4
          ]
        }
      },
      "geometry": {
        "type": "Polygon",
        "coordinates": [
          [
            [
              5.771944444444444,
              51.05916666666666
            ],
            [
              5.750555555555556,
              50.948611111111106
            ],
            [
              5.535277777777778,
              50.92444444444444
            ],
            [
              5.464444444444444,
              50.925
            ],
            [
              5.3308333333333335,
              50.92583333333333
            ],
            [
              5.3308333333333335,
              50.99138888888889
            ],
            [
              5.581944444444444,
              51.0325
            ],
            [
              5.771944444444444,
              51.05916666666666
            ]
          ]
        ]
      }
    },
    {
      "type": "Feature",
      "id": "EBR05D",
      "properties": {
        "id": "EBR05D",
        "name": "EBR05D - HELCHTEREN LOFT",
        "chapter": "ENR 5.1",
        "upperLimit": "FL075",
        "lowerLimit": "FL050",
        "verticalLimits": "FL075 / FL050",
        "lateralLimits": "505929N0051951E- 510157N0053455E- 505547N0053455E- 505528N0053207E- 505530N0052754E- 505929N0051951E.",
        "restrictionOrHazard": "High intensity flights of jet aircraft during loft exercises. UAS flights (NATO Class III). Entry prohibited to non-participating aircraft.",
        "timeOfActivity": "HX⁽¹⁾⁽²⁾",
        "aipSource": "Belgium and Luxembourg AIP ENR 5.1",
        "aipPage": "ENR 5.1-3",
        "amendment": "AIRAC AMDT 013/2024",
        "effectiveDate": "26-DEC-2024",
        "aipNotes": [
          "(1) May be activated MON to FRI (HOL excl) at irregular times. Activation can be checked with Brussels FIC, Steenokkerzeel ATCC or Kleine-Brogel APP.",
          "(2) Whenever the loft procedure is requested by Helchteren RANGE and approved by Steenokkerzeel ATCC the EBR05D is automatically activated. ACT can be checked with Kleine-Brogel APP or with Steenokkerzeel ATCC."
        ],
        "color": "#FF0000",
        "colorSource": "AIM Belgium Brussels FIR Structure, 09 JUL 2026",
        "areaType": "restricted",
        "footnoteReferences": {
          "timeOfActivity": [
            1,
            2
          ]
        }
      },
      "geometry": {
        "type": "Polygon",
        "coordinates": [
          [
            [
              5.3308333333333335,
              50.99138888888889
            ],
            [
              5.581944444444444,
              51.0325
            ],
            [
              5.581944444444444,
              50.92972222222222
            ],
            [
              5.535277777777778,
              50.92444444444444
            ],
            [
              5.465,
              50.925
            ],
            [
              5.3308333333333335,
              50.99138888888889
            ]
          ]
        ]
      }
    },
    {
      "type": "Feature",
      "id": "EBR05E",
      "properties": {
        "id": "EBR05E",
        "name": "EBR05E - HELCHTEREN MEDIUM LEVEL",
        "chapter": "ENR 5.1",
        "upperLimit": "FL240",
        "lowerLimit": "FL100",
        "verticalLimits": "FL240 / FL100",
        "lateralLimits": "505929N0051951E- 510157N0053455E- 511015N0053455E- 510838N0052127E- 510557N0051658E- 510057N0051655E- 505929N0051951E.",
        "restrictionOrHazard": "High intensity flights of jet aircraft during medium level bombing exercises. UAS flights (NATO Class III). Entry prohibited to non- participating aircraft.",
        "timeOfActivity": "HX⁽¹⁾",
        "aipSource": "Belgium and Luxembourg AIP ENR 5.1",
        "aipPage": "ENR 5.1-3",
        "amendment": "AIRAC AMDT 013/2024",
        "effectiveDate": "26-DEC-2024",
        "aipNotes": [
          "(1) May be activated MON to FRI (HOL excl) at irregular times. Activation can be checked with Steenokkerzeel ATCC or Kleine-Brogel APP."
        ],
        "color": "#FF0000",
        "colorSource": "AIM Belgium Brussels FIR Structure, 09 JUL 2026",
        "areaType": "restricted",
        "footnoteReferences": {
          "timeOfActivity": [
            1
          ]
        }
      },
      "geometry": {
        "type": "Polygon",
        "coordinates": [
          [
            [
              5.3308333333333335,
              50.99138888888889
            ],
            [
              5.581944444444444,
              51.0325
            ],
            [
              5.581944444444444,
              51.170833333333334
            ],
            [
              5.3575,
              51.14388888888889
            ],
            [
              5.282777777777778,
              51.09916666666667
            ],
            [
              5.281944444444444,
              51.01583333333333
            ],
            [
              5.3308333333333335,
              50.99138888888889
            ]
          ]
        ]
      }
    },
    {
      "type": "Feature",
      "id": "EBR05F",
      "properties": {
        "id": "EBR05F",
        "name": "EBR05F - HELCHTEREN STRAFING",
        "chapter": "ENR 5.1",
        "upperLimit": "FL 155",
        "lowerLimit": "FL 075",
        "verticalLimits": "FL 155 / FL 075",
        "lateralLimits": "505929N 0051951E - 510157N 0053455E - 505547N 0053455E - 505528N 0053207E - 505530N 0052754E - 505929N 0051951E.",
        "restrictionOrHazard": "High intensity flights of jet aircraft during strafing exercises. Entry prohibited to non-participating aircraft.",
        "timeOfActivity": "HX⁽¹⁾⁽²⁾⁽³⁾",
        "aipSource": "Belgium and Luxembourg AIP ENR 5.1",
        "aipPage": "ENR 5.1-3",
        "amendment": "AIRAC AMDT 013/2024",
        "effectiveDate": "26-DEC-2024",
        "aipNotes": [
          "(1) May be activated MON to FRI (HOL excl) at irregular times. Activation can be checked with Brussels FIC, Steenokkerzeel ATCC or Kleine-Brogel APP.",
          "(2) Whenever the strafing procedure is requested by Helchteren RANGE and approved by Steenokkerzeel ATCC the EBR05F is automatically activated. ACT can be checked with Kleine-Brogel APP or with Steenokkerzeel ATCC.",
          "(3) EBR05F requires simultaneous activation of EBR05E."
        ],
        "color": "#FF0000",
        "colorSource": "AIM Belgium Brussels FIR Structure, 09 JUL 2026",
        "areaType": "restricted",
        "footnoteReferences": {
          "timeOfActivity": [
            1,
            2,
            3
          ]
        }
      },
      "geometry": {
        "type": "Polygon",
        "coordinates": [
          [
            [
              5.3308333333333335,
              50.99138888888889
            ],
            [
              5.581944444444444,
              51.0325
            ],
            [
              5.581944444444444,
              50.92972222222222
            ],
            [
              5.535277777777778,
              50.92444444444444
            ],
            [
              5.465,
              50.925
            ],
            [
              5.3308333333333335,
              50.99138888888889
            ]
          ]
        ]
      }
    },
    {
      "type": "Feature",
      "id": "EBR06A",
      "properties": {
        "id": "EBR06A",
        "name": "EBR06A - FLORENNES",
        "chapter": "ENR 5.1",
        "upperLimit": "FL095",
        "lowerLimit": "GND",
        "verticalLimits": "FL095 / GND",
        "lateralLimits": "A circle, 2NM radius, centred on 501436N0043845E.",
        "restrictionOrHazard": "Entry prohibited.⁽¹⁾ Military aerodrome.",
        "timeOfActivity": "Outside EBFS OPR HR ⁽²⁾",
        "aipSource": "Belgium and Luxembourg AIP ENR 5.1",
        "aipPage": "ENR 5.1-3",
        "amendment": "AIRAC AMDT 013/2024",
        "effectiveDate": "26-DEC-2024",
        "aipNotes": [
          "(1) Entry prohibited unless authorized by the Ministry of Defence.",
          "(2) EBFS OPR HR can be checked with Brussels FIC."
        ],
        "geometryNote": "Circle sampled every 5 degrees from the published centre and radius.",
        "color": "#FF0000",
        "colorSource": "AIM Belgium Brussels FIR Structure, 09 JUL 2026",
        "areaType": "restricted",
        "footnoteReferences": {
          "restrictionOrHazard": [
            1
          ],
          "timeOfActivity": [
            2
          ]
        }
      },
      "geometry": {
        "type": "Polygon",
        "coordinates": [
          [
            [
              4.645833333333333,
              50.276644159605695
            ],
            [
              4.650376137913534,
              50.27651731336016
            ],
            [
              4.654884296873589,
              50.276137742018875
            ],
            [
              4.659323430465107,
              50.27550834034385
            ],
            [
              4.663659688592595,
              50.274633908250145
            ],
            [
              4.6678600104313235,
              50.27352111397731
            ],
            [
              4.671892377845039,
              50.27217844293525
            ],
            [
              4.675726060619784,
              50.27061613262622
            ],
            [
              4.679331851599979,
              50.268846094153595
            ],
            [
              4.682682289898905,
              50.2668818209322
            ],
            [
              4.685751870456712,
              50.26473828531474
            ],
            [
              4.688517238334113,
              50.2624318239417
            ],
            [
              4.690957366257712,
              50.25998001270861
            ],
            [
              4.693053714072118,
              50.257401532323826
            ],
            [
              4.694790368903283,
              50.25471602550046
            ],
            [
              4.696154164995233,
              50.25194394688877
            ],
            [
              4.69713478234716,
              50.24910640690858
            ],
            [
              4.697724823448021,
              50.246225010685244
            ],
            [
              4.697919867579881,
              50.24332169332701
            ],
            [
              4.6977185023375965,
              50.240418552806474
            ],
            [
              4.697122332189683,
              50.23753768172313
            ],
            [
              4.696135964081746,
              50.23470099922914
            ],
            [
              4.694766970258396,
              50.23193008439565
            ],
            [
              4.693025828650752,
              50.229246012281735
            ],
            [
              4.690925841343222,
              50.22666919394481
            ],
            [
              4.688483031794139,
              50.22421922159758
            ],
            [
              4.6857160216389655,
              50.22191472007485
            ],
            [
              4.682645888051205,
              50.21977320572312
            ],
            [
              4.679296002774048,
              50.21781095376777
            ],
            [
              4.675691854064426,
              50.216042875146314
            ],
            [
              4.671860852909823,
              50.214482403724496
            ],
            [
              4.66783212498639,
              50.213141394731934
            ],
            [
              4.66363628992414,
              50.2120300351703
            ],
            [
              4.6593052295308945,
              50.211156766856426
            ],
            [
              4.654871846700729,
              50.21052822266895
            ],
            [
              4.650369816794925,
              50.210149176468526
            ],
            [
              4.645833333333333,
              50.210022507060984
            ],
            [
              4.6412968498717415,
              50.210149176468526
            ],
            [
              4.636794819965938,
              50.21052822266895
            ],
            [
              4.632361437135772,
              50.211156766856426
            ],
            [
              4.628030376742526,
              50.2120300351703
            ],
            [
              4.623834541680276,
              50.213141394731934
            ],
            [
              4.619805813756843,
              50.214482403724496
            ],
            [
              4.615974812602241,
              50.216042875146314
            ],
            [
              4.612370663892619,
              50.21781095376777
            ],
            [
              4.609020778615461,
              50.21977320572312
            ],
            [
              4.605950645027701,
              50.22191472007485
            ],
            [
              4.603183634872528,
              50.22421922159758
            ],
            [
              4.600740825323444,
              50.22666919394481
            ],
            [
              4.598640838015914,
              50.229246012281735
            ],
            [
              4.59689969640827,
              50.23193008439565
            ],
            [
              4.59553070258492,
              50.23470099922914
            ],
            [
              4.594544334476984,
              50.23753768172313
            ],
            [
              4.5939481643290705,
              50.240418552806474
            ],
            [
              4.5937467990867855,
              50.24332169332701
            ],
            [
              4.593941843218646,
              50.246225010685244
            ],
            [
              4.594531884319506,
              50.24910640690858
            ],
            [
              4.5955125016714335,
              50.25194394688877
            ],
            [
              4.596876297763384,
              50.25471602550046
            ],
            [
              4.598612952594549,
              50.257401532323826
            ],
            [
              4.600709300408955,
              50.25998001270861
            ],
            [
              4.603149428332554,
              50.2624318239417
            ],
            [
              4.605914796209955,
              50.26473828531474
            ],
            [
              4.608984376767761,
              50.2668818209322
            ],
            [
              4.612334815066688,
              50.268846094153595
            ],
            [
              4.615940606046882,
              50.27061613262622
            ],
            [
              4.619774288821627,
              50.27217844293525
            ],
            [
              4.6238066562353435,
              50.27352111397731
            ],
            [
              4.628006978074072,
              50.274633908250145
            ],
            [
              4.632343236201559,
              50.27550834034385
            ],
            [
              4.636782369793078,
              50.276137742018875
            ],
            [
              4.6412905287531325,
              50.27651731336016
            ],
            [
              4.645833333333333,
              50.276644159605695
            ]
          ]
        ]
      }
    },
    {
      "type": "Feature",
      "id": "EBR06B",
      "properties": {
        "id": "EBR06B",
        "name": "EBR06B - FLORENNES",
        "chapter": "ENR 5.1",
        "upperLimit": "FL095",
        "lowerLimit": "GND",
        "verticalLimits": "FL095 / GND",
        "lateralLimits": "A circle, 5 NM radius, centred on 501436N0043845E. ⁽¹⁾",
        "restrictionOrHazard": "Entry restricted to aircraft maintaining a listening watch with EBFS TWR.⁽²⁾⁽³⁾ Military aerodrome.",
        "timeOfActivity": "HX⁽⁴⁾",
        "aipSource": "Belgium and Luxembourg AIP ENR 5.1",
        "aipPage": "ENR 5.1-4",
        "amendment": "AIRAC AMDT 013/2024",
        "effectiveDate": "26-DEC-2024",
        "geometryNote": "Circle sampled every 5 degrees from the published centre and radius.",
        "color": "#FF0000",
        "colorSource": "AIM Belgium Brussels FIR Structure, 09 JUL 2026",
        "areaType": "restricted",
        "footnoteReferences": {
          "lateralLimits": [
            1
          ],
          "restrictionOrHazard": [
            2,
            3
          ],
          "timeOfActivity": [
            4
          ]
        }
      },
      "geometry": {
        "type": "Polygon",
        "coordinates": [
          [
            [
              4.645833333333333,
              50.326610399014235
            ],
            [
              4.657202232423364,
              50.32629295083273
            ],
            [
              4.6684841550184935,
              50.32534303492686
            ],
            [
              4.679592800403401,
              50.323767918341076
            ],
            [
              4.690443213852072,
              50.32157965006732
            ],
            [
              4.700952445753612,
              50.318794967464825
            ],
            [
              4.711040194250813,
              50.31543516632855
            ],
            [
              4.720629426152112,
              50.31152593567363
            ],
            [
              4.729646971092252,
              50.307097158590565
            ],
            [
              4.738024084179172,
              50.30218268079842
            ],
            [
              4.7456969726704,
              50.296820048781434
            ],
            [
              4.752607282567217,
              50.29105021963336
            ],
            [
              4.7587025413940625,
              50.28491724495284
            ],
            [
              4.7639365538388665,
              50.278467931330056
            ],
            [
              4.768269747361814,
              50.27175148013868
            ],
            [
              4.77166946532984,
              50.26481910949531
            ],
            [
              4.774110205696393,
              50.25772366137261
            ],
            [
              4.77557380371534,
              50.25051919694927
            ],
            [
              4.776049557648924,
              50.243260583351166
            ],
            [
              4.77553429689779,
              50.23600307498284
            ],
            [
              4.774032392441528,
              50.228801892667505
            ],
            [
              4.771555709926924,
              50.221711803807395
            ],
            [
              4.768123506174679,
              50.21478670674508
            ],
            [
              4.763762270290447,
              50.20807922245203
            ],
            [
              4.758505510960251,
              50.20164029659326
            ],
            [
              4.752393491881519,
              50.19551881491836
            ],
            [
              4.745472917627509,
              50.18976123481073
            ],
            [
              4.737796572563763,
              50.18441123568966
            ],
            [
              4.72942291572963,
              50.17950939080526
            ],
            [
              4.720415634865519,
              50.17509286279675
            ],
            [
              4.710843163007421,
              50.17119512519971
            ],
            [
              4.700778161284569,
              50.16784571189155
            ],
            [
              4.6902969717443135,
              50.1650699962556
            ],
            [
              4.679479044190903,
              50.16288900162701
            ],
            [
              4.668406341162734,
              50.16131924435607
            ],
            [
              4.657162725286085,
              50.160372610592326
            ],
            [
              4.645833333333333,
              50.16005626765244
            ],
            [
              4.634503941380582,
              50.160372610592326
            ],
            [
              4.623260325503932,
              50.16131924435607
            ],
            [
              4.612187622475764,
              50.16288900162701
            ],
            [
              4.6013696949223535,
              50.1650699962556
            ],
            [
              4.590888505382098,
              50.16784571189155
            ],
            [
              4.580823503659246,
              50.17119512519971
            ],
            [
              4.571251031801147,
              50.17509286279675
            ],
            [
              4.562243750937036,
              50.17950939080526
            ],
            [
              4.553870094102904,
              50.18441123568966
            ],
            [
              4.546193749039158,
              50.18976123481073
            ],
            [
              4.539273174785147,
              50.19551881491836
            ],
            [
              4.533161155706415,
              50.20164029659326
            ],
            [
              4.52790439637622,
              50.20807922245203
            ],
            [
              4.523543160491987,
              50.21478670674508
            ],
            [
              4.520110956739743,
              50.221711803807395
            ],
            [
              4.517634274225139,
              50.228801892667505
            ],
            [
              4.516132369768877,
              50.23600307498284
            ],
            [
              4.515617109017743,
              50.243260583351166
            ],
            [
              4.516092862951326,
              50.25051919694927
            ],
            [
              4.517556460970273,
              50.25772366137261
            ],
            [
              4.519997201336827,
              50.26481910949531
            ],
            [
              4.523396919304853,
              50.27175148013868
            ],
            [
              4.5277301128278005,
              50.278467931330056
            ],
            [
              4.5329641252726045,
              50.28491724495284
            ],
            [
              4.53905938409945,
              50.29105021963336
            ],
            [
              4.545969693996266,
              50.296820048781434
            ],
            [
              4.553642582487494,
              50.30218268079842
            ],
            [
              4.562019695574415,
              50.307097158590565
            ],
            [
              4.571037240514555,
              50.31152593567363
            ],
            [
              4.580626472415854,
              50.31543516632855
            ],
            [
              4.590714220913054,
              50.318794967464825
            ],
            [
              4.601223452814594,
              50.32157965006732
            ],
            [
              4.612073866263265,
              50.323767918341076
            ],
            [
              4.623182511648173,
              50.32534303492686
            ],
            [
              4.634464434243302,
              50.32629295083273
            ],
            [
              4.645833333333333,
              50.326610399014235
            ]
          ]
        ]
      }
    },
    {
      "type": "Feature",
      "id": "EBR07A",
      "properties": {
        "id": "EBR07A",
        "name": "EBR07A - KLEINE-BROGEL",
        "chapter": "ENR 5.1",
        "upperLimit": "FL075",
        "lowerLimit": "GND",
        "verticalLimits": "FL075 / GND",
        "lateralLimits": "A circle, 2 NM radius, centred on 511006N0052812E.",
        "restrictionOrHazard": "Entry prohibited.⁽¹⁾ Military aerodrome.",
        "timeOfActivity": "Outside EBBL OPR HR ⁽²⁾",
        "aipSource": "Belgium and Luxembourg AIP ENR 5.1",
        "aipPage": "ENR 5.1-4",
        "amendment": "AIRAC AMDT 013/2024",
        "effectiveDate": "26-DEC-2024",
        "aipNotes": [
          "(1) Entry prohibited unless authorized by the Ministry of Defence.",
          "(2) EBBL OPR HR can be checked with Brussels FIC."
        ],
        "geometryNote": "Circle sampled every 5 degrees from the published centre and radius.",
        "color": "#FF0000",
        "colorSource": "AIM Belgium Brussels FIR Structure, 09 JUL 2026",
        "areaType": "restricted",
        "footnoteReferences": {
          "restrictionOrHazard": [
            1
          ],
          "timeOfActivity": [
            2
          ]
        }
      },
      "geometry": {
        "type": "Polygon",
        "coordinates": [
          [
            [
              5.47,
              51.20164415960569
            ],
            [
              5.474633430598773,
              51.20151731039481
            ],
            [
              5.479231521953539,
              51.2011377302478
            ],
            [
              5.483759206090066,
              51.20050831419478
            ],
            [
              5.4881819554383275,
              51.19963386258858
            ],
            [
              5.492466047714636,
              51.19852104426279
            ],
            [
              5.496578824471242,
              51.1971783453595
            ],
            [
              5.5004889412875855,
              51.19561600422903
            ],
            [
              5.504166607649074,
              51.193845932912744
            ],
            [
              5.507583814647347,
              51.191881625824834
            ],
            [
              5.51071454873946,
              51.1897380563483
            ],
            [
              5.513534989921275,
              51.187431562153414
            ],
            [
              5.5160236928011805,
              51.18497972013376
            ],
            [
              5.518161749202837,
              51.18240121193354
            ],
            [
              5.519932931078338,
              51.17971568111107
            ],
            [
              5.521323812674676,
              51.17694358304553
            ],
            [
              5.522323871064815,
              51.174106028747275
            ],
            [
              5.522925564328767,
              51.17122462377589
            ],
            [
              5.523124386847835,
              51.16832130350444
            ],
            [
              5.522918901355446,
              51.16541816599296
            ],
            [
              5.522310747568839,
              51.16253730374842
            ],
            [
              5.521304627406059,
              51.159700635653465
            ],
            [
              5.519908266970726,
              51.15692974034088
            ],
            [
              5.5181323556614785,
              51.15424569227608
            ],
            [
              5.51599046293278,
              51.151668901785484
            ],
            [
              5.513498933397531,
              51.14921896023576
            ],
            [
              5.510676761118836,
              51.14691449152633
            ],
            [
              5.507545444087163,
              51.144773011007494
            ],
            [
              5.504128820019385,
              51.14281079287761
            ],
            [
              5.5004528847468075,
              51.14104274704773
            ],
            [
              5.4965455945798904,
              51.139482306388636
            ],
            [
              5.492436654147178,
              51.13814132519675
            ],
            [
              5.488157291304614,
              51.13702998963052
            ],
            [
              5.483740020798498,
              51.13615674077906
            ],
            [
              5.479218398440528,
              51.13552821093078
            ],
            [
              5.474626767616389,
              51.13514917351156
            ],
            [
              5.47,
              51.135022507060974
            ],
            [
              5.465373232383611,
              51.13514917351156
            ],
            [
              5.460781601559472,
              51.13552821093078
            ],
            [
              5.456259979201502,
              51.13615674077906
            ],
            [
              5.451842708695386,
              51.13702998963052
            ],
            [
              5.447563345852822,
              51.13814132519675
            ],
            [
              5.44345440542011,
              51.139482306388636
            ],
            [
              5.439547115253193,
              51.14104274704773
            ],
            [
              5.435871179980614,
              51.14281079287761
            ],
            [
              5.4324545559128365,
              51.144773011007494
            ],
            [
              5.429323238881165,
              51.14691449152633
            ],
            [
              5.4265010666024684,
              51.14921896023576
            ],
            [
              5.424009537067221,
              51.151668901785484
            ],
            [
              5.421867644338522,
              51.15424569227608
            ],
            [
              5.420091733029275,
              51.15692974034088
            ],
            [
              5.418695372593941,
              51.159700635653465
            ],
            [
              5.4176892524311615,
              51.16253730374842
            ],
            [
              5.417081098644554,
              51.16541816599296
            ],
            [
              5.416875613152166,
              51.16832130350444
            ],
            [
              5.417074435671234,
              51.17122462377589
            ],
            [
              5.417676128935185,
              51.174106028747275
            ],
            [
              5.418676187325325,
              51.17694358304553
            ],
            [
              5.420067068921662,
              51.17971568111107
            ],
            [
              5.421838250797163,
              51.18240121193354
            ],
            [
              5.423976307198819,
              51.18497972013376
            ],
            [
              5.426465010078726,
              51.187431562153414
            ],
            [
              5.42928545126054,
              51.1897380563483
            ],
            [
              5.432416185352652,
              51.191881625824834
            ],
            [
              5.435833392350926,
              51.193845932912744
            ],
            [
              5.439511058712415,
              51.19561600422903
            ],
            [
              5.443421175528758,
              51.1971783453595
            ],
            [
              5.447533952285364,
              51.19852104426279
            ],
            [
              5.451818044561673,
              51.19963386258858
            ],
            [
              5.456240793909934,
              51.20050831419478
            ],
            [
              5.460768478046462,
              51.2011377302478
            ],
            [
              5.465366569401227,
              51.20151731039481
            ],
            [
              5.47,
              51.20164415960569
            ]
          ]
        ]
      }
    },
    {
      "type": "Feature",
      "id": "EBR07B",
      "properties": {
        "id": "EBR07B",
        "name": "EBR07B - KLEINE-BROGEL",
        "chapter": "ENR 5.1",
        "upperLimit": "FL075",
        "lowerLimit": "GND",
        "verticalLimits": "FL075 / GND",
        "lateralLimits": "A circle, 5 NM radius, centred on 511006N0052812E.⁽¹⁾",
        "restrictionOrHazard": "Entry restricted to aircraft maintaining a listening watch with EBBL TWR.⁽²⁾⁽³⁾ Military aerodrome.",
        "timeOfActivity": "HX⁽⁴⁾",
        "aipSource": "Belgium and Luxembourg AIP ENR 5.1",
        "aipPage": "ENR 5.1-4",
        "amendment": "AIRAC AMDT 013/2024",
        "effectiveDate": "26-DEC-2024",
        "aipNotes": [
          "(1) EBR07A excl.",
          "(2) As EBBL may be re-activated at any time, pilots are advised to avoid crossing whenever possible. Upon activation of Kleine-Brogel CTR One and TMA One, aircraft in EBR07B shall comply promptly with instructions from Klein-Brogel TWR.",
          "(3) With the exception of traffic on frequency of Brussels ACC or Brussels APP.",
          "(4) Activation announced by NOTAM."
        ],
        "geometryNote": "Circle sampled every 5 degrees from the published centre and radius.",
        "color": "#FF0000",
        "colorSource": "AIM Belgium Brussels FIR Structure, 09 JUL 2026",
        "areaType": "restricted",
        "footnoteReferences": {
          "lateralLimits": [
            1
          ],
          "restrictionOrHazard": [
            2,
            3
          ],
          "timeOfActivity": [
            4
          ]
        }
      },
      "geometry": {
        "type": "Polygon",
        "coordinates": [
          [
            [
              5.47,
              51.25161039901422
            ],
            [
              5.4815961078462045,
              51.25129293225989
            ],
            [
              5.493103485478105,
              51.25034296120282
            ],
            [
              5.504434092560347,
              51.24876775457202
            ],
            [
              5.515501262814938,
              51.24657936410941
            ],
            [
              5.526220376856139,
              51.24379453090523
            ],
            [
              5.536509518153004,
              51.240434555351825
            ],
            [
              5.546290106759777,
              51.23652513178722
            ],
            [
              5.555487505675616,
              51.23209614918692
            ],
            [
              5.56403159496526,
              51.22718145953691
            ],
            [
              5.571857309087233,
              51.22181861577848
            ],
            [
              5.578905133231263,
              51.2160485814552
            ],
            [
              5.585121554856873,
              51.2099154144113
            ],
            [
              5.5904594670448144,
              51.2034659270882
            ],
            [
              5.594878520716899,
              51.196749326138246
            ],
            [
              5.598345423241606,
              51.189816834224075
            ],
            [
              5.600834181417215,
              51.182721296994075
            ],
            [
              5.602326287305356,
              51.1755167783216
            ],
            [
              5.60281084587033,
              51.16825814696537
            ],
            [
              5.602284643858501,
              51.16100065785259
            ],
            [
              5.600752159822591,
              51.15379953120458
            ],
            [
              5.598225515653837,
              51.14670953271676
            ],
            [
              5.59472437042692,
              51.13978455797316
            ],
            [
              5.590275757785185,
              51.133077224219896
            ],
            [
              5.584913868494491,
              51.12663847254384
            ],
            [
              5.578679780170709,
              51.12051718340327
            ],
            [
              5.571621136537193,
              51.114759808338064
            ],
            [
              5.5637917788931865,
              51.10941002054901
            ],
            [
              5.555251332771504,
              51.10450838688119
            ],
            [
              5.546064753033783,
              51.100092063575936
            ],
            [
              5.536301830894079,
              51.09619451797126
            ],
            [
              5.5260366665769975,
              51.09284527813435
            ],
            [
              5.515347111505447,
              51.09006971220075
            ],
            [
              5.504314184076037,
              51.08788883897815
            ],
            [
              5.493021463218041,
              51.08631917114614
            ],
            [
              5.481554464045276,
              51.085372592150485
            ],
            [
              5.47,
              51.08505626765244
            ],
            [
              5.458445535954724,
              51.085372592150485
            ],
            [
              5.446978536781958,
              51.08631917114614
            ],
            [
              5.435685815923963,
              51.08788883897815
            ],
            [
              5.4246528884945535,
              51.09006971220075
            ],
            [
              5.413963333423003,
              51.09284527813435
            ],
            [
              5.403698169105922,
              51.09619451797126
            ],
            [
              5.393935246966217,
              51.100092063575936
            ],
            [
              5.3847486672284965,
              51.10450838688119
            ],
            [
              5.376208221106814,
              51.10941002054901
            ],
            [
              5.368378863462808,
              51.114759808338064
            ],
            [
              5.361320219829292,
              51.12051718340327
            ],
            [
              5.35508613150551,
              51.12663847254384
            ],
            [
              5.349724242214815,
              51.133077224219896
            ],
            [
              5.345275629573081,
              51.13978455797316
            ],
            [
              5.341774484346162,
              51.14670953271676
            ],
            [
              5.33924784017741,
              51.15379953120458
            ],
            [
              5.3377153561415,
              51.16100065785259
            ],
            [
              5.33718915412967,
              51.16825814696537
            ],
            [
              5.337673712694644,
              51.1755167783216
            ],
            [
              5.339165818582785,
              51.182721296994075
            ],
            [
              5.341654576758394,
              51.189816834224075
            ],
            [
              5.345121479283101,
              51.196749326138246
            ],
            [
              5.349540532955186,
              51.2034659270882
            ],
            [
              5.354878445143127,
              51.2099154144113
            ],
            [
              5.361094866768736,
              51.2160485814552
            ],
            [
              5.368142690912768,
              51.22181861577848
            ],
            [
              5.375968405034739,
              51.22718145953691
            ],
            [
              5.384512494324384,
              51.23209614918692
            ],
            [
              5.393709893240223,
              51.23652513178722
            ],
            [
              5.403490481846997,
              51.240434555351825
            ],
            [
              5.413779623143863,
              51.24379453090523
            ],
            [
              5.424498737185062,
              51.24657936410941
            ],
            [
              5.435565907439653,
              51.24876775457202
            ],
            [
              5.446896514521895,
              51.25034296120282
            ],
            [
              5.458403892153796,
              51.25129293225989
            ],
            [
              5.47,
              51.25161039901422
            ]
          ]
        ]
      }
    },
    {
      "type": "Feature",
      "id": "EBR08",
      "properties": {
        "id": "EBR08",
        "name": "EBR08 - KOKSIJDE",
        "chapter": "ENR 5.1",
        "upperLimit": "1500FT AMSL",
        "lowerLimit": "GND",
        "verticalLimits": "1500FT AMSL / GND",
        "lateralLimits": "A circle radius 2.5 NM centered on 510525N 0023910E.",
        "restrictionOrHazard": "Entry prohibited.⁽¹⁾ Military aerodrome.",
        "timeOfActivity": "Outside EBFN OPR HR ⁽²⁾",
        "aipSource": "Belgium and Luxembourg AIP ENR 5.1",
        "aipPage": "ENR 5.1-4",
        "amendment": "AIRAC AMDT 013/2024",
        "effectiveDate": "26-DEC-2024",
        "geometryNote": "Circle sampled every 5 degrees from the published centre and radius.",
        "color": "#FF0000",
        "colorSource": "AIM Belgium Brussels FIR Structure, 09 JUL 2026",
        "areaType": "restricted",
        "footnoteReferences": {
          "restrictionOrHazard": [
            1
          ],
          "timeOfActivity": [
            2
          ]
        }
      },
      "geometry": {
        "type": "Polygon",
        "coordinates": [
          [
            [
              2.6527777777777777,
              51.13191631061823
            ],
            [
              2.658560812366954,
              51.131757720890334
            ],
            [
              2.6642997162253517,
              51.13128316192347
            ],
            [
              2.6699506980919545,
              51.13049625505841
            ],
            [
              2.675470642951219,
              51.12940300490459
            ],
            [
              2.6808174434446017,
              51.12801175316022
            ],
            [
              2.685950323295312,
              51.12633311447423
            ],
            [
              2.6908301501943144,
              51.124379894857725
            ],
            [
              2.695419735688393,
              51.12216699329117
            ],
            [
              2.699684119725035,
              51.119711287304014
            ],
            [
              2.703590837642538,
              51.11703150342951
            ],
            [
              2.707110167545689,
              51.11414807355386
            ],
            [
              2.7102153561757296,
              51.11108297828778
            ],
            [
              2.7128828215663643,
              51.10785957858671
            ],
            [
              2.7150923309732016,
              51.10450243693461
            ],
            [
              2.7168271527702217,
              51.101037129483274
            ],
            [
              2.7180741812215,
              51.09749005060523
            ],
            [
              2.718824033257352,
              51.09388821137156
            ],
            [
              2.719071116609174,
              51.090259033508026
            ],
            [
              2.718813668884483,
              51.08663014041167
            ],
            [
              2.718053767390996,
              51.08302914682706
            ],
            [
              2.7167973097441336,
              51.079483448785446
            ],
            [
              2.715053965514269,
              51.07602001540205
            ],
            [
              2.7128370993867934,
              51.07266518410699
            ],
            [
              2.7101636665179605,
              51.06944446085325
            ],
            [
              2.707054080971311,
              51.06638232680246
            ],
            [
              2.703532058311872,
              51.0635020529352
            ],
            [
              2.6996244336173096,
              51.06082552396858
            ],
            [
              2.6953609563357888,
              51.05837307289012
            ],
            [
              2.6907740635787056,
              51.05616332733426
            ],
            [
              2.685898633581994,
              51.05421306893656
            ],
            [
              2.6807717212018627,
              51.05253710670219
            ],
            [
              2.6754322774291186,
              51.05114816531946
            ],
            [
              2.669920855010317,
              51.05005678923789
            ],
            [
              2.6642793023536178,
              51.04927126321278
            ],
            [
              2.658550447972146,
              51.048797549897266
            ],
            [
              2.6527777777777777,
              51.04863924493735
            ],
            [
              2.647005107583409,
              51.048797549897266
            ],
            [
              2.6412762532019376,
              51.04927126321278
            ],
            [
              2.6356347005452383,
              51.05005678923789
            ],
            [
              2.6301232781264368,
              51.05114816531946
            ],
            [
              2.6247838343536927,
              51.05253710670219
            ],
            [
              2.6196569219735615,
              51.05421306893656
            ],
            [
              2.6147814919768497,
              51.05616332733426
            ],
            [
              2.6101945992197666,
              51.05837307289012
            ],
            [
              2.6059311219382457,
              51.06082552396858
            ],
            [
              2.6020234972436835,
              51.0635020529352
            ],
            [
              2.5985014745842445,
              51.06638232680246
            ],
            [
              2.595391889037595,
              51.06944446085325
            ],
            [
              2.592718456168762,
              51.07266518410699
            ],
            [
              2.590501590041286,
              51.07602001540205
            ],
            [
              2.5887582458114218,
              51.079483448785446
            ],
            [
              2.5875017881645594,
              51.08302914682706
            ],
            [
              2.5867418866710725,
              51.08663014041167
            ],
            [
              2.586484438946381,
              51.090259033508026
            ],
            [
              2.586731522298203,
              51.09388821137156
            ],
            [
              2.5874813743340552,
              51.09749005060523
            ],
            [
              2.5887284027853337,
              51.101037129483274
            ],
            [
              2.5904632245823533,
              51.10450243693461
            ],
            [
              2.592672733989191,
              51.10785957858671
            ],
            [
              2.5953401993798253,
              51.11108297828778
            ],
            [
              2.598445388009866,
              51.11414807355386
            ],
            [
              2.6019647179130168,
              51.11703150342951
            ],
            [
              2.6058714358305197,
              51.119711287304014
            ],
            [
              2.610135819867162,
              51.12216699329117
            ],
            [
              2.614725405361241,
              51.124379894857725
            ],
            [
              2.619605232260243,
              51.12633311447423
            ],
            [
              2.6247381121109536,
              51.12801175316022
            ],
            [
              2.6300849126043357,
              51.12940300490459
            ],
            [
              2.6356048574636004,
              51.13049625505841
            ],
            [
              2.6412558393302032,
              51.13128316192347
            ],
            [
              2.646994743188601,
              51.131757720890334
            ],
            [
              2.6527777777777777,
              51.13191631061823
            ]
          ]
        ]
      }
    },
    {
      "type": "Feature",
      "id": "EBR10",
      "properties": {
        "id": "EBR10",
        "name": "EBR10 - BEAUVECHAIN",
        "chapter": "ENR 5.1",
        "upperLimit": "2500FT AMSL",
        "lowerLimit": "GND",
        "verticalLimits": "2500FT AMSL / GND",
        "lateralLimits": "A circle, 2NM radius, centred on 504528N0044601E.",
        "restrictionOrHazard": "Entry prohibited.⁽¹⁾ Military aerodrome.",
        "timeOfActivity": "Outside EBBE OPR HR ⁽²⁾",
        "aipSource": "Belgium and Luxembourg AIP ENR 5.1",
        "aipPage": "ENR 5.1-4",
        "amendment": "AIRAC AMDT 013/2024",
        "effectiveDate": "26-DEC-2024",
        "aipNotes": [
          "(1) Entry prohibited unless authorized by the Ministry of Defence.",
          "(2) EBBE OPR HR can be checked with Brussels FIC."
        ],
        "geometryNote": "Circle sampled every 5 degrees from the published centre and radius.",
        "color": "#FF0000",
        "colorSource": "AIM Belgium Brussels FIR Structure, 09 JUL 2026",
        "areaType": "restricted",
        "footnoteReferences": {
          "restrictionOrHazard": [
            1
          ],
          "timeOfActivity": [
            2
          ]
        }
      },
      "geometry": {
        "type": "Polygon",
        "coordinates": [
          [
            [
              4.766944444444444,
              50.79108860405014
            ],
            [
              4.771537061025908,
              50.790961756169885
            ],
            [
              4.776094650749348,
              50.79058217997424
            ],
            [
              4.78058245559518,
              50.789952770373
            ],
            [
              4.784966253105502,
              50.78907832752255
            ],
            [
              4.789212618895153,
              50.78796551998993
            ],
            [
              4.793289182889895,
              50.78662283358866
            ],
            [
              4.797164877284834,
              50.78506050628854
            ],
            [
              4.800810174287131,
              50.78329044970998
            ],
            [
              4.804197311794143,
              50.78132615781875
            ],
            [
              4.807300505260518,
              50.779182603535524
            ],
            [
              4.810096144124331,
              50.776876124068494
            ],
            [
              4.812562971291807,
              50.77442429586338
            ],
            [
              4.814682244321266,
              50.77184580014445
            ],
            [
              4.816437877098037,
              50.769160280090766
            ],
            [
              4.817816560951903,
              50.76638819075444
            ],
            [
              4.818807864335459,
              50.76355064288083
            ],
            [
              4.819404310354016,
              50.760669241834684
            ],
            [
              4.8196014316139,
              50.757765922870256
            ],
            [
              4.819397802034383,
              50.75486278400836
            ],
            [
              4.818795045447802,
              50.75198191779747
            ],
            [
              4.817797820990902,
              50.749145243241216
            ],
            [
              4.816413785466933,
              50.746374339169066
            ],
            [
              4.814653533030956,
              50.74369028031283
            ],
            [
              4.812530512719192,
              50.74111347732695
            ],
            [
              4.810060924505728,
              50.73866352195773
            ],
            [
              4.807263594725481,
              50.73635903852433
            ],
            [
              4.8041598318502095,
              50.734217542824034
            ],
            [
              4.800773263743432,
              50.73225530951605
            ],
            [
              4.797129657649953,
              50.73048724897203
            ],
            [
              4.793256724295351,
              50.72892679450919
            ],
            [
              4.789183907579905,
              50.7275858008427
            ],
            [
              4.78494216144946,
              50.72647445450935
            ],
            [
              4.7805637156122485,
              50.7256011969248
            ],
            [
              4.7760818318454135,
              50.7249726606423
            ],
            [
              4.771530552697615,
              50.724593619282835
            ],
            [
              4.766944444444444,
              50.72446695150542
            ],
            [
              4.762358336191275,
              50.724593619282835
            ],
            [
              4.757807057043476,
              50.7249726606423
            ],
            [
              4.753325173276641,
              50.7256011969248
            ],
            [
              4.74894672743943,
              50.72647445450935
            ],
            [
              4.744704981308985,
              50.7275858008427
            ],
            [
              4.7406321645935385,
              50.72892679450919
            ],
            [
              4.736759231238937,
              50.73048724897203
            ],
            [
              4.733115625145458,
              50.73225530951605
            ],
            [
              4.72972905703868,
              50.734217542824034
            ],
            [
              4.726625294163409,
              50.73635903852433
            ],
            [
              4.723827964383162,
              50.73866352195773
            ],
            [
              4.721358376169698,
              50.74111347732695
            ],
            [
              4.719235355857934,
              50.74369028031283
            ],
            [
              4.717475103421957,
              50.746374339169066
            ],
            [
              4.716091067897988,
              50.749145243241216
            ],
            [
              4.715093843441088,
              50.75198191779747
            ],
            [
              4.7144910868545065,
              50.75486278400836
            ],
            [
              4.71428745727499,
              50.757765922870256
            ],
            [
              4.714484578534874,
              50.760669241834684
            ],
            [
              4.715081024553431,
              50.76355064288083
            ],
            [
              4.7160723279369865,
              50.76638819075444
            ],
            [
              4.717451011790852,
              50.769160280090766
            ],
            [
              4.719206644567624,
              50.77184580014445
            ],
            [
              4.721325917597083,
              50.77442429586338
            ],
            [
              4.723792744764559,
              50.776876124068494
            ],
            [
              4.726588383628371,
              50.779182603535524
            ],
            [
              4.729691577094747,
              50.78132615781875
            ],
            [
              4.733078714601759,
              50.78329044970998
            ],
            [
              4.736724011604056,
              50.78506050628854
            ],
            [
              4.740599705998995,
              50.78662283358866
            ],
            [
              4.744676269993737,
              50.78796551998993
            ],
            [
              4.748922635783388,
              50.78907832752255
            ],
            [
              4.75330643329371,
              50.789952770373
            ],
            [
              4.7577942381395415,
              50.79058217997424
            ],
            [
              4.7623518278629815,
              50.790961756169885
            ],
            [
              4.766944444444444,
              50.79108860405014
            ]
          ]
        ]
      }
    },
    {
      "type": "Feature",
      "id": "EBR11",
      "properties": {
        "id": "EBR11",
        "name": "EBR11 - TIHANGE",
        "chapter": "ENR 5.1",
        "upperLimit": "2300FT AMSL",
        "lowerLimit": "GND",
        "verticalLimits": "2300FT AMSL / GND",
        "lateralLimits": "A circle, 1NM radius, centred on 503203N 0051625E.",
        "restrictionOrHazard": "Entry prohibited, unless instructed by ATC.⁽¹⁾ Nuclear installation.",
        "timeOfActivity": "PERM",
        "aipSource": "Belgium and Luxembourg AIP ENR 5.1",
        "aipPage": "ENR 5.1-5",
        "amendment": "AMDT 013/2024",
        "effectiveDate": "26-DEC-2024",
        "aipNotes": [
          "(1) Not applicable to police flights."
        ],
        "geometryNote": "Circle sampled every 5 degrees from the published centre and radius.",
        "color": "#FF0000",
        "colorSource": "AIM Belgium Brussels FIR Structure, 09 JUL 2026",
        "areaType": "restricted",
        "footnoteReferences": {
          "restrictionOrHazard": [
            1
          ]
        }
      },
      "geometry": {
        "type": "Polygon",
        "coordinates": [
          [
            [
              5.273611111111111,
              50.55082207980285
            ],
            [
              5.275895699894805,
              50.55075867858347
            ],
            [
              5.278162883265089,
              50.55056895795619
            ],
            [
              5.280395388831452,
              50.550254363321926
            ],
            [
              5.282576209219821,
              50.549817291405255
            ],
            [
              5.284688732015711,
              50.549261071938766
            ],
            [
              5.286716866652624,
              50.54858994221978
            ],
            [
              5.288645167266025,
              50.54780901473623
            ],
            [
              5.290458950565919,
              50.546924238112
            ],
            [
              5.292144407821167,
              50.54594235167323
            ],
            [
              5.2936887100961565,
              50.54487083398637
            ],
            [
              5.295080105934536,
              50.54371784576486
            ],
            [
              5.296308010745182,
              50.542492167584314
            ],
            [
              5.297363087211642,
              50.541203132885634
            ],
            [
              5.298237316117592,
              50.53986055678112
            ],
            [
              5.298924057056521,
              50.53847466121035
            ],
            [
              5.299418098573437,
              50.53705599701975
            ],
            [
              5.299715697369041,
              50.53561536356283
            ],
            [
              5.299814606281987,
              50.5341637264359
            ],
            [
              5.299714090851664,
              50.532712133977675
            ],
            [
              5.2994149343518755,
              50.53127163316964
            ],
            [
              5.298919431274001,
              50.52985318557761
            ],
            [
              5.298231369326115,
              50.52846758397388
            ],
            [
              5.29735600010139,
              50.52712537027285
            ],
            [
              5.296299998654345,
              50.525836755402636
            ],
            [
              5.2950714123063785,
              50.52461154171929
            ],
            [
              5.293679599082126,
              50.52345904855017
            ],
            [
              5.292135156254791,
              50.522388041429025
            ],
            [
              5.290449839551361,
              50.521406665555986
            ],
            [
              5.288636473636875,
              50.520522383984215
            ],
            [
              5.286708854560449,
              50.519741920997944
            ],
            [
              5.284681644903939,
              50.51907121110753
            ],
            [
              5.282570262426824,
              50.51851535404463
            ],
            [
              5.2803907630475955,
              50.518078576095114
            ],
            [
              5.2781597190425344,
              50.51776419805952
            ],
            [
              5.275894093376899,
              50.51757461008116
            ],
            [
              5.273611111111111,
              50.5175112535305
            ],
            [
              5.271328128845324,
              50.51757461008116
            ],
            [
              5.269062503179689,
              50.51776419805952
            ],
            [
              5.266831459174628,
              50.518078576095114
            ],
            [
              5.264651959795399,
              50.51851535404463
            ],
            [
              5.262540577318283,
              50.51907121110753
            ],
            [
              5.2605133676617735,
              50.519741920997944
            ],
            [
              5.258585748585348,
              50.520522383984215
            ],
            [
              5.256772382670862,
              50.521406665555986
            ],
            [
              5.255087065967432,
              50.522388041429025
            ],
            [
              5.253542623140097,
              50.52345904855017
            ],
            [
              5.252150809915844,
              50.52461154171929
            ],
            [
              5.250922223567878,
              50.525836755402636
            ],
            [
              5.249866222120833,
              50.52712537027285
            ],
            [
              5.2489908528961084,
              50.52846758397388
            ],
            [
              5.248302790948221,
              50.52985318557761
            ],
            [
              5.247807287870348,
              50.53127163316964
            ],
            [
              5.24750813137056,
              50.532712133977675
            ],
            [
              5.2474076159402365,
              50.5341637264359
            ],
            [
              5.247506524853183,
              50.53561536356283
            ],
            [
              5.247804123648787,
              50.53705599701975
            ],
            [
              5.248298165165703,
              50.53847466121035
            ],
            [
              5.248984906104631,
              50.53986055678112
            ],
            [
              5.249859135010581,
              50.541203132885634
            ],
            [
              5.250914211477041,
              50.542492167584314
            ],
            [
              5.252142116287686,
              50.54371784576486
            ],
            [
              5.253533512126067,
              50.54487083398637
            ],
            [
              5.255077814401057,
              50.54594235167323
            ],
            [
              5.256763271656304,
              50.546924238112
            ],
            [
              5.258577054956198,
              50.54780901473623
            ],
            [
              5.260505355569599,
              50.54858994221978
            ],
            [
              5.262533490206511,
              50.549261071938766
            ],
            [
              5.264646013002403,
              50.549817291405255
            ],
            [
              5.2668268333907715,
              50.550254363321926
            ],
            [
              5.269059338957135,
              50.55056895795619
            ],
            [
              5.271326522327418,
              50.55075867858347
            ],
            [
              5.273611111111111,
              50.55082207980285
            ]
          ]
        ]
      }
    },
    {
      "type": "Feature",
      "id": "EBR12",
      "properties": {
        "id": "EBR12",
        "name": "EBR12 - CHIEVRES",
        "chapter": "ENR 5.1",
        "upperLimit": "2500FT AMSL",
        "lowerLimit": "GND",
        "verticalLimits": "2500FT AMSL / GND",
        "lateralLimits": "A circle, 2NM radius, centred on 503433N0034952E.",
        "restrictionOrHazard": "Entry prohibited.⁽¹⁾ Military aerodrome.",
        "timeOfActivity": "Outside EBCV OPR HR ⁽²⁾",
        "aipSource": "Belgium and Luxembourg AIP ENR 5.1",
        "aipPage": "ENR 5.1-5",
        "amendment": "AMDT 013/2024",
        "effectiveDate": "26-DEC-2024",
        "aipNotes": [
          "(1) Entry prohibited unless authorized by the Ministry of Defence.",
          "(2) EBCV OPR HR can be checked with Brussels FIC."
        ],
        "geometryNote": "Circle sampled every 5 degrees from the published centre and radius.",
        "color": "#FF0000",
        "colorSource": "AIM Belgium Brussels FIR Structure, 09 JUL 2026",
        "areaType": "restricted",
        "footnoteReferences": {
          "restrictionOrHazard": [
            1
          ],
          "timeOfActivity": [
            2
          ]
        }
      },
      "geometry": {
        "type": "Polygon",
        "coordinates": [
          [
            [
              3.8311111111111105,
              50.60914415960569
            ],
            [
              3.835685944028406,
              50.60901731230767
            ],
            [
              3.8402258861977883,
              50.608637737841
            ],
            [
              3.8446963146505486,
              50.60800833106284
            ],
            [
              3.8490631398699624,
              50.60713389204361
            ],
            [
              3.8532930672693575,
              50.606021089233714
            ],
            [
              3.8573538524232776,
              50.604678408302924
            ],
            [
              3.8612145480531157,
              50.60311608705448
            ],
            [
              3.8648457408391743,
              50.60134603692468
            ],
            [
              3.86821977621778,
              50.59938175168305
            ],
            [
              3.8713109694239787,
              50.597238204047954
            ],
            [
              3.874095801156354,
              50.5949317310254
            ],
            [
              3.876553096369372,
              50.592479908865144
            ],
            [
              3.878664184839058,
              50.5899014186077
            ],
            [
              3.880413042298301,
              50.58721590326619
            ],
            [
              3.8817864110971176,
              50.58444381774958
            ],
            [
              3.882773899509326,
              50.58160627268729
            ],
            [
              3.883368058978597,
              50.57872487335881
            ],
            [
              3.8835644387722716,
              50.57582155496641
            ],
            [
              3.883361617689044,
              50.57291841551371
            ],
            [
              3.882761212645159,
              50.57003754756737
            ],
            [
              3.881767864141567,
              50.5672008701839
            ],
            [
              3.880389198790255,
              50.564429962278886
            ],
            [
              3.878635769250341,
              50.561745898700686
            ],
            [
              3.8765209720921643,
              50.55916909024726
            ],
            [
              3.8740609442695946,
              50.55671912883104
            ],
            [
              3.871274439035813,
              50.554414638954825
            ],
            [
              3.8681826822851844,
              50.55227313661153
            ],
            [
              3.864809210442519,
              50.550310896662005
            ],
            [
              3.861179691150402,
              50.54854282967944
            ],
            [
              3.857321728124576,
              50.546982369176405
            ],
            [
              3.8532646516561977,
              50.54564137005132
            ],
            [
              3.8490392963374735,
              50.54453001900653
            ],
            [
              3.844677767673504,
              50.54365675760059
            ],
            [
              3.840213199317669,
              50.54302821850263
            ],
            [
              3.835679502730364,
              50.54264917541899
            ],
            [
              3.8311111111111105,
              50.54252250706098
            ],
            [
              3.8265427194918575,
              50.54264917541899
            ],
            [
              3.8220090229045525,
              50.54302821850263
            ],
            [
              3.817544454548717,
              50.54365675760059
            ],
            [
              3.813182925884748,
              50.54453001900653
            ],
            [
              3.8089575705660237,
              50.54564137005132
            ],
            [
              3.8049004940976454,
              50.546982369176405
            ],
            [
              3.8010425310718188,
              50.54854282967944
            ],
            [
              3.7974130117797023,
              50.550310896662005
            ],
            [
              3.794039539937037,
              50.55227313661153
            ],
            [
              3.7909477831864082,
              50.554414638954825
            ],
            [
              3.788161277952627,
              50.55671912883104
            ],
            [
              3.785701250130057,
              50.55916909024726
            ],
            [
              3.78358645297188,
              50.561745898700686
            ],
            [
              3.7818330234319664,
              50.564429962278886
            ],
            [
              3.780454358080654,
              50.5672008701839
            ],
            [
              3.779461009577062,
              50.57003754756737
            ],
            [
              3.778860604533177,
              50.57291841551371
            ],
            [
              3.7786577834499497,
              50.57582155496641
            ],
            [
              3.7788541632436243,
              50.57872487335881
            ],
            [
              3.7794483227128954,
              50.58160627268729
            ],
            [
              3.7804358111251037,
              50.58444381774958
            ],
            [
              3.78180917992392,
              50.58721590326619
            ],
            [
              3.7835580373831634,
              50.5899014186077
            ],
            [
              3.7856691258528494,
              50.592479908865144
            ],
            [
              3.788126421065867,
              50.5949317310254
            ],
            [
              3.7909112527982423,
              50.597238204047954
            ],
            [
              3.7940024460044413,
              50.59938175168305
            ],
            [
              3.7973764813830466,
              50.60134603692468
            ],
            [
              3.8010076741691057,
              50.60311608705448
            ],
            [
              3.804868369798944,
              50.604678408302924
            ],
            [
              3.808929154952864,
              50.606021089233714
            ],
            [
              3.813159082352259,
              50.60713389204361
            ],
            [
              3.8175259075716723,
              50.60800833106284
            ],
            [
              3.821996336024433,
              50.608637737841
            ],
            [
              3.8265362781938155,
              50.60901731230767
            ],
            [
              3.8311111111111105,
              50.60914415960569
            ]
          ]
        ]
      }
    },
    {
      "type": "Feature",
      "id": "EBR13",
      "properties": {
        "id": "EBR13",
        "name": "EBR13 - REDU",
        "chapter": "ENR 5.1",
        "upperLimit": "4500FT AMSL",
        "lowerLimit": "GND",
        "verticalLimits": "4500FT AMSL / GND",
        "lateralLimits": "A circle, 0.8NM radius, centred on 500004N0050841E.",
        "restrictionOrHazard": "Prohibited to MIL aircraft. Satellite ground station.",
        "timeOfActivity": "PERM",
        "aipSource": "Belgium and Luxembourg AIP ENR 5.1",
        "aipPage": "ENR 5.1-5",
        "amendment": "AMDT 013/2024",
        "effectiveDate": "26-DEC-2024",
        "geometryNote": "Circle sampled every 5 degrees from the published centre and radius.",
        "color": "#FF0000",
        "colorSource": "AIM Belgium Brussels FIR Structure, 09 JUL 2026",
        "areaType": "restricted"
      },
      "geometry": {
        "type": "Polygon",
        "coordinates": [
          [
            [
              5.144722222222223,
              50.014435441620044
            ],
            [
              5.146529412492429,
              50.01438472448895
            ],
            [
              5.148322837583331,
              50.014232959403415
            ],
            [
              5.150088837422796,
              50.01398130233691
            ],
            [
              5.151813961342573,
              50.013631670102086
            ],
            [
              5.153485070760566,
              50.01318672571551
            ],
            [
              5.15508943945762,
              50.01264985806647
            ],
            [
              5.156614850676999,
              50.01202515604665
            ],
            [
              5.1580496903001185,
              50.01131737733971
            ],
            [
              5.159383035383338,
              50.0105319121114
            ],
            [
              5.1606047373775885,
              50.00967474187945
            ],
            [
              5.161705499394743,
              50.008752393879476
            ],
            [
              5.1626769469318186,
              50.007771891277756
            ],
            [
              5.163511691515698,
              50.00674069961309
            ],
            [
              5.164203386786766,
              50.005666669878565
            ],
            [
              5.164746776599132,
              50.004557978679586
            ],
            [
              5.165137734777442,
              50.00342306592624
            ],
            [
              5.165373296235198,
              50.00227057053681
            ],
            [
              5.16545167922641,
              50.00110926464334
            ],
            [
              5.165372298570822,
              49.999947986801864
            ],
            [
              5.165135769762208,
              49.998795574716056
            ],
            [
              5.164743903939016,
              49.99766079798683
            ],
            [
              5.164199693766069,
              49.99655229139945
            ],
            [
              5.163507290344958,
              49.99547848925468
            ],
            [
              5.162671971338355,
              49.9944475612427
            ],
            [
              5.161700100559423,
              49.99346735034568
            ],
            [
              5.160599079341273,
              49.992545313239106
            ],
            [
              5.159377290062588,
              49.99168846364291
            ],
            [
              5.158044032263599,
              49.990903319050375
            ],
            [
              5.156609451841296,
              49.99019585123685
            ],
            [
              5.1550844638636395,
              49.98957144092175
            ],
            [
              5.153480669589238,
              49.98903483692545
            ],
            [
              5.151810268321289,
              49.98859012012866
            ],
            [
              5.150085964762163,
              49.98824067250548
            ],
            [
              5.148320872567713,
              49.98798915146314
            ],
            [
              5.1465284148278485,
              49.98783746968125
            ],
            [
              5.144722222222223,
              49.98778678060216
            ],
            [
              5.142916029616597,
              49.98783746968125
            ],
            [
              5.141123571876732,
              49.98798915146314
            ],
            [
              5.139358479682283,
              49.98824067250548
            ],
            [
              5.137634176123157,
              49.98859012012866
            ],
            [
              5.135963774855207,
              49.98903483692545
            ],
            [
              5.134359980580806,
              49.98957144092175
            ],
            [
              5.13283499260315,
              49.99019585123685
            ],
            [
              5.131400412180847,
              49.990903319050375
            ],
            [
              5.130067154381857,
              49.99168846364291
            ],
            [
              5.128845365103173,
              49.992545313239106
            ],
            [
              5.127744343885023,
              49.99346735034568
            ],
            [
              5.12677247310609,
              49.9944475612427
            ],
            [
              5.125937154099488,
              49.99547848925468
            ],
            [
              5.125244750678378,
              49.99655229139945
            ],
            [
              5.12470054050543,
              49.99766079798683
            ],
            [
              5.124308674682237,
              49.998795574716056
            ],
            [
              5.124072145873624,
              49.999947986801864
            ],
            [
              5.123992765218035,
              50.00110926464334
            ],
            [
              5.124071148209248,
              50.00227057053681
            ],
            [
              5.124306709667003,
              50.00342306592624
            ],
            [
              5.1246976678453136,
              50.004557978679586
            ],
            [
              5.12524105765768,
              50.005666669878565
            ],
            [
              5.125932752928748,
              50.00674069961309
            ],
            [
              5.126767497512627,
              50.007771891277756
            ],
            [
              5.127738945049702,
              50.008752393879476
            ],
            [
              5.128839707066858,
              50.00967474187945
            ],
            [
              5.130061409061108,
              50.0105319121114
            ],
            [
              5.131394754144328,
              50.01131737733971
            ],
            [
              5.132829593767447,
              50.01202515604665
            ],
            [
              5.134355004986825,
              50.01264985806647
            ],
            [
              5.135959373683879,
              50.01318672571551
            ],
            [
              5.137630483101872,
              50.013631670102086
            ],
            [
              5.13935560702165,
              50.01398130233691
            ],
            [
              5.141121606861115,
              50.014232959403415
            ],
            [
              5.1429150319520165,
              50.01438472448895
            ],
            [
              5.144722222222223,
              50.014435441620044
            ]
          ]
        ]
      }
    },
    {
      "type": "Feature",
      "id": "EBR16",
      "properties": {
        "id": "EBR16",
        "name": "EBR16 - MOL",
        "chapter": "ENR 5.1",
        "upperLimit": "4500FT AMSL",
        "lowerLimit": "GND",
        "verticalLimits": "4500FT AMSL / GND",
        "lateralLimits": "A circle, 3NM radius, centred on 511232N0050456E.",
        "restrictionOrHazard": "Entry prohibited to MIL aircraft. Nuclear installations in Mol, Dessel and Geel.",
        "timeOfActivity": "PERM",
        "aipSource": "Belgium and Luxembourg AIP ENR 5.1",
        "aipPage": "ENR 5.1-5",
        "amendment": "AMDT 013/2024",
        "effectiveDate": "26-DEC-2024",
        "geometryNote": "Circle sampled every 5 degrees from the published centre and radius.",
        "color": "#FF0000",
        "colorSource": "AIM Belgium Brussels FIR Structure, 09 JUL 2026",
        "areaType": "restricted"
      },
      "geometry": {
        "type": "Polygon",
        "coordinates": [
          [
            [
              5.082222222222222,
              51.25885512829742
            ],
            [
              5.089181004145233,
              51.25866478549705
            ],
            [
              5.09608665385733,
              51.25809521042724
            ],
            [
              5.102886448753806,
              51.25715075187758
            ],
            [
              5.109528482164373,
              51.25583862057209
            ],
            [
              5.115962063155343,
              51.25416883359461
            ],
            [
              5.1221381066171885,
              51.2521541372073
            ],
            [
              5.128009510537154,
              51.249809908679076
            ],
            [
              5.133531517472495,
              51.24715403790661
            ],
            [
              5.138662057382026,
              51.24420678977022
            ],
            [
              5.143362069140165,
              51.24099064831792
            ],
            [
              5.147595798246545,
              51.23753014401207
            ],
            [
              5.151331068453283,
              51.23385166540332
            ],
            [
              5.154539525258597,
              51.22998325671511
            ],
            [
              5.157196849457178,
              51.22595440292731
            ],
            [
              5.159282939191725,
              51.22179580403991
            ],
            [
              5.1607820592137434,
              51.21753914027524
            ],
            [
              5.161682956332222,
              51.213216830040594
            ],
            [
              5.161978940303569,
              51.20886178252133
            ],
            [
              5.161667929692506,
              51.20450714680785
            ],
            [
              5.160752462509076,
              51.200186059478156
            ],
            [
              5.159239671699092,
              51.19593139256048
            ],
            [
              5.157141225832183,
              51.19177550378923
            ],
            [
              5.154473235590951,
              51.18774999104165
            ],
            [
              5.151256126915005,
              51.18388545280236
            ],
            [
              5.1475144818930865,
              51.180211256449994
            ],
            [
              5.143276848723871,
              51.17675531609412
            ],
            [
              5.138575522280041,
              51.17354388161232
            ],
            [
              5.133446297010104,
              51.17060134044809
            ],
            [
              5.127928194097064,
              51.16795003363042
            ],
            [
              5.122063164962191,
              51.165610087365934
            ],
            [
              5.115895773354969,
              51.16359926143657
            ],
            [
              5.10947285840665,
              51.16193281550893
            ],
            [
              5.102843181144454,
              51.16062339432863
            ],
            [
              5.09605705706603,
              51.15968093263331
            ],
            [
              5.08916597745942,
              51.15911258047327
            ],
            [
              5.082222222222222,
              51.15892264948036
            ],
            [
              5.075278466985024,
              51.15911258047327
            ],
            [
              5.068387387378413,
              51.15968093263331
            ],
            [
              5.061601263299989,
              51.16062339432863
            ],
            [
              5.0549715860377935,
              51.16193281550893
            ],
            [
              5.048548671089475,
              51.16359926143657
            ],
            [
              5.042381279482252,
              51.165610087365934
            ],
            [
              5.03651625034738,
              51.16795003363042
            ],
            [
              5.03099814743434,
              51.17060134044809
            ],
            [
              5.025868922164403,
              51.17354388161232
            ],
            [
              5.0211675957205735,
              51.17675531609412
            ],
            [
              5.016929962551357,
              51.180211256449994
            ],
            [
              5.01318831752944,
              51.18388545280236
            ],
            [
              5.009971208853494,
              51.18774999104165
            ],
            [
              5.00730321861226,
              51.19177550378923
            ],
            [
              5.005204772745351,
              51.19593139256048
            ],
            [
              5.003691981935368,
              51.200186059478156
            ],
            [
              5.002776514751938,
              51.20450714680785
            ],
            [
              5.002465504140876,
              51.20886178252133
            ],
            [
              5.002761488112222,
              51.213216830040594
            ],
            [
              5.0036623852307,
              51.21753914027524
            ],
            [
              5.005161505252718,
              51.22179580403991
            ],
            [
              5.007247594987265,
              51.22595440292731
            ],
            [
              5.009904919185846,
              51.22998325671511
            ],
            [
              5.0131133759911615,
              51.23385166540332
            ],
            [
              5.016848646197898,
              51.23753014401207
            ],
            [
              5.021082375304279,
              51.24099064831792
            ],
            [
              5.025782387062418,
              51.24420678977022
            ],
            [
              5.030912926971949,
              51.24715403790661
            ],
            [
              5.03643493390729,
              51.249809908679076
            ],
            [
              5.042306337827255,
              51.2521541372073
            ],
            [
              5.048482381289101,
              51.25416883359461
            ],
            [
              5.054915962280071,
              51.25583862057209
            ],
            [
              5.061557995690637,
              51.25715075187758
            ],
            [
              5.068357790587114,
              51.25809521042724
            ],
            [
              5.075263440299212,
              51.25866478549705
            ],
            [
              5.082222222222222,
              51.25885512829742
            ]
          ]
        ]
      }
    },
    {
      "type": "Feature",
      "id": "EBR17A",
      "properties": {
        "id": "EBR17A",
        "name": "EBR17A - LOMBARDSIJDE SECTOR ALPHA",
        "chapter": "ENR 5.1",
        "upperLimit": "2500FT AMSL",
        "lowerLimit": "SFC",
        "verticalLimits": "2500FT AMSL / SFC",
        "lateralLimits": "510907N 0024349E- 511015N 0023959E- an arc of circle, 2.5NM radius, centred on 510919N0024340E and traced clockwise to 511055N 0024645E- 511008N 0024631E- 510907N 0024349E.",
        "restrictionOrHazard": "Entry prohibited.⁽¹⁾ Gunnery and air exercises area.",
        "timeOfActivity": "HX⁽²⁾",
        "aipSource": "Belgium and Luxembourg AIP ENR 5.1",
        "aipPage": "ENR 5.1-5",
        "amendment": "AMDT 013/2024",
        "effectiveDate": "26-DEC-2024",
        "aipNotes": [
          "(1) Except MIL aircraft transiting to/from Shooting Range Lombardsijde and those participating in (combined) land-air exercises, after coordination with Shooting Range Safety Office Lombardsijde, TEL + 32 (0) 2 442 37 26.",
          "(2) Announced by NOTAM."
        ],
        "geometryNote": "Published circular arcs are geodesically sampled at maximum 3 degrees.",
        "color": "#FF0000",
        "colorSource": "AIM Belgium Brussels FIR Structure, 09 JUL 2026",
        "areaType": "restricted",
        "footnoteReferences": {
          "restrictionOrHazard": [
            1
          ],
          "timeOfActivity": [
            2
          ]
        }
      },
      "geometry": {
        "type": "Polygon",
        "coordinates": [
          [
            [
              2.730277777777778,
              51.151944444444446
            ],
            [
              2.6663888888888887,
              51.170833333333334
            ],
            [
              2.667749996915949,
              51.17279995541597
            ],
            [
              2.6692713089066586,
              51.17471989015111
            ],
            [
              2.6709487842305593,
              51.1765880132393
            ],
            [
              2.6727779638589593,
              51.178399338051754
            ],
            [
              2.6747539821147144,
              51.180149028993874
            ],
            [
              2.6768715795298745,
              51.18183241447035
            ],
            [
              2.679125116778157,
              51.183444999416245
            ],
            [
              2.6815085896460653,
              51.184982477359945
            ],
            [
              2.68401564500342,
              51.186440741984974
            ],
            [
              2.6866395977311313,
              51.18781589815896
            ],
            [
              2.689373448561189,
              51.1891042723994
            ],
            [
              2.692209902781125,
              51.190302422747585
            ],
            [
              2.6951413897526106,
              51.191407148023416
            ],
            [
              2.6981600831913894,
              51.19241549643553
            ],
            [
              2.7012579221534447,
              51.19332477352303
            ],
            [
              2.7044266326701516,
              51.19413254940698
            ],
            [
              2.7076577499731664,
              51.1948366653313
            ],
            [
              2.7109426412480238,
              51.19543523947526
            ],
            [
              2.7142725288537557,
              51.195926672021244
            ],
            [
              2.7176385139444372,
              51.196309649463906
            ],
            [
              2.7210316004272945,
              51.196583148148456
            ],
            [
              2.72444271919099,
              51.196746437028665
            ],
            [
              2.7278627525368453,
              51.19679907963653
            ],
            [
              2.731282558745142,
              51.1967409352584
            ],
            [
              2.7346929967082083,
              51.19657215931414
            ],
            [
              2.7380849505618094,
              51.196293202938286
            ],
            [
              2.7414493542463454,
              51.19590481176454
            ],
            [
              2.744777215929592,
              51.19540802391665
            ],
            [
              2.748059642223143,
              51.19480416721156
            ],
            [
              2.751287862125368,
              51.194094855582506
            ],
            [
              2.754453250624516,
              51.193281984731925
            ],
            [
              2.7575473518966973,
              51.19236772702634
            ],
            [
              2.760561902034679,
              51.1913545256473
            ],
            [
              2.7634888512449134,
              51.19024508801469
            ],
            [
              2.76632038545183,
              51.189042378500545
            ],
            [
              2.769048947250262,
              51.18774961045353
            ],
            [
              2.7716672561488425,
              51.1863702375562
            ],
            [
              2.774168328049388,
              51.18490794453885
            ],
            [
              2.77654549390959,
              51.18336663727557
            ],
            [
              2.778792417538798,
              51.181750432289725
            ],
            [
              2.7752777777777777,
              51.16888888888889
            ],
            [
              2.730277777777778,
              51.151944444444446
            ]
          ]
        ]
      }
    },
    {
      "type": "Feature",
      "id": "EBR17B",
      "properties": {
        "id": "EBR17B",
        "name": "EBR17B - LOMBARDSIJDE SECTOR BRAVO",
        "chapter": "ENR 5.1",
        "upperLimit": "FL240",
        "lowerLimit": "SFC ⁽²⁾",
        "verticalLimits": "FL240 / SFC ⁽²⁾",
        "lateralLimits": "510907N 0024349E- 511139N 0023503E- an arc of circle, 7.5NM radius, centred on 510839N0024601E and traced clockwise to 511602N0024819E- 511008N 0024631E- 510907N 0024349E.",
        "restrictionOrHazard": "Entry prohibited.⁽³⁾ Gunnery and air exercises area.",
        "timeOfActivity": "HX⁽⁴⁾",
        "aipSource": "Belgium and Luxembourg AIP ENR 5.1",
        "aipPage": "ENR 5.1-5",
        "amendment": "AMDT 013/2024",
        "effectiveDate": "26-DEC-2024",
        "aipNotes": [
          "(1) This area includes EBR17A.",
          "(2) Upper limit may be restricted to FL 065 (see NOTAM).",
          "(3) Except MIL aircraft transiting to/from Shooting Range Lombardsijde and those participating in (combined) land-air exercises, after coordination with Shooting Range Safety Office Lombardsijde, TEL + 32 (0) 2 442 37 26.",
          "(4) Announced by NOTAM."
        ],
        "geometryNote": "Published circular arcs are geodesically sampled at maximum 3 degrees.",
        "color": "#FF0000",
        "colorSource": "AIM Belgium Brussels FIR Structure, 09 JUL 2026",
        "areaType": "restricted",
        "footnoteReferences": {
          "verticalLimits": [
            2
          ],
          "lowerLimit": [
            2
          ],
          "restrictionOrHazard": [
            3
          ],
          "timeOfActivity": [
            4
          ]
        }
      },
      "geometry": {
        "type": "Polygon",
        "coordinates": [
          [
            [
              2.730277777777778,
              51.151944444444446
            ],
            [
              2.584166666666667,
              51.19416666666666
            ],
            [
              2.588545094156282,
              51.20005345165999
            ],
            [
              2.5934065940470403,
              51.20578963709646
            ],
            [
              2.5987381778627068,
              51.21135968755454
            ],
            [
              2.6045255686170052,
              51.216748511993124
            ],
            [
              2.61075323814542,
              51.2219415051464
            ],
            [
              2.617404448043986,
              51.22692458764314
            ],
            [
              2.6244612941155334,
              51.23168424473475
            ],
            [
              2.6319047542117806,
              51.23620756351934
            ],
            [
              2.639714739347735,
              51.24048226855329
            ],
            [
              2.647870147953245,
              51.24449675574552
            ],
            [
              2.6563489231151984,
              51.2482401244349
            ],
            [
              2.665128112652956,
              51.251702207555525
            ],
            [
              2.6741839318590914,
              51.25487359980038
            ],
            [
              2.6834918287275586,
              51.25774568369928
            ],
            [
              2.693026551481973,
              51.26031065353293
            ],
            [
              2.702762218207928,
              51.262561537011514
            ],
            [
              2.712672388385151,
              51.264492214652115
            ],
            [
              2.722730136107932,
              51.26609743679685
            ],
            [
              2.7329081247756553,
              51.267372838219835
            ],
            [
              2.7431786830294924,
              51.268314950279
            ],
            [
              2.753513881706377,
              51.26892121057546
            ],
            [
              2.7638856115773542,
              51.2691899700914
            ],
            [
              2.7742656616342676,
              51.26912049778446
            ],
            [
              2.7846257976865667,
              51.26871298262482
            ],
            [
              2.7949378410287653,
              51.26796853306857
            ],
            [
              2.8051737469388076,
              51.266889173969176
            ],
            [
              2.7752777777777777,
              51.16888888888889
            ],
            [
              2.730277777777778,
              51.151944444444446
            ]
          ]
        ]
      }
    },
    {
      "type": "Feature",
      "id": "EBR17C",
      "properties": {
        "id": "EBR17C",
        "name": "EBR17C - LOMBARDSIJDE SECTOR CHARLIE",
        "chapter": "ENR 5.1",
        "upperLimit": "FL240",
        "lowerLimit": "SFC ⁽²⁾⁽³⁾",
        "verticalLimits": "FL240 / SFC ⁽²⁾⁽³⁾",
        "lateralLimits": "510907N 0024349E- 511351N0022721E- an arc of circle, 12.8NM radius, centred on 510839N0024601E and traced clockwise to 512114N0024957E- 511008N 0024631E- 510907N 0024349E.",
        "restrictionOrHazard": "Entry prohibited.⁽⁴⁾ Gunnery and air exercises area.",
        "timeOfActivity": "HX⁽⁵⁾",
        "aipSource": "Belgium and Luxembourg AIP ENR 5.1",
        "aipPage": "ENR 5.1-6",
        "amendment": "AMDT 013/2024",
        "effectiveDate": "26-DEC-2024",
        "aipNotes": [
          "(1) This area includes EBR17A and EBR17B.",
          "(2) Firing activity may take place higher than FL240 (see NOTAM).",
          "(3) Upper limit may be restricted to FL065 (see NOTAM).",
          "(4) Except MIL aircraft transiting to/from Shooting Range Lombardsijde and those participating in (combined) land-air exercises, after coordination with Shooting Range Safety Office Lombardsijde, TEL + 32 (0) 2 442 37 26.",
          "(5) Announced by NOTAM."
        ],
        "geometryNote": "Published circular arcs are geodesically sampled at maximum 3 degrees.",
        "color": "#FF0000",
        "colorSource": "AIM Belgium Brussels FIR Structure, 09 JUL 2026",
        "areaType": "restricted",
        "footnoteReferences": {
          "verticalLimits": [
            2,
            3
          ],
          "lowerLimit": [
            2,
            3
          ],
          "restrictionOrHazard": [
            4
          ],
          "timeOfActivity": [
            5
          ]
        }
      },
      "geometry": {
        "type": "Polygon",
        "coordinates": [
          [
            [
              2.730277777777778,
              51.151944444444446
            ],
            [
              2.4558333333333335,
              51.23083333333334
            ],
            [
              2.4633638646188842,
              51.24079691072929
            ],
            [
              2.4717095543525764,
              51.25050315320008
            ],
            [
              2.480848495420805,
              51.2599259898352
            ],
            [
              2.4907566059208937,
              51.269040095092045
            ],
            [
              2.50140769004873,
              51.277820958313626
            ],
            [
              2.5127735052850704,
              51.28624495117214
            ],
            [
              2.5248238357331685,
              51.294289392836106
            ],
            [
              2.5375265714364748,
              51.30193261266455
            ],
            [
              2.5508477934813985,
              51.30915401023728
            ],
            [
              2.564751864666614,
              51.31593411253721
            ],
            [
              2.5792015254973446,
              51.322254628107856
            ],
            [
              2.594157995240572,
              51.32809849801761
            ],
            [
              2.6095810777553985,
              51.33344994347102
            ],
            [
              2.6254292717919676,
              51.338294509916956
            ],
            [
              2.6416598854325555,
              51.34261910751402
            ],
            [
              2.658229154329906,
              51.346412047824046
            ],
            [
              2.675092363380632,
              51.34966307661642
            ],
            [
              2.692203971455767,
              51.35236340267758
            ],
            [
              2.7095177387964067,
              51.3545057225328
            ],
            [
              2.7269868566699436,
              51.35608424100028
            ],
            [
              2.744564078871783,
              51.35709468751072
            ],
            [
              2.7622018546487075,
              51.357534328139316
            ],
            [
              2.779852462613319,
              51.357401973311
            ],
            [
              2.797468145214259,
              51.35669798115372
            ],
            [
              2.815001243324269,
              51.355424256488924
            ],
            [
              2.8324043305075803,
              51.353584245462315
            ],
            [
              2.7752777777777777,
              51.16888888888889
            ],
            [
              2.730277777777778,
              51.151944444444446
            ]
          ]
        ]
      }
    },
    {
      "type": "Feature",
      "id": "EBR17D",
      "properties": {
        "id": "EBR17D",
        "name": "EBR17D - LOMBARDSIJDE SECTOR DELTA",
        "chapter": "ENR 5.1",
        "upperLimit": "500FT AMSL",
        "lowerLimit": "SFC⁽¹⁾",
        "verticalLimits": "500FT AMSL / SFC⁽¹⁾",
        "lateralLimits": "510907N 0024349E - 511015N 0023959E then a clockwise arc radius 2.5 NM centered on 510919N 0024340E - 511055N 0024645E - 511008N 0024631E - 510907N 0024349E.",
        "restrictionOrHazard": "BVLOS military UAS training zone. Entry prohibited to non- participating aircraft.⁽²⁾",
        "timeOfActivity": "HX⁽³⁾",
        "aipSource": "Belgium and Luxembourg AIP ENR 5.1",
        "aipPage": "ENR 5.1-6",
        "amendment": "AMDT 013/2024",
        "effectiveDate": "26-DEC-2024",
        "aipNotes": [
          "(1) UAS maximum operating altitude is 300 FTAMSL.",
          "(2) Except MIL aircraft transiting to/from Shooting Range Lombardsijde and those participating in (combined) land-air exercises, after coordination with Shooting Range Safety Office Lombardsijde, TEL + 32 (0) 2 442 37 26.",
          "(3) Announced by NOTAM. Status of the area can be checked with Oostende ATC. This airspace could be activated simultaneously with EBR17A."
        ],
        "color": "#FF0000",
        "colorSource": "AIM Belgium Brussels FIR Structure, 09 JUL 2026",
        "areaType": "restricted",
        "footnoteReferences": {
          "verticalLimits": [
            1
          ],
          "lowerLimit": [
            1
          ],
          "restrictionOrHazard": [
            2
          ],
          "timeOfActivity": [
            3
          ]
        }
      },
      "geometry": {
        "type": "Polygon",
        "coordinates": [
          [
            [
              2.730277777777778,
              51.151944444444446
            ],
            [
              2.6663888888888887,
              51.170833333333334
            ],
            [
              2.667749996915949,
              51.17279995541597
            ],
            [
              2.6692713089066586,
              51.17471989015111
            ],
            [
              2.6709487842305593,
              51.1765880132393
            ],
            [
              2.6727779638589593,
              51.178399338051754
            ],
            [
              2.6747539821147144,
              51.180149028993874
            ],
            [
              2.6768715795298745,
              51.18183241447035
            ],
            [
              2.679125116778157,
              51.183444999416245
            ],
            [
              2.6815085896460653,
              51.184982477359945
            ],
            [
              2.68401564500342,
              51.186440741984974
            ],
            [
              2.6866395977311313,
              51.18781589815896
            ],
            [
              2.689373448561189,
              51.1891042723994
            ],
            [
              2.692209902781125,
              51.190302422747585
            ],
            [
              2.6951413897526106,
              51.191407148023416
            ],
            [
              2.6981600831913894,
              51.19241549643553
            ],
            [
              2.7012579221534447,
              51.19332477352303
            ],
            [
              2.7044266326701516,
              51.19413254940698
            ],
            [
              2.7076577499731664,
              51.1948366653313
            ],
            [
              2.7109426412480238,
              51.19543523947526
            ],
            [
              2.7142725288537557,
              51.195926672021244
            ],
            [
              2.7176385139444372,
              51.196309649463906
            ],
            [
              2.7210316004272945,
              51.196583148148456
            ],
            [
              2.72444271919099,
              51.196746437028665
            ],
            [
              2.7278627525368453,
              51.19679907963653
            ],
            [
              2.731282558745142,
              51.1967409352584
            ],
            [
              2.7346929967082083,
              51.19657215931414
            ],
            [
              2.7380849505618094,
              51.196293202938286
            ],
            [
              2.7414493542463454,
              51.19590481176454
            ],
            [
              2.744777215929592,
              51.19540802391665
            ],
            [
              2.748059642223143,
              51.19480416721156
            ],
            [
              2.751287862125368,
              51.194094855582506
            ],
            [
              2.754453250624516,
              51.193281984731925
            ],
            [
              2.7575473518966973,
              51.19236772702634
            ],
            [
              2.760561902034679,
              51.1913545256473
            ],
            [
              2.7634888512449134,
              51.19024508801469
            ],
            [
              2.76632038545183,
              51.189042378500545
            ],
            [
              2.769048947250262,
              51.18774961045353
            ],
            [
              2.7716672561488425,
              51.1863702375562
            ],
            [
              2.774168328049388,
              51.18490794453885
            ],
            [
              2.77654549390959,
              51.18336663727557
            ],
            [
              2.778792417538798,
              51.181750432289725
            ],
            [
              2.7752777777777777,
              51.16888888888889
            ],
            [
              2.730277777777778,
              51.151944444444446
            ]
          ]
        ]
      }
    },
    {
      "type": "Feature",
      "id": "EBR19",
      "properties": {
        "id": "EBR19",
        "name": "EBR19 - MARCHE-EN-FAMENNE",
        "chapter": "ENR 5.1",
        "upperLimit": "3250FT AMSL",
        "lowerLimit": "GND",
        "verticalLimits": "3250FT AMSL / GND",
        "lateralLimits": "501820N 0052340E - 501642N 0052625E - 501506N 0052422E - 501358N 0052105E - 501418N 0052046E - 501717N 0052059E - 501820N 0052340E.",
        "restrictionOrHazard": "Entry prohibited.⁽¹⁾ Gunnery, UAS and air exercises area.",
        "timeOfActivity": "MON to FRI (HOL excl), 0730-2200 (0630-2100) ⁽²⁾",
        "aipSource": "Belgium and Luxembourg AIP ENR 5.1",
        "aipPage": "ENR 5.1-6",
        "amendment": "AMDT 013/2024",
        "effectiveDate": "26-DEC-2024",
        "aipNotes": [
          "(1) Except MIL aircraft transiting to/from Camp Marche and those participating in (combined) land-air exercises, after coordination with Shooting Range Safety Office Marche-en-Famenne, TEL +32 (0) 473 79 17 05 (Prio 1) or Planning TEL +32 (0) 2 442 29 42 or campmarche- trg-securite@mil.be.",
          "(2) Activation outside these hours announced by NOTAM."
        ],
        "color": "#FF0000",
        "colorSource": "AIM Belgium Brussels FIR Structure, 09 JUL 2026",
        "areaType": "restricted",
        "footnoteReferences": {
          "restrictionOrHazard": [
            1
          ],
          "timeOfActivity": [
            2
          ]
        }
      },
      "geometry": {
        "type": "Polygon",
        "coordinates": [
          [
            [
              5.394444444444445,
              50.30555555555555
            ],
            [
              5.440277777777778,
              50.27833333333333
            ],
            [
              5.4061111111111115,
              50.251666666666665
            ],
            [
              5.351388888888889,
              50.23277777777778
            ],
            [
              5.346111111111111,
              50.23833333333334
            ],
            [
              5.349722222222222,
              50.28805555555555
            ],
            [
              5.394444444444445,
              50.30555555555555
            ]
          ]
        ]
      }
    },
    {
      "type": "Feature",
      "id": "EBR20",
      "properties": {
        "id": "EBR20",
        "name": "EBR20 - BRASSCHAAT",
        "chapter": "ENR 5.1",
        "upperLimit": "FL140",
        "lowerLimit": "GND ⁽¹⁾",
        "verticalLimits": "FL140 / GND ⁽¹⁾",
        "lateralLimits": "511827N0043155E- 511857N0043055E- 511957N0043155E- 512327N0043655E- 512217N0043855E- 511827N0043155E.",
        "restrictionOrHazard": "Entry prohibited. Gunnery and air exercises area. ⁽²⁾",
        "timeOfActivity": "HX ⁽³⁾",
        "aipSource": "Belgium and Luxembourg AIP ENR 5.1",
        "aipPage": "ENR 5.1-6",
        "amendment": "AMDT 013/2024",
        "effectiveDate": "26-DEC-2024",
        "aipNotes": [
          "(1) Upper limit may be restricted to FL070 (see NOTAM).",
          "(2) Except MIL aircraft transiting to/from Shooting Range Brasschaat and those participating in (combined) land-air exercises, after coordination with Shooting Range Safety Office Brasschaat, TEL + 32 (0) 477 40 42 03.",
          "(3) Announced by NOTAM."
        ],
        "color": "#FF0000",
        "colorSource": "AIM Belgium Brussels FIR Structure, 09 JUL 2026",
        "areaType": "restricted",
        "footnoteReferences": {
          "verticalLimits": [
            1
          ],
          "lowerLimit": [
            1
          ],
          "restrictionOrHazard": [
            2
          ],
          "timeOfActivity": [
            3
          ]
        }
      },
      "geometry": {
        "type": "Polygon",
        "coordinates": [
          [
            [
              4.531944444444444,
              51.3075
            ],
            [
              4.5152777777777775,
              51.31583333333333
            ],
            [
              4.531944444444444,
              51.3325
            ],
            [
              4.615277777777777,
              51.39083333333333
            ],
            [
              4.64861111111111,
              51.37138888888889
            ],
            [
              4.531944444444444,
              51.3075
            ]
          ]
        ]
      }
    },
    {
      "type": "Feature",
      "id": "EBR22",
      "properties": {
        "id": "EBR22",
        "name": "EBR22 - CASTEAU",
        "chapter": "ENR 5.1",
        "upperLimit": "2500FT AMSL",
        "lowerLimit": "GND",
        "verticalLimits": "2500FT AMSL / GND",
        "lateralLimits": "A circle, 4NM radius, centred on 502957N0035855E.",
        "restrictionOrHazard": "Entry prohibited. Supreme Headquarters Allied Powers Europe (SHAPE). ⁽¹⁾",
        "timeOfActivity": "PERM",
        "aipSource": "Belgium and Luxembourg AIP ENR 5.1",
        "aipPage": "ENR 5.1-7",
        "amendment": "AMDT 010/2025",
        "effectiveDate": "02-OCT-2025",
        "aipNotes": [
          "(1) Not applicable to State aircraft or if authorized by Chièvres TWR on ATC frequency."
        ],
        "geometryNote": "Circle sampled every 5 degrees from the published centre and radius.",
        "color": "#FF0000",
        "colorSource": "AIM Belgium Brussels FIR Structure, 09 JUL 2026",
        "areaType": "restricted",
        "footnoteReferences": {
          "restrictionOrHazard": [
            1
          ]
        }
      },
      "geometry": {
        "type": "Polygon",
        "coordinates": [
          [
            [
              3.981944444444445,
              50.565788319211386
            ],
            [
              3.991085662899514,
              50.565534446188515
            ],
            [
              4.000157017772973,
              50.56477476741709
            ],
            [
              4.009089186150172,
              50.563515088771915
            ],
            [
              4.017813922059925,
              50.56176503677749
            ],
            [
              4.026264584012126,
              50.55953798413326
            ],
            [
              4.0343766495314775,
              50.55685094629662
            ],
            [
              4.042088212546009,
              50.55372444996101
            ],
            [
              4.049340459651264,
              50.55018237449231
            ],
            [
              4.056078121469453,
              50.54625176760264
            ],
            [
              4.062249895554865,
              50.54196263674347
            ],
            [
              4.06780883755925,
              50.53734771789065
            ],
            [
              4.072712717660234,
              50.532442223567585
            ],
            [
              4.076924339568541,
              50.527283572111365
            ],
            [
              4.080411819761792,
              50.52191110032559
            ],
            [
              4.083148824940099,
              50.51636576178537
            ],
            [
              4.0851147660574965,
              50.51068981316065
            ],
            [
              4.086294947649428,
              50.50492649100552
            ],
            [
              4.086680671546294,
              50.49911968152184
            ],
            [
              4.086269294432683,
              50.493313585845605
            ],
            [
              4.085064239077941,
              50.48755238342436
            ],
            [
              4.083074959423017,
              50.481879896053556
            ],
            [
              4.08031686005816,
              50.47633925511984
            ],
            [
              4.0768111709634045,
              50.47097257455995
            ],
            [
              4.072584778706898,
              50.46582063198683
            ],
            [
              4.067670015602687,
              50.46092256035927
            ],
            [
              4.062104408618557,
              50.456315552480504
            ],
            [
              4.055930390094264,
              50.452034580503636
            ],
            [
              4.049194972580273,
              50.448112132501215
            ],
            [
              4.041949390336325,
              50.44457796802085
            ],
            [
              4.034248710237113,
              50.44145889440262
            ],
            [
              4.0261514150191875,
              50.43877856547593
            ],
            [
              4.01771896196849,
              50.43655730408614
            ],
            [
              4.009015320292064,
              50.43481194972506
            ],
            [
              4.000106490540297,
              50.433555732355686
            ],
            [
              3.9910600095480873,
              50.43279817333242
            ],
            [
              3.981944444444445,
              50.43254501412196
            ],
            [
              3.972828879340803,
              50.43279817333242
            ],
            [
              3.9637823983485934,
              50.433555732355686
            ],
            [
              3.9548735685968266,
              50.43481194972506
            ],
            [
              3.9461699269204003,
              50.43655730408614
            ],
            [
              3.937737473869703,
              50.43877856547593
            ],
            [
              3.9296401786517765,
              50.44145889440262
            ],
            [
              3.9219394985525655,
              50.44457796802085
            ],
            [
              3.9146939163086167,
              50.448112132501215
            ],
            [
              3.9079584987946263,
              50.452034580503636
            ],
            [
              3.901784480270333,
              50.456315552480504
            ],
            [
              3.896218873286204,
              50.46092256035927
            ],
            [
              3.891304110181992,
              50.46582063198683
            ],
            [
              3.887077717925486,
              50.47097257455995
            ],
            [
              3.883572028830731,
              50.47633925511984
            ],
            [
              3.8808139294658726,
              50.481879896053556
            ],
            [
              3.87882464981095,
              50.48755238342436
            ],
            [
              3.8776195944562075,
              50.493313585845605
            ],
            [
              3.8772082173425964,
              50.49911968152184
            ],
            [
              3.8775939412394624,
              50.50492649100552
            ],
            [
              3.878774122831394,
              50.51068981316065
            ],
            [
              3.8807400639487915,
              50.51636576178537
            ],
            [
              3.8834770691270992,
              50.52191110032559
            ],
            [
              3.8869645493203495,
              50.527283572111365
            ],
            [
              3.8911761712286563,
              50.532442223567585
            ],
            [
              3.896080051329641,
              50.53734771789065
            ],
            [
              3.901638993334025,
              50.54196263674347
            ],
            [
              3.9078107674194382,
              50.54625176760264
            ],
            [
              3.9145484292376267,
              50.55018237449231
            ],
            [
              3.921800676342882,
              50.55372444996101
            ],
            [
              3.9295122393574133,
              50.55685094629662
            ],
            [
              3.937624304876764,
              50.55953798413326
            ],
            [
              3.9460749668289656,
              50.56176503677749
            ],
            [
              3.9547997027387187,
              50.563515088771915
            ],
            [
              3.9637318711159177,
              50.56477476741709
            ],
            [
              3.972803225989377,
              50.565534446188515
            ],
            [
              3.981944444444445,
              50.565788319211386
            ]
          ]
        ]
      }
    },
    {
      "type": "Feature",
      "id": "EBR23",
      "properties": {
        "id": "EBR23",
        "name": "EBR23 - DOEL",
        "chapter": "ENR 5.1",
        "upperLimit": "2000FT AMSL",
        "lowerLimit": "GND",
        "verticalLimits": "2000FT AMSL / GND",
        "lateralLimits": "A circle radius 1 NM centered on 511930N 0041532E.",
        "restrictionOrHazard": "Prohibited to MIL aircraft. Nuclear installation.",
        "timeOfActivity": "PERM",
        "aipSource": "Belgium and Luxembourg AIP ENR 5.1",
        "aipPage": "ENR 5.1-7",
        "amendment": "AMDT 010/2025",
        "effectiveDate": "02-OCT-2025",
        "geometryNote": "Circle sampled every 5 degrees from the published centre and radius.",
        "color": "#FF0000",
        "colorSource": "AIM Belgium Brussels FIR Structure, 09 JUL 2026",
        "areaType": "restricted"
      },
      "geometry": {
        "type": "Polygon",
        "coordinates": [
          [
            [
              4.2588888888888885,
              51.34165541313617
            ],
            [
              4.26121267748868,
              51.341592011277356
            ],
            [
              4.263518761493396,
              51.3414022887512
            ],
            [
              4.265789571633619,
              51.341087691016384
            ],
            [
              4.268007808243553,
              51.3406506148918
            ],
            [
              4.270156573452161,
              51.34009439023801
            ],
            [
              4.272219500265252,
              51.33942325451008
            ],
            [
              4.2741808775415215,
              51.33864232037872
            ],
            [
              4.276025769898857,
              51.33775753666994
            ],
            [
              4.277740131628124,
              51.33677564292531
            ],
            [
              4.279310913740016,
              51.33570411793339
            ],
            [
              4.280726163325739,
              51.334551122629705
            ],
            [
              4.281975114473813,
              51.33332543780514
            ],
            [
              4.283048270052718,
              51.3320363971025
            ],
            [
              4.283937473741641,
              51.33069381581654
            ],
            [
              4.284635971768719,
              51.32930791604422
            ],
            [
              4.285138463897178,
              51.32788924875958
            ],
            [
              4.285441143284,
              51.32644861341006
            ],
            [
              4.285541724922324,
              51.32499697564936
            ],
            [
              4.285439462467308,
              51.32354538383534
            ],
            [
              4.285135153334533,
              51.322104884929765
            ],
            [
              4.284631132049841,
              51.320686440440575
            ],
            [
              4.283931251918877,
              51.31930084304568
            ],
            [
              4.283040855172926,
              51.31795863453154
            ],
            [
              4.28196673183429,
              51.31667002566864
            ],
            [
              4.28071706762868,
              51.31544481863051
            ],
            [
              4.279301381353523,
              51.314292332542664
            ],
            [
              4.277730452188911,
              51.31322133272371
            ],
            [
              4.276016237511788,
              51.31223996415206
            ],
            [
              4.274171781843378,
              51.31135568965918
            ],
            [
              4.272211117624269,
              51.31057523331434
            ],
            [
              4.27014915857071,
              51.30990452942627
            ],
            [
              4.268001586419128,
              51.30934867754441
            ],
            [
              4.265784731913284,
              51.308911903797366
            ],
            [
              4.263515450929668,
              51.3085975288581
            ],
            [
              4.261210996671411,
              51.30840794277596
            ],
            [
              4.2588888888888885,
              51.30834458686382
            ],
            [
              4.2565667811063665,
              51.30840794277596
            ],
            [
              4.254262326848109,
              51.3085975288581
            ],
            [
              4.251993045864494,
              51.308911903797366
            ],
            [
              4.249776191358649,
              51.30934867754441
            ],
            [
              4.247628619207067,
              51.30990452942627
            ],
            [
              4.245566660153508,
              51.31057523331434
            ],
            [
              4.243605995934399,
              51.31135568965918
            ],
            [
              4.241761540265989,
              51.31223996415206
            ],
            [
              4.240047325588867,
              51.31322133272371
            ],
            [
              4.238476396424255,
              51.314292332542664
            ],
            [
              4.237060710149098,
              51.31544481863051
            ],
            [
              4.235811045943487,
              51.31667002566864
            ],
            [
              4.234736922604851,
              51.31795863453154
            ],
            [
              4.233846525858901,
              51.31930084304568
            ],
            [
              4.233146645727936,
              51.320686440440575
            ],
            [
              4.232642624443244,
              51.322104884929765
            ],
            [
              4.232338315310469,
              51.32354538383534
            ],
            [
              4.232236052855454,
              51.32499697564936
            ],
            [
              4.232336634493778,
              51.32644861341006
            ],
            [
              4.232639313880599,
              51.32788924875958
            ],
            [
              4.233141806009059,
              51.32930791604422
            ],
            [
              4.233840304036136,
              51.33069381581654
            ],
            [
              4.23472950772506,
              51.3320363971025
            ],
            [
              4.235802663303964,
              51.33332543780514
            ],
            [
              4.237051614452038,
              51.334551122629705
            ],
            [
              4.238466864037761,
              51.33570411793339
            ],
            [
              4.240037646149654,
              51.33677564292531
            ],
            [
              4.24175200787892,
              51.33775753666994
            ],
            [
              4.2435969002362555,
              51.33864232037872
            ],
            [
              4.245558277512526,
              51.33942325451008
            ],
            [
              4.247621204325616,
              51.34009439023801
            ],
            [
              4.249769969534224,
              51.3406506148918
            ],
            [
              4.2519882061441585,
              51.341087691016384
            ],
            [
              4.254259016284381,
              51.3414022887512
            ],
            [
              4.256565100289098,
              51.341592011277356
            ],
            [
              4.2588888888888885,
              51.34165541313617
            ]
          ]
        ]
      }
    },
    {
      "type": "Feature",
      "id": "EBR24B",
      "properties": {
        "id": "EBR24B",
        "name": "EBR24B - KOKSIJDE LET-DOWN",
        "chapter": "ENR 5.1",
        "upperLimit": "4500FT AMSL",
        "lowerLimit": "1500FT AMSL",
        "verticalLimits": "4500FT AMSL / 1500FT AMSL",
        "lateralLimits": "510131N0023419E - along the Belgian-French border- 504848N0023843E- 505957N0024337E- 510131N0023419E.",
        "restrictionOrHazard": "Let-down procedure space for jet aircraft.⁽¹⁾",
        "timeOfActivity": "During EBFN OPR HR ⁽²⁾",
        "aipSource": "Belgium and Luxembourg AIP ENR 5.1",
        "aipPage": "ENR 5.1-7",
        "amendment": "AMDT 010/2025",
        "effectiveDate": "02-OCT-2025",
        "aipNotes": [
          "(1) Crossing clearance shall be requested from Koksijde APP.",
          "(2) EBFN OPR HR can be checked with Brussels FIC or Steenokkerzeel ATCC."
        ],
        "geometryNote": "Published border/coastline/river segments are represented by straight joins between their published anchor points.",
        "color": "#FF0000",
        "colorSource": "AIM Belgium Brussels FIR Structure, 09 JUL 2026",
        "areaType": "restricted",
        "footnoteReferences": {
          "restrictionOrHazard": [
            1
          ],
          "timeOfActivity": [
            2
          ]
        }
      },
      "geometry": {
        "type": "Polygon",
        "coordinates": [
          [
            [
              2.571944444444444,
              51.025277777777774
            ],
            [
              2.645277777777778,
              50.81333333333333
            ],
            [
              2.7269444444444444,
              50.99916666666667
            ],
            [
              2.571944444444444,
              51.025277777777774
            ]
          ]
        ]
      }
    },
    {
      "type": "Feature",
      "id": "EBR25",
      "properties": {
        "id": "EBR25",
        "name": "EBR25 - KOKSIJDE CLIMB-OUT",
        "chapter": "ENR 5.1",
        "upperLimit": "4500FT AMSL",
        "lowerLimit": "1100FT AMSL ⁽¹⁾",
        "verticalLimits": "4500FT AMSL / 1100FT AMSL ⁽¹⁾",
        "lateralLimits": "504235N0025545E- 510045N0023852E- 505900N0024917E- 504626N0030102E- along the Belgian-French border- 504235N0025545E.",
        "restrictionOrHazard": "Climb-out sector for jet aircraft.⁽²⁾",
        "timeOfActivity": "During EBFN OPR HR ⁽³⁾",
        "aipSource": "Belgium and Luxembourg AIP ENR 5.1",
        "aipPage": "ENR 5.1-7",
        "amendment": "AMDT 010/2025",
        "effectiveDate": "02-OCT-2025",
        "aipNotes": [
          "(1) 1100FT AMSL from lateral limits of Koksijde CTR to 16NM from the ARP on an axis of 150 DEG GEO, then a slope of 5°30' to the extreme limit of this sector.",
          "(2) Crossing clearance shall be requested from Koksijde APP.",
          "(3) EBFN OPR HR can be checked with Brussels FIC or Steenokkerzeel ATCC."
        ],
        "geometryNote": "Published border/coastline/river segments are represented by straight joins between their published anchor points.",
        "color": "#FF0000",
        "colorSource": "AIM Belgium Brussels FIR Structure, 09 JUL 2026",
        "areaType": "restricted",
        "footnoteReferences": {
          "verticalLimits": [
            1
          ],
          "lowerLimit": [
            1
          ],
          "restrictionOrHazard": [
            2
          ],
          "timeOfActivity": [
            3
          ]
        }
      },
      "geometry": {
        "type": "Polygon",
        "coordinates": [
          [
            [
              2.9291666666666667,
              50.709722222222226
            ],
            [
              2.647777777777778,
              51.0125
            ],
            [
              2.8213888888888885,
              50.983333333333334
            ],
            [
              3.0172222222222222,
              50.77388888888889
            ],
            [
              2.9291666666666667,
              50.709722222222226
            ]
          ]
        ]
      }
    },
    {
      "type": "Feature",
      "id": "EBR27",
      "properties": {
        "id": "EBR27",
        "name": "EBR27 - LOKEREN",
        "chapter": "ENR 5.1",
        "upperLimit": "2500FT AMSL",
        "lowerLimit": "GND",
        "verticalLimits": "2500FT AMSL / GND",
        "lateralLimits": "510627N0035909E- 510734N0040144E- 510625N0040310E- 510517N0040122E- 510627N0035909E.",
        "restrictionOrHazard": "Entry prohibited to manned balloons.⁽¹⁾",
        "timeOfActivity": "PERM",
        "aipSource": "Belgium and Luxembourg AIP ENR 5.1",
        "aipPage": "ENR 5.1-7",
        "amendment": "AMDT 010/2025",
        "effectiveDate": "02-OCT-2025",
        "aipNotes": [
          "(1) Above 1500FT AMSL manned free balloons flights are allowed if the pilot makes use either of a fully operational GPS with altitude registration or a fully operational FAI certified GPS logger or a fully operational transponder mode C with code setting A2000 (or any code assigned by Brussels FIC). Pilots using a transponder shall establish and maintain two-way radio communication with Brussels FIC on FREQ 126.900MHZ."
        ],
        "color": "#FF0000",
        "colorSource": "AIM Belgium Brussels FIR Structure, 09 JUL 2026",
        "areaType": "restricted",
        "footnoteReferences": {
          "restrictionOrHazard": [
            1
          ]
        }
      },
      "geometry": {
        "type": "Polygon",
        "coordinates": [
          [
            [
              3.9858333333333333,
              51.1075
            ],
            [
              4.028888888888889,
              51.126111111111115
            ],
            [
              4.052777777777778,
              51.106944444444444
            ],
            [
              4.022777777777778,
              51.088055555555556
            ],
            [
              3.9858333333333333,
              51.1075
            ]
          ]
        ]
      }
    },
    {
      "type": "Feature",
      "id": "EBR31",
      "properties": {
        "id": "EBR31",
        "name": "EBR31 - WESTROZEBEKE-HOUTHULST",
        "chapter": "ENR 5.1",
        "upperLimit": "2600FT AMSL",
        "lowerLimit": "GND",
        "verticalLimits": "2600FT AMSL / GND",
        "lateralLimits": "A circle, 1.2NM radius, centred on 505752N0025735E.",
        "restrictionOrHazard": "Entry prohibited.⁽¹⁾ ⁽²⁾ ⁽³⁾ Destruction centre of explosives.",
        "timeOfActivity": "PERM",
        "aipSource": "Belgium and Luxembourg AIP ENR 5.1",
        "aipPage": "ENR 5.1-7",
        "amendment": "AMDT 010/2025",
        "effectiveDate": "02-OCT-2025",
        "geometryNote": "Circle sampled every 5 degrees from the published centre and radius.",
        "color": "#FF0000",
        "colorSource": "AIM Belgium Brussels FIR Structure, 09 JUL 2026",
        "areaType": "restricted",
        "footnoteReferences": {
          "restrictionOrHazard": [
            1,
            2,
            3
          ]
        }
      },
      "geometry": {
        "type": "Polygon",
        "coordinates": [
          [
            [
              2.9597222222222226,
              50.98443094020785
            ],
            [
              2.962489255921479,
              50.9843548528821
            ],
            [
              2.965235203791494,
              50.98412717072023
            ],
            [
              2.9679391413016263,
              50.98374962873305
            ],
            [
              2.9705804652657606,
              50.983225103854956
            ],
            [
              2.9731390513932,
              50.982557592938754
            ],
            [
              2.975595408122657,
              50.981752182187975
            ],
            [
              2.977930825547977,
              50.98081500826395
            ],
            [
              2.98012751828442,
              50.979753211369044
            ],
            [
              2.9821687611738428,
              50.978574880669846
            ],
            [
              2.9840390167854203,
              50.97728899248269
            ],
            [
              2.985724053735139,
              50.97590534169972
            ],
            [
              2.987211054921506,
              50.974434466985095
            ],
            [
              2.9884887148560506,
              50.97288757031878
            ],
            [
              2.989547325354495,
              50.971276431507654
            ],
            [
              2.990378848947177,
              50.96961331832164
            ],
            [
              2.990976979464553,
              50.96791089294557
            ],
            [
              2.991337189354511,
              50.966182115463894
            ],
            [
              2.9914567633920366,
              50.96444014511754
            ],
            [
              2.9913348185474296,
              50.96269824008761
            ],
            [
              2.990972309886111,
              50.960969656570576
            ],
            [
              2.990372022480057,
              50.95926754791386
            ],
            [
              2.989538549417313,
              50.95760486457857
            ],
            [
              2.9884782561010694,
              50.95599425568873
            ],
            [
              2.987199231132553,
              50.95444797291293
            ],
            [
              2.985711224171927,
              50.95297777740525
            ],
            [
              2.9840255712676393,
              50.95159485050834
            ],
            [
              2.9821551082366944,
              50.950309708891446
            ],
            [
              2.98011407276549,
              50.94913212476255
            ],
            [
              2.9779179959826068,
              50.94807105175383
            ],
            [
              2.9755835843307965,
              50.94713455703693
            ],
            [
              2.9731285926349122,
              50.94632976017688
            ],
            [
              2.9705716893252725,
              50.945662779182214
            ],
            [
              2.9679323148315984,
              50.94513868415507
            ],
            [
              2.9652305342108947,
              50.944761458887434
            ],
            [
              2.962486885113249,
              50.94453397069033
            ],
            [
              2.9597222222222226,
              50.94445794868103
            ],
            [
              2.956957559331197,
              50.94453397069033
            ],
            [
              2.954213910233551,
              50.944761458887434
            ],
            [
              2.9515121296128473,
              50.94513868415507
            ],
            [
              2.948872755119173,
              50.945662779182214
            ],
            [
              2.9463158518095334,
              50.94632976017688
            ],
            [
              2.9438608601136487,
              50.94713455703693
            ],
            [
              2.9415264484618384,
              50.94807105175383
            ],
            [
              2.9393303716789556,
              50.94913212476255
            ],
            [
              2.9372893362077512,
              50.950309708891446
            ],
            [
              2.9354188731768063,
              50.95159485050834
            ],
            [
              2.9337332202725186,
              50.95297777740525
            ],
            [
              2.9322452133118926,
              50.95444797291293
            ],
            [
              2.930966188343376,
              50.95599425568873
            ],
            [
              2.9299058950271326,
              50.95760486457857
            ],
            [
              2.9290724219643884,
              50.95926754791386
            ],
            [
              2.928472134558334,
              50.960969656570576
            ],
            [
              2.928109625897016,
              50.96269824008761
            ],
            [
              2.927987681052409,
              50.96444014511754
            ],
            [
              2.9281072550899347,
              50.966182115463894
            ],
            [
              2.9284674649798927,
              50.96791089294557
            ],
            [
              2.929065595497268,
              50.96961331832164
            ],
            [
              2.9298971190899508,
              50.971276431507654
            ],
            [
              2.9309557295883946,
              50.97288757031878
            ],
            [
              2.9322333895229398,
              50.974434466985095
            ],
            [
              2.933720390709307,
              50.97590534169972
            ],
            [
              2.935405427659025,
              50.97728899248269
            ],
            [
              2.937275683270603,
              50.978574880669846
            ],
            [
              2.939316926160026,
              50.979753211369044
            ],
            [
              2.941513618896469,
              50.98081500826395
            ],
            [
              2.943849036321788,
              50.981752182187975
            ],
            [
              2.9463053930512455,
              50.982557592938754
            ],
            [
              2.948863979178685,
              50.983225103854956
            ],
            [
              2.951505303142819,
              50.98374962873305
            ],
            [
              2.9542092406529514,
              50.98412717072023
            ],
            [
              2.956955188522967,
              50.9843548528821
            ],
            [
              2.9597222222222226,
              50.98443094020785
            ]
          ]
        ]
      }
    },
    {
      "type": "Feature",
      "id": "EBR41A",
      "properties": {
        "id": "EBR41A",
        "name": "EBR41A - LAGLAND-ARLON",
        "chapter": "ENR 5.1",
        "upperLimit": "3750FT AMSL",
        "lowerLimit": "GND ⁽¹⁾",
        "verticalLimits": "3750FT AMSL / GND ⁽¹⁾",
        "lateralLimits": "493901N 0054000E - 494053N 0054438E - 493939N 0054601E - 493745N 0054236E - 493901N 0054000E.",
        "restrictionOrHazard": "Entry prohibited.⁽²⁾ Gunnery and air exercises area.",
        "timeOfActivity": "MON-FRI (HOL excl) 0700-2300 (0600-2200) SAT, SUN and HOL 0700-1600 (0600-1500) ⁽³⁾",
        "aipSource": "Belgium and Luxembourg AIP ENR 5.1",
        "aipPage": "ENR 5.1-8",
        "amendment": "AMDT 010/2025",
        "effectiveDate": "02-OCT-2025",
        "aipNotes": [
          "(1) Upper limit may occasionally be raised to FL 075 or FL 095, to be announced by NOTAM.",
          "(2) Except MIL aircraft transiting to/from Camp Lagland and those participating in (combined) land-air exercises, after coordination with Shooting Range Safety Office Lagland, TEL + 32 (0) 2 441 49 01 or + 32 (0) 499 58 01 24.",
          "(3) Activation outside these hours will be announced by NOTAM."
        ],
        "color": "#FF0000",
        "colorSource": "AIM Belgium Brussels FIR Structure, 09 JUL 2026",
        "areaType": "restricted",
        "footnoteReferences": {
          "verticalLimits": [
            1
          ],
          "lowerLimit": [
            1
          ],
          "restrictionOrHazard": [
            2
          ],
          "timeOfActivity": [
            3
          ]
        }
      },
      "geometry": {
        "type": "Polygon",
        "coordinates": [
          [
            [
              5.666666666666667,
              49.650277777777774
            ],
            [
              5.743888888888889,
              49.68138888888889
            ],
            [
              5.766944444444444,
              49.66083333333333
            ],
            [
              5.71,
              49.62916666666667
            ],
            [
              5.666666666666667,
              49.650277777777774
            ]
          ]
        ]
      }
    },
    {
      "type": "Feature",
      "id": "EBR41B",
      "properties": {
        "id": "EBR41B",
        "name": "EBR41B - LAGLAND-ARLON",
        "chapter": "ENR 5.1",
        "upperLimit": "3750FT AMSL",
        "lowerLimit": "GND",
        "verticalLimits": "3750FT AMSL / GND",
        "lateralLimits": "493901N 0053945E - 494111N 0054259E - 494114N 0054724E - 493939N 0054601E - 493745N 0054236E - 493901N 0053945E.",
        "restrictionOrHazard": "Entry prohibited.⁽¹⁾ Gunnery, UAS and air exercises area.",
        "timeOfActivity": "MON-FRI (HOL excl) 0000-2359 (2300-2259) ⁽²⁾",
        "aipSource": "Belgium and Luxembourg AIP ENR 5.1",
        "aipPage": "ENR 5.1-8",
        "amendment": "AMDT 010/2025",
        "effectiveDate": "02-OCT-2025",
        "aipNotes": [
          "(1) Except MIL aircraft transiting to/from Camp Lagland and those participating in (combined) land-air exercises, after coordination with Shooting Range Safety Office Lagland, TEL + 32 (0) 2 441 49 01 or + 32 (0) 499 58 01 24.",
          "(2) Activation outside these hours will be announced by NOTAM."
        ],
        "color": "#FF0000",
        "colorSource": "AIM Belgium Brussels FIR Structure, 09 JUL 2026",
        "areaType": "restricted",
        "footnoteReferences": {
          "restrictionOrHazard": [
            1
          ],
          "timeOfActivity": [
            2
          ]
        }
      },
      "geometry": {
        "type": "Polygon",
        "coordinates": [
          [
            [
              5.6625000000000005,
              49.650277777777774
            ],
            [
              5.716388888888889,
              49.686388888888885
            ],
            [
              5.79,
              49.68722222222222
            ],
            [
              5.766944444444444,
              49.66083333333333
            ],
            [
              5.71,
              49.62916666666667
            ],
            [
              5.6625000000000005,
              49.650277777777774
            ]
          ]
        ]
      }
    },
    {
      "type": "Feature",
      "id": "EBR42",
      "properties": {
        "id": "EBR42",
        "name": "EBR42 - BEVERLO 01",
        "chapter": "ENR 5.1",
        "upperLimit": "FL065",
        "lowerLimit": "GND ⁽¹⁾",
        "verticalLimits": "FL065 / GND ⁽¹⁾",
        "lateralLimits": "510927N0051530E- 510927N0052125E- 510737N0052125E- 510703N0051530E- 510927N0051530E.",
        "restrictionOrHazard": "Entry prohibited.⁽²⁾ Gunnery and air exercises area.",
        "timeOfActivity": "MON-FRI (HOL excl) JAN, FEB, NOV and DEC: 0700-1500 and 1700- 2000 MAR and OCT: 0700-1500 (0600-1400) and 1900-2200 (1800- 2100) APR and SEP: 0600-1400 and 1900- 2200 MAY, JUN, JUL and AUG: 0600-1400 and 2000- 2300 SAT, SUN and HOL 0730-1530 (0630-1430) ⁽³⁾",
        "aipSource": "Belgium and Luxembourg AIP ENR 5.1",
        "aipPage": "ENR 5.1-8",
        "amendment": "AMDT 010/2025",
        "effectiveDate": "02-OCT-2025",
        "aipNotes": [
          "(1) Upper limit 2700FT AMSL on MON to FRI (HOL excl), unless announced by NOTAM.",
          "(2) Except MIL aircraft transiting to/from Camp Beverlo and those participating in combined Land and Belgian Air Force A/A exercises, after coordination with Shooting Range Safety Office Beverlo, TEL + 32 (0) 2 442 49 43 or + 32 (0) 2 442 49 15.",
          "(3) Activation outside these hours will be announced by NOTAM."
        ],
        "color": "#FF0000",
        "colorSource": "AIM Belgium Brussels FIR Structure, 09 JUL 2026",
        "areaType": "restricted",
        "footnoteReferences": {
          "verticalLimits": [
            1
          ],
          "lowerLimit": [
            1
          ],
          "restrictionOrHazard": [
            2
          ],
          "timeOfActivity": [
            3
          ]
        }
      },
      "geometry": {
        "type": "Polygon",
        "coordinates": [
          [
            [
              5.258333333333334,
              51.1575
            ],
            [
              5.356944444444444,
              51.1575
            ],
            [
              5.356944444444444,
              51.12694444444445
            ],
            [
              5.258333333333334,
              51.1175
            ],
            [
              5.258333333333334,
              51.1575
            ]
          ]
        ]
      }
    },
    {
      "type": "Feature",
      "id": "EBR44",
      "properties": {
        "id": "EBR44",
        "name": "EBR44 - MARCHOVELETTE",
        "chapter": "ENR 5.1",
        "upperLimit": "1550FT AMSL",
        "lowerLimit": "GND",
        "verticalLimits": "1550FT AMSL / GND",
        "lateralLimits": "A circle, 0.3NM radius, centred on 503023N0045615E.",
        "restrictionOrHazard": "Entry prohibited. Destruction centre of explosives.",
        "timeOfActivity": "MON to FRI (HOL excl), 0730-1600 (0630-1500)",
        "aipSource": "Belgium and Luxembourg AIP ENR 5.1",
        "aipPage": "ENR 5.1-8",
        "amendment": "AMDT 010/2025",
        "effectiveDate": "02-OCT-2025",
        "geometryNote": "Circle sampled every 5 degrees from the published centre and radius.",
        "color": "#FF0000",
        "colorSource": "AIM Belgium Brussels FIR Structure, 09 JUL 2026",
        "areaType": "restricted"
      },
      "geometry": {
        "type": "Polygon",
        "coordinates": [
          [
            [
              4.9375,
              50.51138551282974
            ],
            [
              4.938184804624348,
              50.511366497158754
            ],
            [
              4.9388643958276655,
              50.51130959491229
            ],
            [
              4.939533599916184,
              50.51121523928666
            ],
            [
              4.940187322346801,
              50.511084148607
            ],
            [
              4.9408205865450885,
              50.51091732085358
            ],
            [
              4.941428571821128,
              50.51071602605753
            ],
            [
              4.942006650093339,
              50.51048179662372
            ],
            [
              4.942550421139729,
              50.5102164156553
            ],
            [
              4.943055746107432,
              50.50992190336863
            ],
            [
              4.943518779024837,
              50.50960050170287
            ],
            [
              4.943935996076098,
              50.509254657241584
            ],
            [
              4.944304222415108,
              50.50888700257683
            ],
            [
              4.944620656314981,
              50.508500336258194
            ],
            [
              4.944882890469655,
              50.508097601479626
            ],
            [
              4.945088930286162,
              50.50768186366695
            ],
            [
              4.945237209029187,
              50.507256287136855
            ],
            [
              4.945326599703778,
              50.506824111005336
            ],
            [
              4.945356423586994,
              50.5063886245294
            ],
            [
              4.945326455344951,
              50.50595314206968
            ],
            [
              4.945236924697801,
              50.50552097786477
            ],
            [
              4.9450885146214825,
              50.505095420809305
            ],
            [
              4.944882356101442,
              50.50467970942755
            ],
            [
              4.944620019479742,
              50.504277007233085
            ],
            [
              4.94430350246276,
              50.503890378661715
            ],
            [
              4.943935214882027,
              50.50352276576043
            ],
            [
              4.943517960325229,
              50.50317696580987
            ],
            [
              4.943054914778061,
              50.50285561004966
            ],
            [
              4.942549602440117,
              50.50256114366852
            ],
            [
              4.942005868899261,
              50.50229580721083
            ],
            [
              4.941427851868769,
              50.5020616195405
            ],
            [
              4.940819949709837,
              50.501860362491705
            ],
            [
              4.9401867879785755,
              50.501693567322405
            ],
            [
              4.939533184251494,
              50.50156250307365
            ],
            [
              4.938864111496271,
              50.50146816692265
            ],
            [
              4.938184660265516,
              50.501411276602795
            ],
            [
              4.9375,
              50.501392264948024
            ],
            [
              4.936815339734484,
              50.501411276602795
            ],
            [
              4.936135888503729,
              50.50146816692265
            ],
            [
              4.935466815748506,
              50.50156250307365
            ],
            [
              4.934813212021424,
              50.501693567322405
            ],
            [
              4.934180050290162,
              50.501860362491705
            ],
            [
              4.93357214813123,
              50.5020616195405
            ],
            [
              4.932994131100739,
              50.50229580721083
            ],
            [
              4.932450397559882,
              50.50256114366852
            ],
            [
              4.931945085221938,
              50.50285561004966
            ],
            [
              4.93148203967477,
              50.50317696580987
            ],
            [
              4.9310647851179725,
              50.50352276576043
            ],
            [
              4.93069649753724,
              50.503890378661715
            ],
            [
              4.930379980520258,
              50.504277007233085
            ],
            [
              4.930117643898557,
              50.50467970942755
            ],
            [
              4.9299114853785175,
              50.505095420809305
            ],
            [
              4.929763075302199,
              50.50552097786477
            ],
            [
              4.929673544655048,
              50.50595314206968
            ],
            [
              4.929643576413006,
              50.5063886245294
            ],
            [
              4.929673400296221,
              50.506824111005336
            ],
            [
              4.929762790970813,
              50.507256287136855
            ],
            [
              4.929911069713838,
              50.50768186366695
            ],
            [
              4.930117109530345,
              50.508097601479626
            ],
            [
              4.930379343685019,
              50.508500336258194
            ],
            [
              4.930695777584892,
              50.50888700257683
            ],
            [
              4.931064003923902,
              50.509254657241584
            ],
            [
              4.931481220975163,
              50.50960050170287
            ],
            [
              4.931944253892568,
              50.50992190336863
            ],
            [
              4.93244957886027,
              50.5102164156553
            ],
            [
              4.932993349906661,
              50.51048179662372
            ],
            [
              4.933571428178871,
              50.51071602605753
            ],
            [
              4.934179413454911,
              50.51091732085358
            ],
            [
              4.934812677653198,
              50.511084148607
            ],
            [
              4.935466400083815,
              50.51121523928666
            ],
            [
              4.9361356041723345,
              50.51130959491229
            ],
            [
              4.936815195375652,
              50.511366497158754
            ],
            [
              4.9375,
              50.51138551282974
            ]
          ]
        ]
      }
    },
    {
      "type": "Feature",
      "id": "EBR45",
      "properties": {
        "id": "EBR45",
        "name": "EBR45 - BEVERLO 02",
        "chapter": "ENR 5.1",
        "upperLimit": "1450FT AMSL",
        "lowerLimit": "GND",
        "verticalLimits": "1450FT AMSL / GND",
        "lateralLimits": "A circle, 0.5NM radius, centred on 510438N0052046E.",
        "restrictionOrHazard": "Entry prohibited. Demolition of explosives.",
        "timeOfActivity": "HX ⁽¹⁾",
        "aipSource": "Belgium and Luxembourg AIP ENR 5.1",
        "aipPage": "ENR 5.1-9",
        "amendment": "AIRAC AMDT 006/2025",
        "effectiveDate": "12-JUN-2025",
        "aipNotes": [
          "(1) Announced by NOTAM."
        ],
        "geometryNote": "Circle sampled every 5 degrees from the published centre and radius.",
        "color": "#FF0000",
        "colorSource": "AIM Belgium Brussels FIR Structure, 09 JUL 2026",
        "areaType": "restricted",
        "footnoteReferences": {
          "timeOfActivity": [
            1
          ]
        }
      },
      "geometry": {
        "type": "Polygon",
        "coordinates": [
          [
            [
              5.346111111111111,
              51.08554992879031
            ],
            [
              5.347266561548689,
              51.08551823365867
            ],
            [
              5.348413213590932,
              51.08542338961258
            ],
            [
              5.349542335947119,
              51.085266118857746
            ],
            [
              5.350645331020666,
              51.08504761894861
            ],
            [
              5.351713800472581,
              51.08476955365513
            ],
            [
              5.352739609255851,
              51.084434040274516
            ],
            [
              5.353714947629876,
              51.08404363348532
            ],
            [
              5.354632390679851,
              51.08360130586773
            ],
            [
              5.355484954885637,
              51.083110425239425
            ],
            [
              5.356266151307735,
              51.08257472898075
            ],
            [
              5.356970034984466,
              51.08199829554594
            ],
            [
              5.357591250164031,
              51.08138551337854
            ],
            [
              5.358125071027621,
              51.080741047469125
            ],
            [
              5.358567437594759,
              51.08006980381077
            ],
            [
              5.358914986539509,
              51.07937689202463
            ],
            [
              5.359165076685509,
              51.078667586440574
            ],
            [
              5.3593158089889155,
              51.07794728593054
            ],
            [
              5.359366040860778,
              51.077221472800716
            ],
            [
              5.359315394723778,
              51.07649567105628
            ],
            [
              5.359164260742468,
              51.07577540435649
            ],
            [
              5.35891379371058,
              51.07506615398023
            ],
            [
              5.35856590412344,
              51.074373317121974
            ],
            [
              5.358123243507657,
              51.07370216583494
            ],
            [
              5.357589184123688,
              51.07305780693362
            ],
            [
              5.356967793199329,
              51.07244514315973
            ],
            [
              5.356263801893308,
              51.071868835906486
            ],
            [
              5.355482569227688,
              51.07133326978349
            ],
            [
              5.3546300412653896,
              51.07084251929086
            ],
            [
              5.353712705844673,
              51.07040031785485
            ],
            [
              5.352737543215419,
              51.070010029459155
            ],
            [
              5.351711972952515,
              51.069674623086655
            ],
            [
              5.350643797549245,
              51.06939665016451
            ],
            [
              5.3495411431181,
              51.069178225183244
            ],
            [
              5.348412397647826,
              51.06902100963621
            ],
            [
              5.347266147283516,
              51.06892619940037
            ],
            [
              5.346111111111111,
              51.06889451565414
            ],
            [
              5.344956074938706,
              51.06892619940037
            ],
            [
              5.343809824574396,
              51.06902100963621
            ],
            [
              5.342681079104122,
              51.069178225183244
            ],
            [
              5.341578424672977,
              51.06939665016451
            ],
            [
              5.340510249269707,
              51.069674623086655
            ],
            [
              5.339484679006803,
              51.070010029459155
            ],
            [
              5.338509516377549,
              51.07040031785485
            ],
            [
              5.3375921809568325,
              51.07084251929086
            ],
            [
              5.336739652994534,
              51.07133326978349
            ],
            [
              5.335958420328914,
              51.071868835906486
            ],
            [
              5.335254429022893,
              51.07244514315973
            ],
            [
              5.334633038098534,
              51.07305780693362
            ],
            [
              5.334098978714565,
              51.07370216583494
            ],
            [
              5.333656318098782,
              51.074373317121974
            ],
            [
              5.333308428511642,
              51.07506615398023
            ],
            [
              5.333057961479754,
              51.07577540435649
            ],
            [
              5.332906827498444,
              51.07649567105628
            ],
            [
              5.332856181361444,
              51.077221472800716
            ],
            [
              5.332906413233307,
              51.07794728593054
            ],
            [
              5.3330571455367135,
              51.078667586440574
            ],
            [
              5.333307235682713,
              51.07937689202463
            ],
            [
              5.333654784627463,
              51.08006980381077
            ],
            [
              5.334097151194601,
              51.080741047469125
            ],
            [
              5.334630972058191,
              51.08138551337854
            ],
            [
              5.3352521872377565,
              51.08199829554594
            ],
            [
              5.335956070914487,
              51.08257472898075
            ],
            [
              5.336737267336585,
              51.083110425239425
            ],
            [
              5.337589831542371,
              51.08360130586773
            ],
            [
              5.338507274592346,
              51.08404363348532
            ],
            [
              5.339482612966371,
              51.084434040274516
            ],
            [
              5.340508421749641,
              51.08476955365513
            ],
            [
              5.341576891201556,
              51.08504761894861
            ],
            [
              5.3426798862751035,
              51.085266118857746
            ],
            [
              5.34380900863129,
              51.08542338961258
            ],
            [
              5.344955660673533,
              51.08551823365867
            ],
            [
              5.346111111111111,
              51.08554992879031
            ]
          ]
        ]
      }
    },
    {
      "type": "Feature",
      "id": "EBR49",
      "properties": {
        "id": "EBR49",
        "name": "EBR49 - ZUTENDAAL",
        "chapter": "ENR 5.1",
        "upperLimit": "2000FT AMSL",
        "lowerLimit": "GND",
        "verticalLimits": "2000FT AMSL / GND",
        "lateralLimits": "A circle radius 0.5 NM centered on 505646N 0053603E.",
        "restrictionOrHazard": "Entry prohibited.⁽¹⁾ Fulminate and cartridge manufacturer and shooting range.",
        "timeOfActivity": "PERM",
        "aipSource": "Belgium and Luxembourg AIP ENR 5.1",
        "aipPage": "ENR 5.1-9",
        "amendment": "AIRAC AMDT 006/2025",
        "effectiveDate": "12-JUN-2025",
        "aipNotes": [
          "(1) Except State aircraft in real-life operations and glider aircraft from and to EBSL."
        ],
        "geometryNote": "Circle sampled every 5 degrees from the published centre and radius.",
        "color": "#FF0000",
        "colorSource": "AIM Belgium Brussels FIR Structure, 09 JUL 2026",
        "areaType": "restricted",
        "footnoteReferences": {
          "restrictionOrHazard": [
            1
          ]
        }
      },
      "geometry": {
        "type": "Polygon",
        "coordinates": [
          [
            [
              5.600833333333333,
              50.954438817679204
            ],
            [
              5.601985520937112,
              50.95440712257415
            ],
            [
              5.6031289350129985,
              50.95431227860701
            ],
            [
              5.604254868947375,
              50.954155007981086
            ],
            [
              5.605354749441593,
              50.95393650824689
            ],
            [
              5.606420201889515,
              50.95365844316909
            ],
            [
              5.607443114230399,
              50.953322930038325
            ],
            [
              5.608415698787635,
              50.95293252352555
            ],
            [
              5.609330551619587,
              50.952490196202554
            ],
            [
              5.610180708928396,
              50.951999315878055
            ],
            [
              5.610959700095571,
              50.95146361992317
            ],
            [
              5.611661596939643,
              50.95088718678289
            ],
            [
              5.612281058820621,
              50.95027440489184
            ],
            [
              5.61281337324836,
              50.94962993923215
            ],
            [
              5.613254491686935,
              50.94895869578937
            ],
            [
              5.613601060284351,
              50.948265784178034
            ],
            [
              5.613850445296253,
              50.94755647872276
            ],
            [
              5.614000753013188,
              50.946836178291534
            ],
            [
              5.614050844043343,
              50.94611036518818
            ],
            [
              5.614000341846014,
              50.94538456341708
            ],
            [
              5.61384963545501,
              50.94466429663826
            ],
            [
              5.613599876375651,
              50.94395504613304
            ],
            [
              5.613252969683241,
              50.9432622090998
            ],
            [
              5.6128115593949826,
              50.94259105759711
            ],
            [
              5.612279008230569,
              50.941946698445975
            ],
            [
              5.611659371919055,
              50.941334034395716
            ],
            [
              5.61095736825057,
              50.940757726847956
            ],
            [
              5.61017834111091,
              50.940222160421214
            ],
            [
              5.609328219774552,
              50.93973140962488
            ],
            [
              5.608413473766982,
              50.9392892078944
            ],
            [
              5.60744106364026,
              50.938898919222424
            ],
            [
              5.606418388036037,
              50.93856351260022
            ],
            [
              5.605353227437801,
              50.93828553946252
            ],
            [
              5.604253685038588,
              50.93806711430642
            ],
            [
              5.603128125171689,
              50.937909898630565
            ],
            [
              5.601985109769904,
              50.93781508831584
            ],
            [
              5.600833333333333,
              50.937783404543026
            ],
            [
              5.599681556896763,
              50.93781508831584
            ],
            [
              5.598538541494978,
              50.937909898630565
            ],
            [
              5.5974129816280795,
              50.93806711430642
            ],
            [
              5.596313439228866,
              50.93828553946252
            ],
            [
              5.59524827863063,
              50.93856351260022
            ],
            [
              5.594225603026407,
              50.938898919222424
            ],
            [
              5.5932531928996845,
              50.9392892078944
            ],
            [
              5.592338446892115,
              50.93973140962488
            ],
            [
              5.5914883255557575,
              50.940222160421214
            ],
            [
              5.5907092984160975,
              50.940757726847956
            ],
            [
              5.590007294747612,
              50.941334034395716
            ],
            [
              5.589387658436098,
              50.941946698445975
            ],
            [
              5.5888551072716846,
              50.94259105759711
            ],
            [
              5.588413696983425,
              50.9432622090998
            ],
            [
              5.588066790291015,
              50.94395504613304
            ],
            [
              5.5878170312116575,
              50.94466429663826
            ],
            [
              5.5876663248206535,
              50.94538456341708
            ],
            [
              5.587615822623324,
              50.94611036518818
            ],
            [
              5.587665913653479,
              50.946836178291534
            ],
            [
              5.587816221370413,
              50.94755647872276
            ],
            [
              5.588065606382316,
              50.948265784178034
            ],
            [
              5.588412174979732,
              50.94895869578937
            ],
            [
              5.588853293418306,
              50.94962993923215
            ],
            [
              5.589385607846046,
              50.95027440489184
            ],
            [
              5.590005069727024,
              50.95088718678289
            ],
            [
              5.590706966571096,
              50.95146361992317
            ],
            [
              5.5914859577382705,
              50.951999315878055
            ],
            [
              5.59233611504708,
              50.952490196202554
            ],
            [
              5.593250967879032,
              50.95293252352555
            ],
            [
              5.594223552436268,
              50.953322930038325
            ],
            [
              5.595246464777152,
              50.95365844316909
            ],
            [
              5.596311917225074,
              50.95393650824689
            ],
            [
              5.5974117977192925,
              50.954155007981086
            ],
            [
              5.598537731653669,
              50.95431227860701
            ],
            [
              5.599681145729555,
              50.95440712257415
            ],
            [
              5.600833333333333,
              50.954438817679204
            ]
          ]
        ]
      }
    },
    {
      "type": "Feature",
      "id": "EBR50",
      "properties": {
        "id": "EBR50",
        "name": "EBR50 - CLERMONT-LEZ-HUY",
        "chapter": "ENR 5.1",
        "upperLimit": "2000FT AMSL",
        "lowerLimit": "GND",
        "verticalLimits": "2000FT AMSL / GND",
        "lateralLimits": "A circle, 0.5NM radius, centred on 503342N0052310E.",
        "restrictionOrHazard": "Entry prohibited, unless instructed by ATC.⁽¹⁾ Powder mill.",
        "timeOfActivity": "PERM",
        "aipSource": "Belgium and Luxembourg AIP ENR 5.1",
        "aipPage": "ENR 5.1-9",
        "amendment": "AIRAC AMDT 006/2025",
        "effectiveDate": "12-JUN-2025",
        "aipNotes": [
          "(1) Except State aircraft in real-life operations."
        ],
        "geometryNote": "Circle sampled every 5 degrees from the published centre and radius.",
        "color": "#FF0000",
        "colorSource": "AIM Belgium Brussels FIR Structure, 09 JUL 2026",
        "areaType": "restricted",
        "footnoteReferences": {
          "restrictionOrHazard": [
            1
          ]
        }
      },
      "geometry": {
        "type": "Polygon",
        "coordinates": [
          [
            [
              5.386111111111112,
              50.569994373234756
            ],
            [
              5.387253871061763,
              50.5699626782068
            ],
            [
              5.388387929336194,
              50.5698678344686
            ],
            [
              5.389504650622539,
              50.5697105642165
            ],
            [
              5.390595531828333,
              50.569492064989674
            ],
            [
              5.391652266920932,
              50.56921400053733
            ],
            [
              5.392666810255983,
              50.568878488131105
            ],
            [
              5.39363143790849,
              50.56848808241995
            ],
            [
              5.3945388065366995,
              50.568045755951246
            ],
            [
              5.395382009328389,
              50.567554876507785
            ],
            [
              5.39615462860197,
              50.567019181433885
            ],
            [
              5.396850784660991,
              50.566442749147775
            ],
            [
              5.397465180529867,
              50.56582996805811
            ],
            [
              5.397993142230739,
              50.56518550312268
            ],
            [
              5.398430654296064,
              50.56451426030499
            ],
            [
              5.398774390248437,
              50.56382134920064
            ],
            [
              5.399021737818145,
              50.5631120441188
            ],
            [
              5.399170818709547,
              50.562391743916145
            ],
            [
              5.3992205027693085,
              50.56166593088955
            ],
            [
              5.399170416452542,
              50.560940129041064
            ],
            [
              5.399020945526507,
              50.56021986203308
            ],
            [
              5.398773231995545,
              50.5595106111539
            ],
            [
              5.398429165274843,
              50.55881777361324
            ],
            [
              5.39799136768434,
              50.558146621485115
            ],
            [
              5.39746317437698,
              50.55750226160953
            ],
            [
              5.396848607857553,
              50.55688959675783
            ],
            [
              5.396152347289049,
              50.55631328835595
            ],
            [
              5.395379692822522,
              50.5557777210484
            ],
            [
              5.394536525223745,
              50.555286969371295
            ],
            [
              5.39362926110499,
              50.55484476678684
            ],
            [
              5.3926648041030125,
              50.55445447731365
            ],
            [
              5.3916504923744375,
              50.55411906996728
            ],
            [
              5.390594042807016,
              50.5538410962045
            ],
            [
              5.389503492369562,
              50.55362267054137
            ],
            [
              5.388387137044494,
              50.55346545449193
            ],
            [
              5.387253468804724,
              50.55337064394842
            ],
            [
              5.386111111111112,
              50.55333896009857
            ],
            [
              5.384968753417499,
              50.55337064394842
            ],
            [
              5.38383508517773,
              50.55346545449193
            ],
            [
              5.382718729852661,
              50.55362267054137
            ],
            [
              5.381628179415208,
              50.5538410962045
            ],
            [
              5.380571729847786,
              50.55411906996728
            ],
            [
              5.3795574181192105,
              50.55445447731365
            ],
            [
              5.378592961117233,
              50.55484476678684
            ],
            [
              5.377685696998478,
              50.555286969371295
            ],
            [
              5.376842529399701,
              50.5557777210484
            ],
            [
              5.376069874933175,
              50.55631328835595
            ],
            [
              5.37537361436467,
              50.55688959675783
            ],
            [
              5.374759047845244,
              50.55750226160953
            ],
            [
              5.374230854537883,
              50.558146621485115
            ],
            [
              5.37379305694738,
              50.55881777361324
            ],
            [
              5.373448990226678,
              50.5595106111539
            ],
            [
              5.373201276695716,
              50.56021986203308
            ],
            [
              5.373051805769682,
              50.560940129041064
            ],
            [
              5.373001719452915,
              50.56166593088955
            ],
            [
              5.373051403512676,
              50.562391743916145
            ],
            [
              5.373200484404078,
              50.5631120441188
            ],
            [
              5.373447831973787,
              50.56382134920064
            ],
            [
              5.373791567926159,
              50.56451426030499
            ],
            [
              5.374229079991484,
              50.56518550312268
            ],
            [
              5.374757041692357,
              50.56582996805811
            ],
            [
              5.375371437561233,
              50.566442749147775
            ],
            [
              5.376067593620253,
              50.567019181433885
            ],
            [
              5.376840212893835,
              50.567554876507785
            ],
            [
              5.3776834156855235,
              50.568045755951246
            ],
            [
              5.378590784313733,
              50.56848808241995
            ],
            [
              5.3795554119662405,
              50.568878488131105
            ],
            [
              5.380569955301291,
              50.56921400053733
            ],
            [
              5.38162669039389,
              50.569492064989674
            ],
            [
              5.382717571599685,
              50.5697105642165
            ],
            [
              5.383834292886029,
              50.5698678344686
            ],
            [
              5.3849683511604605,
              50.5699626782068
            ],
            [
              5.386111111111112,
              50.569994373234756
            ]
          ]
        ]
      }
    },
    {
      "type": "Feature",
      "id": "EBR52",
      "properties": {
        "id": "EBR52",
        "name": "EBR52 - PETIT-RŒULX",
        "chapter": "ENR 5.1",
        "upperLimit": "2000FT AMSL",
        "lowerLimit": "GND",
        "verticalLimits": "2000FT AMSL / GND",
        "lateralLimits": "A circle, 0.5NM radius, centred on 503354N 0041831E.",
        "restrictionOrHazard": "Entry prohibited.⁽¹⁾ Fulminate manufacturer and shooting range.",
        "timeOfActivity": "PERM",
        "aipSource": "Belgium and Luxembourg AIP ENR 5.1",
        "aipPage": "ENR 5.1-9",
        "amendment": "AIRAC AMDT 006/2025",
        "effectiveDate": "12-JUN-2025",
        "aipNotes": [
          "(1) Except State aircraft in real-life operations."
        ],
        "geometryNote": "Circle sampled every 5 degrees from the published centre and radius.",
        "color": "#FF0000",
        "colorSource": "AIM Belgium Brussels FIR Structure, 09 JUL 2026",
        "areaType": "restricted",
        "footnoteReferences": {
          "restrictionOrHazard": [
            1
          ]
        }
      },
      "geometry": {
        "type": "Polygon",
        "coordinates": [
          [
            [
              4.3086111111111105,
              50.57332770656809
            ],
            [
              4.3097539519207855,
              50.57329601153947
            ],
            [
              4.310888090437986,
              50.5732011677993
            ],
            [
              4.31200489073931,
              50.57304389754399
            ],
            [
              4.313095849130151,
              50.572825398312794
            ],
            [
              4.314152658989725,
              50.57254733385508
            ],
            [
              4.315167274104043,
              50.57221182144262
            ],
            [
              4.316131970001324,
              50.571821415724564
            ],
            [
              4.317039402820065,
              50.57137908924852
            ],
            [
              4.3178826652592885,
              50.57088820979749
            ],
            [
              4.318655339183377,
              50.570352514716014
            ],
            [
              4.319351544480034,
              50.56977608242255
            ],
            [
              4.319965983799167,
              50.569163301325986
            ],
            [
              4.320493982832609,
              50.568518836384335
            ],
            [
              4.320931525829191,
              50.56784759356127
            ],
            [
              4.321275286076717,
              50.567154682452546
            ],
            [
              4.32152265112129,
              50.56644537736751
            ],
            [
              4.321671742535063,
              50.56572507716289
            ],
            [
              4.32172143008546,
              50.56499926413563
            ],
            [
              4.321671340201895,
              50.5642734622878
            ],
            [
              4.321521858679643,
              50.563553195281806
            ],
            [
              4.321274127604526,
              50.562843944405834
            ],
            [
              4.320930036526043,
              50.56215110686954
            ],
            [
              4.320492207950224,
              50.56147995474679
            ],
            [
              4.319963977266442,
              50.56083559487743
            ],
            [
              4.319349367264447,
              50.56022293003262
            ],
            [
              4.318653057438521,
              50.55964662163809
            ],
            [
              4.317880348314823,
              50.55911105433812
            ],
            [
              4.317037121075176,
              50.558620302668594
            ],
            [
              4.316129792785675,
              50.558178100091475
            ],
            [
              4.315165267571234,
              50.55778781062518
            ],
            [
              4.314150884107244,
              50.55745240328504
            ],
            [
              4.313094359826907,
              50.557174429527635
            ],
            [
              4.312003732267035,
              50.55695600386887
            ],
            [
              4.310887297996277,
              50.556798787822636
            ],
            [
              4.309753549587585,
              50.556703977281096
            ],
            [
              4.3086111111111105,
              50.55667229343191
            ],
            [
              4.307468672634635,
              50.556703977281096
            ],
            [
              4.306334924225944,
              50.556798787822636
            ],
            [
              4.305218489955186,
              50.55695600386887
            ],
            [
              4.304127862395314,
              50.557174429527635
            ],
            [
              4.303071338114977,
              50.55745240328504
            ],
            [
              4.302056954650987,
              50.55778781062518
            ],
            [
              4.301092429436546,
              50.558178100091475
            ],
            [
              4.300185101147045,
              50.558620302668594
            ],
            [
              4.299341873907397,
              50.55911105433812
            ],
            [
              4.2985691647837,
              50.55964662163809
            ],
            [
              4.297872854957774,
              50.56022293003262
            ],
            [
              4.297258244955779,
              50.56083559487743
            ],
            [
              4.296730014271997,
              50.56147995474679
            ],
            [
              4.296292185696178,
              50.56215110686954
            ],
            [
              4.295948094617695,
              50.562843944405834
            ],
            [
              4.295700363542578,
              50.563553195281806
            ],
            [
              4.295550882020326,
              50.5642734622878
            ],
            [
              4.29550079213676,
              50.56499926413563
            ],
            [
              4.295550479687158,
              50.56572507716289
            ],
            [
              4.295699571100931,
              50.56644537736751
            ],
            [
              4.295946936145503,
              50.567154682452546
            ],
            [
              4.29629069639303,
              50.56784759356127
            ],
            [
              4.296728239389612,
              50.568518836384335
            ],
            [
              4.297256238423054,
              50.569163301325986
            ],
            [
              4.297870677742187,
              50.56977608242255
            ],
            [
              4.298566883038843,
              50.570352514716014
            ],
            [
              4.2993395569629325,
              50.57088820979749
            ],
            [
              4.300182819402155,
              50.57137908924852
            ],
            [
              4.301090252220896,
              50.571821415724564
            ],
            [
              4.302054948118178,
              50.57221182144262
            ],
            [
              4.303069563232496,
              50.57254733385508
            ],
            [
              4.30412637309207,
              50.572825398312794
            ],
            [
              4.30521733148291,
              50.57304389754399
            ],
            [
              4.306334131784234,
              50.5732011677993
            ],
            [
              4.3074682703014355,
              50.57329601153947
            ],
            [
              4.3086111111111105,
              50.57332770656809
            ]
          ]
        ]
      }
    },
    {
      "type": "Feature",
      "id": "EBR54",
      "properties": {
        "id": "EBR54",
        "name": "EBR54 - ANTWERP HARBOUR",
        "chapter": "ENR 5.1",
        "upperLimit": "1000FT AMSL",
        "lowerLimit": "GND",
        "verticalLimits": "1000FT AMSL / GND",
        "lateralLimits": "512238N 0041815E - 512229N 0041435E - 512108N 0041512E - 512057N 0041603E - 511900N 0041706E - 511813N 0041354E - 511737N 0041234E - 511554N 0041141E - 511452N 0041153E - 511450N 0041122E - 511422N 0041124E - 511433N 0041457E - 511428N 0041612E - 511336N 0042025E - 511433N 0042110E - 511418N 0042354E - 511431N 0042443E - 511456N 0042501E - 511537N 0042509E - 511552N 0042503E - 511552N 0042419E - 511634N 0042419E - 511716N 0042433E - 511738N 0042425E - 511842N 0042124E - 512011N 0042046E - 512000N 0041828E - 512238N 0041815E.",
        "restrictionOrHazard": "Unless instructed by ATC, prohibited for all aircraft, except: • inspection flights, landing and take-off of helicopters, environmental control missions carried out on behalf of government agencies, (aircraft to/from EBHN and EBHF), with prior approval of Port Authority⁽¹⁾⁽²⁾; • State aircraft missions, SAR, medical flights, evacuations and fire- fighting intervention, prior notification to Port Authority⁽¹⁾ as soon as practically possible.",
        "timeOfActivity": "PERM",
        "aipSource": "Belgium and Luxembourg AIP ENR 5.1",
        "aipPage": "ENR 5.1-9",
        "amendment": "AIRAC AMDT 006/2025",
        "effectiveDate": "12-JUN-2025",
        "color": "#FF0000",
        "colorSource": "AIM Belgium Brussels FIR Structure, 09 JUL 2026",
        "areaType": "restricted",
        "footnoteReferences": {
          "restrictionOrHazard": [
            1,
            2
          ]
        }
      },
      "geometry": {
        "type": "Polygon",
        "coordinates": [
          [
            [
              4.304166666666666,
              51.37722222222222
            ],
            [
              4.243055555555555,
              51.374722222222225
            ],
            [
              4.253333333333333,
              51.352222222222224
            ],
            [
              4.2675,
              51.34916666666667
            ],
            [
              4.285,
              51.31666666666667
            ],
            [
              4.2316666666666665,
              51.30361111111111
            ],
            [
              4.209444444444444,
              51.29361111111111
            ],
            [
              4.1947222222222225,
              51.265
            ],
            [
              4.198055555555555,
              51.24777777777778
            ],
            [
              4.189444444444445,
              51.24722222222222
            ],
            [
              4.19,
              51.239444444444445
            ],
            [
              4.2491666666666665,
              51.2425
            ],
            [
              4.27,
              51.24111111111111
            ],
            [
              4.340277777777778,
              51.22666666666667
            ],
            [
              4.352777777777778,
              51.2425
            ],
            [
              4.398333333333333,
              51.23833333333334
            ],
            [
              4.411944444444445,
              51.24194444444444
            ],
            [
              4.416944444444445,
              51.24888888888889
            ],
            [
              4.419166666666667,
              51.26027777777778
            ],
            [
              4.4175,
              51.26444444444444
            ],
            [
              4.405277777777778,
              51.26444444444444
            ],
            [
              4.405277777777778,
              51.27611111111111
            ],
            [
              4.409166666666667,
              51.28777777777778
            ],
            [
              4.406944444444445,
              51.29388888888889
            ],
            [
              4.3566666666666665,
              51.31166666666666
            ],
            [
              4.346111111111111,
              51.33638888888889
            ],
            [
              4.307777777777778,
              51.333333333333336
            ],
            [
              4.304166666666666,
              51.37722222222222
            ]
          ]
        ]
      }
    },
    {
      "type": "Feature",
      "id": "EBR55",
      "properties": {
        "id": "EBR55",
        "name": "EBR55 - GHENT HARBOUR",
        "chapter": "ENR 5.1",
        "upperLimit": "1000FT AMSL",
        "lowerLimit": "GND",
        "verticalLimits": "1000FT AMSL / GND",
        "lateralLimits": "510422N 0034403E - 510433N 0034502E - 510511N 0034530E - 510623N 0034543E - 510633N 0034801E - 510730N 0034813E - 511054N 0035008E - 511113N 0034959E - 511133N 0034913E - 511132N 0034830E - 511248N 0034821E - 511238N 0034804E - 511133N 0034755E - 511141N 0034702E - 511137N 0034646E - 511050N 0034529E - 511014N 0034517E - 510838N 0034420E - 510820N 0034450E - 510757N 0034513E - 510726N 0034428E - 510616N 0034309E - 510544N 0034314E - 510422N 0034403E.",
        "restrictionOrHazard": "Prohibited for all aircraft, except: • inspection flights, landing and take-off of helicopters, environmental control missions carried out on behalf of government agencies, with prior approval of Port Authority⁽¹⁾; • State aircraft missions, SAR, medical flights, evacuations and fire- fighting intervention, prior notification to Port Authority⁽¹⁾ as soon as practically possible.",
        "timeOfActivity": "PERM",
        "aipSource": "Belgium and Luxembourg AIP ENR 5.1",
        "aipPage": "ENR 5.1-10",
        "amendment": "AIRAC AMDT 006/2025",
        "effectiveDate": "12-JUN-2025",
        "aipNotes": [
          "(1) Contact Port Authority Ghent: TEL +32 (0) 9 251 56 39 or email geozone@northseaport.com."
        ],
        "color": "#FF0000",
        "colorSource": "AIM Belgium Brussels FIR Structure, 09 JUL 2026",
        "areaType": "restricted",
        "footnoteReferences": {
          "restrictionOrHazard": [
            1
          ]
        }
      },
      "geometry": {
        "type": "Polygon",
        "coordinates": [
          [
            [
              3.734166666666667,
              51.07277777777778
            ],
            [
              3.7505555555555556,
              51.075833333333335
            ],
            [
              3.7583333333333333,
              51.08638888888889
            ],
            [
              3.7619444444444445,
              51.10638888888889
            ],
            [
              3.8002777777777776,
              51.10916666666667
            ],
            [
              3.803611111111111,
              51.125
            ],
            [
              3.8355555555555556,
              51.181666666666665
            ],
            [
              3.833055555555555,
              51.18694444444444
            ],
            [
              3.8202777777777777,
              51.192499999999995
            ],
            [
              3.808333333333333,
              51.19222222222222
            ],
            [
              3.805833333333333,
              51.21333333333334
            ],
            [
              3.801111111111111,
              51.21055555555556
            ],
            [
              3.798611111111111,
              51.192499999999995
            ],
            [
              3.783888888888889,
              51.19472222222222
            ],
            [
              3.7794444444444446,
              51.19361111111111
            ],
            [
              3.7580555555555555,
              51.18055555555555
            ],
            [
              3.754722222222222,
              51.17055555555555
            ],
            [
              3.738888888888889,
              51.14388888888889
            ],
            [
              3.7472222222222222,
              51.138888888888886
            ],
            [
              3.7536111111111112,
              51.1325
            ],
            [
              3.741111111111111,
              51.12388888888889
            ],
            [
              3.7191666666666667,
              51.10444444444445
            ],
            [
              3.720555555555556,
              51.095555555555556
            ],
            [
              3.734166666666667,
              51.07277777777778
            ]
          ]
        ]
      }
    },
    {
      "type": "Feature",
      "id": "EBR56",
      "properties": {
        "id": "EBR56",
        "name": "EBR56 - ZEEBRUGGE HARBOUR",
        "chapter": "ENR 5.1",
        "upperLimit": "1000FT AMSL",
        "lowerLimit": "GND",
        "verticalLimits": "1000FT AMSL / GND",
        "lateralLimits": "511939N 0031105E - 512103N 0030959E - 512153N 0031118E - 512136N 0031339E - 511934N 0031347E - 511752N 0031540E - 511623N 0031250E - 511458N 0031312E - 511502N 0031338E - 511440N 0031340E - 511438N 0031325E - 511332N 0031340E - 511320N 0031325E - 511325N 0031254E - 511415N 0031243E - 511446N 0031222E - 511607N 0031203E - 511612N 0031241E - 511827N 0031207E - 511842N 0031144E - 511800N 0031136E - 511902N 0031037E - 511938N 0031052E - 511939N 0031105E.",
        "restrictionOrHazard": "Prohibited for all aircraft, except: • inspection flights, landing and take-off of helicopters, environmental control missions carried out on behalf of government agencies, with prior approval of Port Authority⁽¹⁾⁽²⁾; • State aircraft missions, SAR, medical flights, evacuations and fire- fighting intervention, prior notification to Port Authority⁽¹⁾ as soon as practically possible.",
        "timeOfActivity": "PERM",
        "aipSource": "Belgium and Luxembourg AIP ENR 5.1",
        "aipPage": "ENR 5.1-10",
        "amendment": "AIRAC AMDT 006/2025",
        "effectiveDate": "12-JUN-2025",
        "color": "#FF0000",
        "colorSource": "AIM Belgium Brussels FIR Structure, 09 JUL 2026",
        "areaType": "restricted",
        "footnoteReferences": {
          "restrictionOrHazard": [
            1,
            2
          ]
        }
      },
      "geometry": {
        "type": "Polygon",
        "coordinates": [
          [
            [
              3.1847222222222222,
              51.3275
            ],
            [
              3.1663888888888887,
              51.350833333333334
            ],
            [
              3.188333333333333,
              51.36472222222223
            ],
            [
              3.2275,
              51.36
            ],
            [
              3.229722222222222,
              51.32611111111112
            ],
            [
              3.261111111111111,
              51.297777777777775
            ],
            [
              3.213888888888889,
              51.27305555555555
            ],
            [
              3.22,
              51.24944444444444
            ],
            [
              3.227222222222222,
              51.25055555555556
            ],
            [
              3.227777777777778,
              51.24444444444445
            ],
            [
              3.2236111111111114,
              51.24388888888889
            ],
            [
              3.227777777777778,
              51.22555555555556
            ],
            [
              3.2236111111111114,
              51.22222222222222
            ],
            [
              3.2150000000000003,
              51.22361111111111
            ],
            [
              3.2119444444444447,
              51.237500000000004
            ],
            [
              3.2061111111111114,
              51.24611111111111
            ],
            [
              3.2008333333333336,
              51.26861111111111
            ],
            [
              3.211388888888889,
              51.269999999999996
            ],
            [
              3.2019444444444445,
              51.3075
            ],
            [
              3.1955555555555555,
              51.31166666666666
            ],
            [
              3.193333333333333,
              51.3
            ],
            [
              3.176944444444444,
              51.31722222222223
            ],
            [
              3.181111111111111,
              51.327222222222225
            ],
            [
              3.1847222222222222,
              51.3275
            ]
          ]
        ]
      }
    },
    {
      "type": "Feature",
      "id": "EBR57",
      "properties": {
        "id": "EBR57",
        "name": "EBR57 - EEPOEL",
        "chapter": "ENR 5.1",
        "upperLimit": "400FT AMSL",
        "lowerLimit": "GND",
        "verticalLimits": "400FT AMSL / GND",
        "lateralLimits": "A circle, 0.3NM radius, centred on 511121N0041919E.",
        "restrictionOrHazard": "Entry prohibited. Destruction centre of explosives.",
        "timeOfActivity": "MON to FRI (HOL excl), 0700-1600 (0600-1500)",
        "aipSource": "Belgium and Luxembourg AIP ENR 5.1",
        "aipPage": "ENR 5.1-10",
        "amendment": "AIRAC AMDT 006/2025",
        "effectiveDate": "12-JUN-2025",
        "geometryNote": "Circle sampled every 5 degrees from the published centre and radius.",
        "color": "#FF0000",
        "colorSource": "AIM Belgium Brussels FIR Structure, 09 JUL 2026",
        "areaType": "restricted"
      },
      "geometry": {
        "type": "Polygon",
        "coordinates": [
          [
            [
              4.321944444444444,
              51.19416329060753
            ],
            [
              4.322639347852015,
              51.19414427488705
            ],
            [
              4.323328960915352,
              51.19408737249364
            ],
            [
              4.324008033604902,
              51.19399301662805
            ],
            [
              4.3246713962120875,
              51.19386192562271
            ],
            [
              4.325313998741172,
              51.193695097467824
            ],
            [
              4.325930949385516,
              51.19349380220669
            ],
            [
              4.3265175517940495,
              51.193259572258334
            ],
            [
              4.327069340843245,
              51.192994190741516
            ],
            [
              4.327582116641429,
              51.19269967788927
            ],
            [
              4.328051976505978,
              51.19237827565798
            ],
            [
              4.328475344669595,
              51.192032430648354
            ],
            [
              4.328848999489497,
              51.19166477546913
            ],
            [
              4.329170097952528,
              51.191278108685516
            ],
            [
              4.329436197290136,
              51.190875373505605
            ],
            [
              4.329645273539376,
              51.190459635367425
            ],
            [
              4.329795736909597,
              51.19003405859752
            ],
            [
              4.329886443838972,
              51.18960188231919
            ],
            [
              4.329916705650427,
              51.1891663957939
            ],
            [
              4.329886293742518,
              51.18873091338377
            ],
            [
              4.329795441277294,
              51.18829874932591
            ],
            [
              4.329644841353861,
              51.187873192510445
            ],
            [
              4.329435641683146,
              51.18745748145438
            ],
            [
              4.329169435805902,
              51.18705477966139
            ],
            [
              4.328848250922222,
              51.186668151555054
            ],
            [
              4.328474532426509,
              51.18630053916827
            ],
            [
              4.3280511252666765,
              51.185954739766025
            ],
            [
              4.327581252270388,
              51.18563338457129
            ],
            [
              4.327068489603938,
              51.18533891875561
            ],
            [
              4.326516739550955,
              51.18507358284618
            ],
            [
              4.325930200818229,
              51.18483939569027
            ],
            [
              4.325313336594532,
              51.184638139106404
            ],
            [
              4.324670840605084,
              51.18447134433844
            ],
            [
              4.3240076014193765,
              51.18434028041522
            ],
            [
              4.323328665283039,
              51.18424594450408
            ],
            [
              4.3226391977555565,
              51.18418905433112
            ],
            [
              4.321944444444444,
              51.18417004272581
            ],
            [
              4.321249691133332,
              51.18418905433112
            ],
            [
              4.320560223605848,
              51.18424594450408
            ],
            [
              4.319881287469512,
              51.18434028041522
            ],
            [
              4.319218048283804,
              51.18447134433844
            ],
            [
              4.318575552294356,
              51.184638139106404
            ],
            [
              4.317958688070658,
              51.18483939569027
            ],
            [
              4.317372149337932,
              51.18507358284618
            ],
            [
              4.316820399284949,
              51.18533891875561
            ],
            [
              4.3163076366185,
              51.18563338457129
            ],
            [
              4.315837763622212,
              51.185954739766025
            ],
            [
              4.315414356462378,
              51.18630053916827
            ],
            [
              4.315040637966665,
              51.186668151555054
            ],
            [
              4.314719453082986,
              51.18705477966139
            ],
            [
              4.3144532472057415,
              51.18745748145438
            ],
            [
              4.314244047535027,
              51.187873192510445
            ],
            [
              4.314093447611595,
              51.18829874932591
            ],
            [
              4.31400259514637,
              51.18873091338377
            ],
            [
              4.313972183238461,
              51.1891663957939
            ],
            [
              4.3140024450499155,
              51.18960188231919
            ],
            [
              4.314093151979291,
              51.19003405859752
            ],
            [
              4.314243615349512,
              51.190459635367425
            ],
            [
              4.314452691598752,
              51.190875373505605
            ],
            [
              4.314718790936359,
              51.191278108685516
            ],
            [
              4.315039889399391,
              51.19166477546913
            ],
            [
              4.315413544219293,
              51.192032430648354
            ],
            [
              4.315836912382911,
              51.19237827565798
            ],
            [
              4.316306772247458,
              51.19269967788927
            ],
            [
              4.316819548045643,
              51.192994190741516
            ],
            [
              4.317371337094839,
              51.193259572258334
            ],
            [
              4.317957939503372,
              51.19349380220669
            ],
            [
              4.318574890147716,
              51.193695097467824
            ],
            [
              4.319217492676801,
              51.19386192562271
            ],
            [
              4.319880855283985,
              51.19399301662805
            ],
            [
              4.3205599279735365,
              51.19408737249364
            ],
            [
              4.321249541036873,
              51.19414427488705
            ],
            [
              4.321944444444444,
              51.19416329060753
            ]
          ]
        ]
      }
    },
    {
      "type": "Feature",
      "id": "EBR61",
      "properties": {
        "id": "EBR61",
        "name": "EBR61 - SINT-TRUIDEN 1",
        "chapter": "ENR 5.1",
        "upperLimit": "1000FT AMSL",
        "lowerLimit": "GND",
        "verticalLimits": "1000FT AMSL / GND",
        "lateralLimits": "504752N 0051121E - 504739N 0051136E - 504731N 0051133E - 504732N 0051113E - 504743N 0051114E - 504752N 0051121E.",
        "restrictionOrHazard": "RPAS testing and training zone. Prohibited to non-participating aircraft.",
        "timeOfActivity": "HJ⁽¹⁾",
        "aipSource": "Belgium and Luxembourg AIP ENR 5.1",
        "aipPage": "ENR 5.1-10",
        "amendment": "AIRAC AMDT 006/2025",
        "effectiveDate": "12-JUN-2025",
        "aipNotes": [
          "(1) ACT can be checked with EBST local authorities (see EBST AD 2.2)."
        ],
        "color": "#FF0000",
        "colorSource": "AIM Belgium Brussels FIR Structure, 09 JUL 2026",
        "areaType": "restricted",
        "footnoteReferences": {
          "timeOfActivity": [
            1
          ]
        }
      },
      "geometry": {
        "type": "Polygon",
        "coordinates": [
          [
            [
              5.189166666666667,
              50.797777777777775
            ],
            [
              5.193333333333333,
              50.79416666666666
            ],
            [
              5.1925,
              50.79194444444444
            ],
            [
              5.186944444444444,
              50.79222222222222
            ],
            [
              5.187222222222222,
              50.79527777777778
            ],
            [
              5.189166666666667,
              50.797777777777775
            ]
          ]
        ]
      }
    },
    {
      "type": "Feature",
      "id": "EBR62",
      "properties": {
        "id": "EBR62",
        "name": "EBR62 - SINT-TRUIDEN 2",
        "chapter": "ENR 5.1",
        "upperLimit": "2000FT AMSL",
        "lowerLimit": "GND",
        "verticalLimits": "2000FT AMSL / GND",
        "lateralLimits": "504745N 0051214E - 504722N 0051116E - 504743N 0051113E - 504800N 0051125E - 504803N 0051154E - 504745N 0051214E.",
        "restrictionOrHazard": "RPAS testing and training zone. Prohibited to non-participating aircraft.",
        "timeOfActivity": "activation announced by NOTAM⁽¹⁾",
        "aipSource": "Belgium and Luxembourg AIP ENR 5.1",
        "aipPage": "ENR 5.1-11",
        "amendment": "AMDT 012/2024",
        "effectiveDate": "28-NOV-2024",
        "aipNotes": [
          "(1) ACT can be checked with EBST local authorities (see EBST AD 2.2)."
        ],
        "color": "#FF0000",
        "colorSource": "AIM Belgium Brussels FIR Structure, 09 JUL 2026",
        "areaType": "restricted",
        "footnoteReferences": {
          "timeOfActivity": [
            1
          ]
        }
      },
      "geometry": {
        "type": "Polygon",
        "coordinates": [
          [
            [
              5.203888888888889,
              50.795833333333334
            ],
            [
              5.187777777777778,
              50.78944444444444
            ],
            [
              5.186944444444444,
              50.79527777777778
            ],
            [
              5.190277777777778,
              50.8
            ],
            [
              5.198333333333333,
              50.80083333333333
            ],
            [
              5.203888888888889,
              50.795833333333334
            ]
          ]
        ]
      }
    },
    {
      "type": "Feature",
      "id": "EBR63",
      "properties": {
        "id": "EBR63",
        "name": "EBR63 - SINT-TRUIDEN 3",
        "chapter": "ENR 5.1",
        "upperLimit": "650FT AMSL",
        "lowerLimit": "GND",
        "verticalLimits": "650FT AMSL / GND",
        "lateralLimits": "504635N 0050920E - 504632N 0050957E - 504621N 0051026E - 504558N 0050956E - 504617N 0050855E - 504635N 0050920E.",
        "restrictionOrHazard": "RPAS testing and training zone. Prohibited to non-participating aircraft.",
        "timeOfActivity": "activation announced by NOTAM⁽¹⁾",
        "aipSource": "Belgium and Luxembourg AIP ENR 5.1",
        "aipPage": "ENR 5.1-11",
        "amendment": "AMDT 012/2024",
        "effectiveDate": "28-NOV-2024",
        "aipNotes": [
          "(1) ACT can be checked with EBST local authorities (see EBST AD 2.2)."
        ],
        "color": "#FF0000",
        "colorSource": "AIM Belgium Brussels FIR Structure, 09 JUL 2026",
        "areaType": "restricted",
        "footnoteReferences": {
          "timeOfActivity": [
            1
          ]
        }
      },
      "geometry": {
        "type": "Polygon",
        "coordinates": [
          [
            [
              5.155555555555556,
              50.77638888888889
            ],
            [
              5.1658333333333335,
              50.775555555555556
            ],
            [
              5.173888888888889,
              50.7725
            ],
            [
              5.165555555555556,
              50.76611111111111
            ],
            [
              5.148611111111111,
              50.771388888888886
            ],
            [
              5.155555555555556,
              50.77638888888889
            ]
          ]
        ]
      }
    },
    {
      "type": "Feature",
      "id": "EBR64",
      "properties": {
        "id": "EBR64",
        "name": "EBR64 - SINT-TRUIDEN 4",
        "chapter": "ENR 5.1",
        "upperLimit": "2000FT AMSL",
        "lowerLimit": "GND",
        "verticalLimits": "2000FT AMSL / GND",
        "lateralLimits": "504836N 0050925E - 504902N 0051151E - 504835N 0051338E - 504657N 0051555E - 504355N 0051545E - 504709N 0050621E - 504836N 0050925E.",
        "restrictionOrHazard": "RPAS testing and training zone. Prohibited to non-participating aircraft, except when approved by duty aerodrome commander of EBST.",
        "timeOfActivity": "activation announced by NOTAM⁽¹⁾",
        "aipSource": "Belgium and Luxembourg AIP ENR 5.1",
        "aipPage": "ENR 5.1-11",
        "amendment": "AMDT 012/2024",
        "effectiveDate": "28-NOV-2024",
        "aipNotes": [
          "(1) ACT can be checked with EBST local authorities (see EBST AD 2.2)."
        ],
        "color": "#FF0000",
        "colorSource": "AIM Belgium Brussels FIR Structure, 09 JUL 2026",
        "areaType": "restricted",
        "footnoteReferences": {
          "timeOfActivity": [
            1
          ]
        }
      },
      "geometry": {
        "type": "Polygon",
        "coordinates": [
          [
            [
              5.156944444444445,
              50.809999999999995
            ],
            [
              5.197500000000001,
              50.81722222222223
            ],
            [
              5.227222222222222,
              50.80972222222222
            ],
            [
              5.2652777777777775,
              50.7825
            ],
            [
              5.2625,
              50.731944444444444
            ],
            [
              5.105833333333333,
              50.78583333333333
            ],
            [
              5.156944444444445,
              50.809999999999995
            ]
          ]
        ]
      }
    },
    {
      "type": "Feature",
      "id": "EBR65",
      "properties": {
        "id": "EBR65",
        "name": "EBR65 - LIERNU",
        "chapter": "ENR 5.1",
        "upperLimit": "1500FT AMSL",
        "lowerLimit": "GND",
        "verticalLimits": "1500FT AMSL / GND",
        "lateralLimits": "A circle, 1 NM radius, centred on 503436N0044811E.",
        "restrictionOrHazard": "RPAS testing and training zone. Prohibited to non-participating aircraft.",
        "timeOfActivity": "HX ⁽¹⁾",
        "aipSource": "Belgium and Luxembourg AIP ENR 5.1",
        "aipPage": "ENR 5.1-11",
        "amendment": "AMDT 012/2024",
        "effectiveDate": "28-NOV-2024",
        "aipNotes": [
          "(1) Activation announced by NOTAM. May be activated from MON to FRI (HOL excl) between 0800-2300 (0700-2200)."
        ],
        "geometryNote": "Circle sampled every 5 degrees from the published centre and radius.",
        "color": "#FF0000",
        "colorSource": "AIM Belgium Brussels FIR Structure, 09 JUL 2026",
        "areaType": "restricted",
        "footnoteReferences": {
          "timeOfActivity": [
            1
          ]
        }
      },
      "geometry": {
        "type": "Polygon",
        "coordinates": [
          [
            [
              4.803055555555556,
              50.59332207980285
            ],
            [
              4.805342206289424,
              50.59325867854966
            ],
            [
              4.807611435872922,
              50.59306895782195
            ],
            [
              4.809845956299698,
              50.59275436302372
            ],
            [
              4.8120287448211,
              50.59231729088453
            ],
            [
              4.814143174007574,
              50.591761071143715
            ],
            [
              4.816173138752432,
              50.59108994110695
            ],
            [
              4.818103179237456,
              50.590309013271835
            ],
            [
              4.819918598912431,
              50.589424236272954
            ],
            [
              4.82160557658096,
              50.588442349447824
            ],
            [
              4.82315127173234,
              50.58737083137464
            ],
            [
              4.824543922313517,
              50.586217842778595
            ],
            [
              4.825772934195562,
              50.58499216424669
            ],
            [
              4.826828961655367,
              50.5837031292305
            ],
            [
              4.827703978264492,
              50.582360552851966
            ],
            [
              4.828391337652974,
              50.58097465705898
            ],
            [
              4.828885823695446,
              50.57955599270476
            ],
            [
              4.829183689749763,
              50.57811535914775
            ],
            [
              4.829282686663463,
              50.57666372198731
            ],
            [
              4.829182079350412,
              50.57521212956315
            ],
            [
              4.828882651827889,
              50.57377162885571
            ],
            [
              4.828386700692756,
              50.57235318142777
            ],
            [
              4.827698017103244,
              50.570967580046606
            ],
            [
              4.826821857419887,
              50.56962536661988
            ],
            [
              4.825764902744383,
              50.56833675206737
            ],
            [
              4.824535207678156,
              50.567111538735446
            ],
            [
              4.823142138702538,
              50.56595904594082
            ],
            [
              4.821596302659181,
              50.56488803920584
            ],
            [
              4.819909465882097,
              50.563906663718925
            ],
            [
              4.818094464601097,
              50.563022382521524
            ],
            [
              4.816165107299907,
              50.56224191988648
            ],
            [
              4.814136069770566,
              50.561571210313495
            ],
            [
              4.812022783658324,
              50.56101535352459
            ],
            [
              4.809841319338137,
              50.56057857579733
            ],
            [
              4.807608264004368,
              50.56026419792547
            ],
            [
              4.805340595889542,
              50.560074610047394
            ],
            [
              4.803055555555556,
              50.560011253530504
            ],
            [
              4.800770515221569,
              50.560074610047394
            ],
            [
              4.798502847106743,
              50.56026419792547
            ],
            [
              4.796269791772974,
              50.56057857579733
            ],
            [
              4.794088327452787,
              50.56101535352459
            ],
            [
              4.791975041340545,
              50.561571210313495
            ],
            [
              4.789946003811203,
              50.56224191988648
            ],
            [
              4.788016646510014,
              50.563022382521524
            ],
            [
              4.7862016452290135,
              50.563906663718925
            ],
            [
              4.78451480845193,
              50.56488803920584
            ],
            [
              4.782968972408573,
              50.56595904594082
            ],
            [
              4.781575903432955,
              50.567111538735446
            ],
            [
              4.780346208366728,
              50.56833675206737
            ],
            [
              4.779289253691224,
              50.56962536661988
            ],
            [
              4.778413094007867,
              50.570967580046606
            ],
            [
              4.7777244104183545,
              50.57235318142777
            ],
            [
              4.777228459283222,
              50.57377162885571
            ],
            [
              4.776929031760699,
              50.57521212956315
            ],
            [
              4.776828424447648,
              50.57666372198731
            ],
            [
              4.776927421361348,
              50.57811535914775
            ],
            [
              4.777225287415665,
              50.57955599270476
            ],
            [
              4.777719773458137,
              50.58097465705898
            ],
            [
              4.778407132846619,
              50.582360552851966
            ],
            [
              4.779282149455744,
              50.5837031292305
            ],
            [
              4.780338176915548,
              50.58499216424669
            ],
            [
              4.7815671887975935,
              50.586217842778595
            ],
            [
              4.782959839378771,
              50.58737083137464
            ],
            [
              4.784505534530151,
              50.588442349447824
            ],
            [
              4.78619251219868,
              50.589424236272954
            ],
            [
              4.788007931873655,
              50.590309013271835
            ],
            [
              4.789937972358679,
              50.59108994110695
            ],
            [
              4.791967937103537,
              50.591761071143715
            ],
            [
              4.794082366290011,
              50.59231729088453
            ],
            [
              4.796265154811413,
              50.59275436302372
            ],
            [
              4.7984996752381885,
              50.59306895782195
            ],
            [
              4.800768904821687,
              50.59325867854966
            ],
            [
              4.803055555555556,
              50.59332207980285
            ]
          ]
        ]
      }
    },
    {
      "type": "Feature",
      "id": "EBR66",
      "properties": {
        "id": "EBR66",
        "name": "EBR66 - SINT-TRUIDEN 5",
        "chapter": "ENR 5.1",
        "upperLimit": "550FT AMSL",
        "lowerLimit": "GND",
        "verticalLimits": "550FT AMSL / GND",
        "lateralLimits": "504745N 0051214E - 504802N 0051119E - 504816N 0051207E - 504752N 0051233E - 504745N 0051214E.",
        "restrictionOrHazard": "RPAS testing and training zone. Prohibited to non-participating aircraft.",
        "timeOfActivity": "activation announced by NOTAM⁽¹⁾",
        "aipSource": "Belgium and Luxembourg AIP ENR 5.1",
        "aipPage": "ENR 5.1-11",
        "amendment": "AMDT 012/2024",
        "effectiveDate": "28-NOV-2024",
        "aipNotes": [
          "(1) ACT can be checked with EBST local authorities (see EBST AD 2.2)."
        ],
        "color": "#FF0000",
        "colorSource": "AIM Belgium Brussels FIR Structure, 09 JUL 2026",
        "areaType": "restricted",
        "footnoteReferences": {
          "timeOfActivity": [
            1
          ]
        }
      },
      "geometry": {
        "type": "Polygon",
        "coordinates": [
          [
            [
              5.203888888888889,
              50.795833333333334
            ],
            [
              5.188611111111111,
              50.800555555555555
            ],
            [
              5.201944444444445,
              50.80444444444444
            ],
            [
              5.2091666666666665,
              50.797777777777775
            ],
            [
              5.203888888888889,
              50.795833333333334
            ]
          ]
        ]
      }
    },
    {
      "type": "Feature",
      "id": "EBR67",
      "properties": {
        "id": "EBR67",
        "name": "EBR67 - NIVELLES",
        "chapter": "ENR 5.1",
        "upperLimit": "400FT AGL",
        "lowerLimit": "GND",
        "verticalLimits": "400FT AGL / GND",
        "lateralLimits": "A circle, 0.75 NM radius, centred on 503517N0042115E.",
        "restrictionOrHazard": "RPAS testing and training zone. Prohibited to non-participating aircraft.⁽¹⁾",
        "timeOfActivity": "HX⁽²⁾",
        "aipSource": "Belgium and Luxembourg AIP ENR 5.1",
        "aipPage": "ENR 5.1-11",
        "amendment": "AMDT 012/2024",
        "effectiveDate": "28-NOV-2024",
        "aipNotes": [
          "(1) Non-participating aircraft requiring access can request PPR with Nivelles RPAS Test Center on TEL +32 (0) 67 88 36 36.",
          "(2) Activation announced by NOTAM."
        ],
        "geometryNote": "Circle sampled every 5 degrees from the published centre and radius.",
        "color": "#FF0000",
        "colorSource": "AIM Belgium Brussels FIR Structure, 09 JUL 2026",
        "areaType": "restricted",
        "footnoteReferences": {
          "restrictionOrHazard": [
            1
          ],
          "timeOfActivity": [
            2
          ]
        }
      },
      "geometry": {
        "type": "Polygon",
        "coordinates": [
          [
            [
              4.354166666666666,
              50.600547115407686
            ],
            [
              4.355881918576772,
              50.60049956865988
            ],
            [
              4.357584106054149,
              50.600357290562876
            ],
            [
              4.359260264408477,
              50.60012136479096
            ],
            [
              4.360897627665599,
              50.599793588273045
            ],
            [
              4.362483726010062,
              50.59937645747454
            ],
            [
              4.3640064809461805,
              50.59887314934037
            ],
            [
              4.365454297445511,
              50.59828749704568
            ],
            [
              4.366816152372658,
              50.59762396074105
            ],
            [
              4.368081678510972,
              50.596887593517366
            ],
            [
              4.36924124354457,
              50.596084002852045
            ],
            [
              4.370286023393169,
              50.595219307833084
            ],
            [
              4.371208069340765,
              50.59430009248948
            ],
            [
              4.372000368448139,
              50.59333335558622
            ],
            [
              4.372656896791942,
              50.59232645726879
            ],
            [
              4.373172665129242,
              50.59128706296629
            ],
            [
              4.37354375664553,
              50.590223084982156
            ],
            [
              4.373767356505707,
              50.58914262221963
            ],
            [
              4.373841772991006,
              50.58805389850205
            ],
            [
              4.373766450069687,
              50.586965199958826
            ],
            [
              4.373541971315084,
              50.585884811954486
            ],
            [
              4.373170055150716,
              50.58482095604086
            ],
            [
              4.372653541468195,
              50.58378172741214
            ],
            [
              4.371996369728963,
              50.58277503333786
            ],
            [
              4.371203548725197,
              50.58180853304129
            ],
            [
              4.3702811182378065,
              50.58088957947875
            ],
            [
              4.369236102890061,
              50.580025163461144
            ],
            [
              4.368076458553496,
              50.57922186054013
            ],
            [
              4.366811011717981,
              50.57848578106077
            ],
            [
              4.365449392289831,
              50.577822523757504
            ],
            [
              4.364001960330186,
              50.577237133243905
            ],
            [
              4.362479727290402,
              50.57673406171646
            ],
            [
              4.360894272341368,
              50.57631713516115
            ],
            [
              4.359257654429526,
              50.575989524317045
            ],
            [
              4.357582320723386,
              50.57575372061567
            ],
            [
              4.3558810121405855,
              50.57561151727686
            ],
            [
              4.354166666666666,
              50.57556399570342
            ],
            [
              4.352452321192747,
              50.57561151727686
            ],
            [
              4.350751012609945,
              50.57575372061567
            ],
            [
              4.349075678903805,
              50.575989524317045
            ],
            [
              4.347439060991964,
              50.57631713516115
            ],
            [
              4.3458536060429305,
              50.57673406171646
            ],
            [
              4.344331373003145,
              50.577237133243905
            ],
            [
              4.3428839410435005,
              50.577822523757504
            ],
            [
              4.341522321615351,
              50.57848578106077
            ],
            [
              4.340256874779836,
              50.57922186054013
            ],
            [
              4.339097230443271,
              50.580025163461144
            ],
            [
              4.338052215095526,
              50.58088957947875
            ],
            [
              4.337129784608134,
              50.58180853304129
            ],
            [
              4.336336963604368,
              50.58277503333786
            ],
            [
              4.335679791865137,
              50.58378172741214
            ],
            [
              4.335163278182615,
              50.58482095604086
            ],
            [
              4.334791362018248,
              50.585884811954486
            ],
            [
              4.334566883263645,
              50.586965199958826
            ],
            [
              4.334491560342325,
              50.58805389850205
            ],
            [
              4.334565976827625,
              50.58914262221963
            ],
            [
              4.334789576687802,
              50.590223084982156
            ],
            [
              4.3351606682040895,
              50.59128706296629
            ],
            [
              4.335676436541389,
              50.59232645726879
            ],
            [
              4.336332964885192,
              50.59333335558622
            ],
            [
              4.337125263992567,
              50.59430009248948
            ],
            [
              4.338047309940163,
              50.595219307833084
            ],
            [
              4.339092089788762,
              50.596084002852045
            ],
            [
              4.34025165482236,
              50.596887593517366
            ],
            [
              4.341517180960673,
              50.59762396074105
            ],
            [
              4.3428790358878215,
              50.59828749704568
            ],
            [
              4.344326852387152,
              50.59887314934037
            ],
            [
              4.34584960732327,
              50.59937645747454
            ],
            [
              4.347435705667732,
              50.599793588273045
            ],
            [
              4.349073068924854,
              50.60012136479096
            ],
            [
              4.3507492272791835,
              50.600357290562876
            ],
            [
              4.352451414756559,
              50.60049956865988
            ],
            [
              4.354166666666666,
              50.600547115407686
            ]
          ]
        ]
      }
    },
    {
      "type": "Feature",
      "id": "EBR68",
      "properties": {
        "id": "EBR68",
        "name": "EBR68 - TONGEREN",
        "chapter": "ENR 5.1",
        "upperLimit": "2500FT AMSL",
        "lowerLimit": "GND",
        "verticalLimits": "2500FT AMSL / GND",
        "lateralLimits": "A circle, 0.5 NM radius, centred on 504752N0052849E.",
        "restrictionOrHazard": "Radio controlled model aircraft training zone. Prohibited to non- participating aircraft.",
        "timeOfActivity": "SAT, SUN and HOL SR-SS⁽¹⁾⁽²⁾",
        "aipSource": "Belgium and Luxembourg AIP ENR 5.1",
        "aipPage": "ENR 5.1-12",
        "amendment": "AMDT 012/2024",
        "effectiveDate": "28-NOV-2024",
        "aipNotes": [
          "(1) In VMC only.",
          "(2) Activation announced by NOTAM."
        ],
        "geometryNote": "Circle sampled every 5 degrees from the published centre and radius.",
        "color": "#FF0000",
        "colorSource": "AIM Belgium Brussels FIR Structure, 09 JUL 2026",
        "areaType": "restricted",
        "footnoteReferences": {
          "timeOfActivity": [
            1,
            2
          ]
        }
      },
      "geometry": {
        "type": "Polygon",
        "coordinates": [
          [
            [
              5.480277777777778,
              50.80610548434586
            ],
            [
              5.481426303330686,
              50.806073789270705
            ],
            [
              5.482566083265643,
              50.80597894539235
            ],
            [
              5.4836884386653635,
              50.80582167491139
            ],
            [
              5.484784823501962,
              50.80560317537395
            ],
            [
              5.485846889805859,
              50.80532511053869
            ],
            [
              5.48686655131496,
              50.80498959768889
            ],
            [
              5.487836045116189,
              50.80459919148697
            ],
            [
              5.48874799080718,
              50.80415686449526
            ],
            [
              5.489595446725421,
              50.80366598451241
            ],
            [
              5.490371962815069,
              50.80313028889917
            ],
            [
              5.491071629728011,
              50.80255385609012
            ],
            [
              5.491689123785087,
              50.80194107450984
            ],
            [
              5.492219747455696,
              50.80129660913101
            ],
            [
              5.492659465048823,
              50.80062536593062
            ],
            [
              5.493004933345692,
              50.799932454515904
            ],
            [
              5.493253526943401,
              50.79922314920543
            ],
            [
              5.493403358119686,
              50.798502848862846
            ],
            [
              5.4934532910711935,
              50.79777703578925
            ],
            [
              5.493402950420792,
              50.797051233988135
            ],
            [
              5.493252723933337,
              50.796330967120454
            ],
            [
              5.493003759423509,
              50.795621716470215
            ],
            [
              5.492657955883548,
              50.79492887924022
            ],
            [
              5.4922179489025496,
              50.79425772749498
            ],
            [
              5.49168709049219,
              50.793613368062914
            ],
            [
              5.4910694234759365,
              50.79300070370187
            ],
            [
              5.490369650639666,
              50.79242439582288
            ],
            [
              5.489593098880968,
              50.79188882905459
            ],
            [
              5.4887456786317435,
              50.791398077916696
            ],
            [
              5.4878338388640495,
              50.790955875855055
            ],
            [
              5.486864518021977,
              50.79056558687238
            ],
            [
              5.485845091252614,
              50.79023017996935
            ],
            [
              5.48478331433659,
              50.78995220658925
            ],
            [
              5.483687264743094,
              50.789733781236535
            ],
            [
              5.482565280255514,
              50.789576565415814
            ],
            [
              5.481425895631759,
              50.78948175501237
            ],
            [
              5.480277777777778,
              50.789450071209686
            ],
            [
              5.479129659923799,
              50.78948175501237
            ],
            [
              5.477990275300043,
              50.789576565415814
            ],
            [
              5.4768682908124635,
              50.789733781236535
            ],
            [
              5.4757722412189676,
              50.78995220658925
            ],
            [
              5.474710464302944,
              50.79023017996935
            ],
            [
              5.47369103753358,
              50.79056558687238
            ],
            [
              5.472721716691508,
              50.790955875855055
            ],
            [
              5.471809876923814,
              50.791398077916696
            ],
            [
              5.470962456674589,
              50.79188882905459
            ],
            [
              5.470185904915891,
              50.79242439582288
            ],
            [
              5.469486132079621,
              50.79300070370187
            ],
            [
              5.468868465063367,
              50.793613368062914
            ],
            [
              5.468337606653008,
              50.79425772749498
            ],
            [
              5.46789759967201,
              50.79492887924022
            ],
            [
              5.467551796132049,
              50.795621716470215
            ],
            [
              5.46730283162222,
              50.796330967120454
            ],
            [
              5.467152605134765,
              50.797051233988135
            ],
            [
              5.467102264484364,
              50.79777703578925
            ],
            [
              5.467152197435872,
              50.798502848862846
            ],
            [
              5.467302028612156,
              50.79922314920543
            ],
            [
              5.467550622209865,
              50.799932454515904
            ],
            [
              5.467896090506734,
              50.80062536593062
            ],
            [
              5.468335808099861,
              50.80129660913101
            ],
            [
              5.46886643177047,
              50.80194107450984
            ],
            [
              5.4694839258275465,
              50.80255385609012
            ],
            [
              5.470183592740488,
              50.80313028889917
            ],
            [
              5.470960108830137,
              50.80366598451241
            ],
            [
              5.471807564748377,
              50.80415686449526
            ],
            [
              5.472719510439369,
              50.80459919148697
            ],
            [
              5.4736890042405975,
              50.80498959768889
            ],
            [
              5.474708665749698,
              50.80532511053869
            ],
            [
              5.475770732053595,
              50.80560317537395
            ],
            [
              5.476867116890194,
              50.80582167491139
            ],
            [
              5.477989472289915,
              50.80597894539235
            ],
            [
              5.479129252224872,
              50.806073789270705
            ],
            [
              5.480277777777778,
              50.80610548434586
            ]
          ]
        ]
      }
    },
    {
      "type": "Feature",
      "id": "EBR69",
      "properties": {
        "id": "EBR69",
        "name": "EBR69 - WIEKEVORST",
        "chapter": "ENR 5.1",
        "upperLimit": "1500FT AMSL",
        "lowerLimit": "GND",
        "verticalLimits": "1500FT AMSL / GND",
        "lateralLimits": "A circle, 0.5 NM radius, centred on 510527N0044812E.",
        "restrictionOrHazard": "Radio controlled model aircraft training zone. Prohibited to non- participating aircraft.",
        "timeOfActivity": "SAT, SUN and HOL SR-SS ⁽¹⁾⁽²⁾",
        "aipSource": "Belgium and Luxembourg AIP ENR 5.1",
        "aipPage": "ENR 5.1-12",
        "amendment": "AMDT 012/2024",
        "effectiveDate": "28-NOV-2024",
        "aipNotes": [
          "(1) In VMC only.",
          "(2) Activation announced by NOTAM."
        ],
        "geometryNote": "Circle sampled every 5 degrees from the published centre and radius.",
        "color": "#FF0000",
        "colorSource": "AIM Belgium Brussels FIR Structure, 09 JUL 2026",
        "areaType": "restricted",
        "footnoteReferences": {
          "timeOfActivity": [
            1,
            2
          ]
        }
      },
      "geometry": {
        "type": "Polygon",
        "coordinates": [
          [
            [
              4.803333333333333,
              51.099161039901425
            ],
            [
              4.8044891239035765,
              51.09912934476703
            ],
            [
              4.805636113486187,
              51.09903450071271
            ],
            [
              4.80676556821798,
              51.09887722994445
            ],
            [
              4.807868887969444,
              51.09865873001709
            ],
            [
              4.80893767192756,
              51.098380664701146
            ],
            [
              4.80996378264912,
              51.098045151294514
            ],
            [
              4.8109394080934695,
              51.097654744476536
            ],
            [
              4.811857121159463,
              51.097212416828285
            ],
            [
              4.812709936271022,
              51.09672153616834
            ],
            [
              4.813491362578783,
              51.096185839878025
            ],
            [
              4.814195453371822,
              51.09560940641253
            ],
            [
              4.81481685132302,
              51.094996624216364
            ],
            [
              4.815350829224128,
              51.094352158280934
            ],
            [
              4.815793325901646,
              51.093680914600135
            ],
            [
              4.816140977042033,
              51.092988002795785
            ],
            [
              4.816391140694185,
              51.092278697198324
            ],
            [
              4.816541917258189,
              51.09155839668008
            ],
            [
              4.816592163811812,
              51.090832583547495
            ],
            [
              4.816541502669683,
              51.090106781805844
            ],
            [
              4.8163903241142325,
              51.08938651511429
            ],
            [
              4.816139783282001,
              51.08867726475147
            ],
            [
              4.815791791233324,
              51.087984427911415
            ],
            [
              4.8153490002776325,
              51.08731327664684
            ],
            [
              4.814814783669959,
              51.086668917771526
            ],
            [
              4.814193209836785,
              51.086056254026424
            ],
            [
              4.813489011330444,
              51.08547994680385
            ],
            [
              4.812707548750869,
              51.08494438071248
            ],
            [
              4.811854769911088,
              51.08445363025148
            ],
            [
              4.810937164558367,
              51.08401142884614
            ],
            [
              4.809961714995971,
              51.083621140479224
            ],
            [
              4.808935842980963,
              51.08328573413272
            ],
            [
              4.807867353301021,
              51.083007761233006
            ],
            [
              4.80676437445786,
              51.08278933626997
            ],
            [
              4.8056352969061695,
              51.08263212073635
            ],
            [
              4.804488709315036,
              51.08253731050872
            ],
            [
              4.803333333333333,
              51.082505626765254
            ],
            [
              4.80217795735163,
              51.08253731050872
            ],
            [
              4.801031369760497,
              51.08263212073635
            ],
            [
              4.799902292208807,
              51.08278933626997
            ],
            [
              4.798799313365645,
              51.083007761233006
            ],
            [
              4.797730823685702,
              51.08328573413272
            ],
            [
              4.796704951670695,
              51.083621140479224
            ],
            [
              4.7957295021082995,
              51.08401142884614
            ],
            [
              4.794811896755578,
              51.08445363025148
            ],
            [
              4.793959117915797,
              51.08494438071248
            ],
            [
              4.793177655336223,
              51.08547994680385
            ],
            [
              4.792473456829882,
              51.086056254026424
            ],
            [
              4.791851882996706,
              51.086668917771526
            ],
            [
              4.791317666389033,
              51.08731327664684
            ],
            [
              4.7908748754333415,
              51.087984427911415
            ],
            [
              4.790526883384665,
              51.08867726475147
            ],
            [
              4.790276342552433,
              51.08938651511429
            ],
            [
              4.790125163996984,
              51.090106781805844
            ],
            [
              4.7900745028548535,
              51.090832583547495
            ],
            [
              4.790124749408477,
              51.09155839668008
            ],
            [
              4.790275525972481,
              51.092278697198324
            ],
            [
              4.7905256896246335,
              51.092988002795785
            ],
            [
              4.790873340765019,
              51.093680914600135
            ],
            [
              4.7913158374425375,
              51.094352158280934
            ],
            [
              4.791849815343646,
              51.094996624216364
            ],
            [
              4.792471213294845,
              51.09560940641253
            ],
            [
              4.7931753040878835,
              51.096185839878025
            ],
            [
              4.793956730395644,
              51.09672153616834
            ],
            [
              4.794809545507204,
              51.097212416828285
            ],
            [
              4.795727258573197,
              51.097654744476536
            ],
            [
              4.796702884017546,
              51.098045151294514
            ],
            [
              4.797728994739106,
              51.098380664701146
            ],
            [
              4.798797778697223,
              51.09865873001709
            ],
            [
              4.799901098448687,
              51.09887722994445
            ],
            [
              4.801030553180479,
              51.09903450071271
            ],
            [
              4.802177542763089,
              51.09912934476703
            ],
            [
              4.803333333333333,
              51.099161039901425
            ]
          ]
        ]
      }
    },
    {
      "type": "Feature",
      "id": "EBR70",
      "properties": {
        "id": "EBR70",
        "name": "EBR70 - POTTES",
        "chapter": "ENR 5.1",
        "upperLimit": "2500FT AMSL",
        "lowerLimit": "GND",
        "verticalLimits": "2500FT AMSL / GND",
        "lateralLimits": "A circle, 0.5 NM radius, centred on 504316N0032601E.",
        "restrictionOrHazard": "Radio controlled model aircraft training zone. Prohibited to non- participating aircraft.",
        "timeOfActivity": "SAT, SUN and HOL SR- SS ⁽¹⁾⁽²⁾⁽³⁾",
        "aipSource": "Belgium and Luxembourg AIP ENR 5.1",
        "aipPage": "ENR 5.1-12",
        "amendment": "AMDT 012/2024",
        "effectiveDate": "28-NOV-2024",
        "aipNotes": [
          "(1) Outside activation HTA10D only.",
          "(2) In VMC only.",
          "(3) Activation announced by NOTAM."
        ],
        "geometryNote": "Circle sampled every 5 degrees from the published centre and radius.",
        "color": "#FF0000",
        "colorSource": "AIM Belgium Brussels FIR Structure, 09 JUL 2026",
        "areaType": "restricted",
        "footnoteReferences": {
          "timeOfActivity": [
            1,
            2,
            3
          ]
        }
      },
      "geometry": {
        "type": "Polygon",
        "coordinates": [
          [
            [
              3.4336111111111114,
              50.72943881767921
            ],
            [
              3.434757756034878,
              50.729407122619435
            ],
            [
              3.4358956696736733,
              50.729312278786736
            ],
            [
              3.4370161873334943,
              50.729155008380346
            ],
            [
              3.4381107769911936,
              50.72893650894411
            ],
            [
              3.439171104356238,
              50.7286584442336
            ],
            [
              3.440189096415282,
              50.72832293152833
            ],
            [
              3.4411570029724294,
              50.7279325254863
            ],
            [
              3.442067455713785,
              50.727490198665
            ],
            [
              3.442913524344336,
              50.726999318857885
            ],
            [
              3.443688769368099,
              50.726463623420365
            ],
            [
              3.4443872911087543,
              50.7258871907817
            ],
            [
              3.445003774597322,
              50.72527440936127
            ],
            [
              3.4455335299856356,
              50.72462994412689
            ],
            [
              3.44597252817916,
              50.723958701051195
            ],
            [
              3.446317431419806,
              50.72326578973759
            ],
            [
              3.4465656185884317,
              50.722556484501624
            ],
            [
              3.4467152050375196,
              50.72183618420462
            ],
            [
              3.446765056806607,
              50.721110371146345
            ],
            [
              3.4467147991161666,
              50.72038456932979
            ],
            [
              3.44656481907944,
              50.719664302416405
            ],
            [
              3.446316262615848,
              50.718955051691566
            ],
            [
              3.445971025593749,
              50.71826221436035
            ],
            [
              3.445531739274064,
              50.717591062490364
            ],
            [
              3.4450017501694523,
              50.71694670291379
            ],
            [
              3.444385094475797,
              50.71633403839289
            ],
            [
              3.4436864672736323,
              50.71575773034354
            ],
            [
              3.442911186736335,
              50.71522216339955
            ],
            [
              3.4420651536192852,
              50.714731412085975
            ],
            [
              3.4411548063394086,
              50.714289209853995
            ],
            [
              3.4401870719873267,
              50.71389892071151
            ],
            [
              3.43916931364457,
              50.71356351366404
            ],
            [
              3.4381092744056856,
              50.71328554015925
            ],
            [
              3.437015018529451,
              50.71306711470541
            ],
            [
              3.4358948701646184,
              50.71290989881016
            ],
            [
              3.434757350113492,
              50.712815088361076
            ],
            [
              3.4336111111111114,
              50.71278340454304
            ],
            [
              3.4324648721087314,
              50.712815088361076
            ],
            [
              3.4313273520576044,
              50.71290989881016
            ],
            [
              3.4302072036927718,
              50.71306711470541
            ],
            [
              3.4291129478165376,
              50.71328554015925
            ],
            [
              3.428052908577653,
              50.71356351366404
            ],
            [
              3.427035150234896,
              50.71389892071151
            ],
            [
              3.426067415882814,
              50.714289209853995
            ],
            [
              3.425157068602938,
              50.714731412085975
            ],
            [
              3.4243110354858883,
              50.71522216339955
            ],
            [
              3.4235357549485905,
              50.71575773034354
            ],
            [
              3.4228371277464262,
              50.71633403839289
            ],
            [
              3.422220472052771,
              50.71694670291379
            ],
            [
              3.4216904829481587,
              50.717591062490364
            ],
            [
              3.421251196628474,
              50.71826221436035
            ],
            [
              3.420905959606375,
              50.718955051691566
            ],
            [
              3.4206574031427834,
              50.719664302416405
            ],
            [
              3.4205074231060566,
              50.72038456932979
            ],
            [
              3.420457165415616,
              50.721110371146345
            ],
            [
              3.4205070171847036,
              50.72183618420462
            ],
            [
              3.4206566036337915,
              50.722556484501624
            ],
            [
              3.420904790802417,
              50.72326578973759
            ],
            [
              3.4212496940430626,
              50.723958701051195
            ],
            [
              3.4216886922365877,
              50.72462994412689
            ],
            [
              3.4222184476249007,
              50.72527440936127
            ],
            [
              3.422834931113469,
              50.7258871907817
            ],
            [
              3.4235334528541244,
              50.726463623420365
            ],
            [
              3.424308697877887,
              50.726999318857885
            ],
            [
              3.4251547665084376,
              50.727490198665
            ],
            [
              3.426065219249794,
              50.7279325254863
            ],
            [
              3.4270331258069406,
              50.72832293152833
            ],
            [
              3.4280511178659854,
              50.7286584442336
            ],
            [
              3.4291114452310296,
              50.72893650894411
            ],
            [
              3.4302060348887284,
              50.729155008380346
            ],
            [
              3.4313265525485495,
              50.729312278786736
            ],
            [
              3.432464466187345,
              50.729407122619435
            ],
            [
              3.4336111111111114,
              50.72943881767921
            ]
          ]
        ]
      }
    },
    {
      "type": "Feature",
      "id": "EBR71",
      "properties": {
        "id": "EBR71",
        "name": "EBR71 - ANTHISNES",
        "chapter": "ENR 5.1",
        "upperLimit": "2400FT AMSL",
        "lowerLimit": "GND",
        "verticalLimits": "2400FT AMSL / GND",
        "lateralLimits": "A circle, 0.33 NM radius, centred on 502937N 0053124E.",
        "restrictionOrHazard": "Radio controlled model aircraft training zone. Prohibited to non- participating aircraft.",
        "timeOfActivity": "SAT, SUN and HOL SR- SS ⁽¹⁾⁽²⁾",
        "aipSource": "Belgium and Luxembourg AIP ENR 5.1",
        "aipPage": "ENR 5.1-12",
        "amendment": "AMDT 012/2024",
        "effectiveDate": "28-NOV-2024",
        "aipNotes": [
          "(1) In VMC only.",
          "(2) Activation announced by NOTAM."
        ],
        "geometryNote": "Circle sampled every 5 degrees from the published centre and radius.",
        "color": "#FF0000",
        "colorSource": "AIM Belgium Brussels FIR Structure, 09 JUL 2026",
        "areaType": "restricted",
        "footnoteReferences": {
          "timeOfActivity": [
            1,
            2
          ]
        }
      },
      "geometry": {
        "type": "Polygon",
        "coordinates": [
          [
            [
              5.523333333333333,
              50.49910739744606
            ],
            [
              5.524086422555525,
              50.49908647998814
            ],
            [
              5.52483377832573,
              50.499023886864165
            ],
            [
              5.525569710887431,
              50.49892009460994
            ],
            [
              5.526288617540668,
              50.49877589341551
            ],
            [
              5.526985025336948,
              50.49859238110318
            ],
            [
              5.527653632781375,
              50.498370954761356
            ],
            [
              5.528289350223109,
              50.49811330009825
            ],
            [
              5.52888733862547,
              50.49782137859676
            ],
            [
              5.52944304641953,
              50.49749741256893
            ],
            [
              5.529952244159982,
              50.49714386822423
            ],
            [
              5.530411056719019,
              50.49676343688089
            ],
            [
              5.530815992773079,
              50.496359014464225
            ],
            [
              5.531163971358189,
              50.495933679448214
            ],
            [
              5.531452345292288,
              50.49549066940897
            ],
            [
              5.531678921287068,
              50.495033356369085
            ],
            [
              5.531841976597309,
              50.4945652211208
            ],
            [
              5.531940272082304,
              50.49408982672409
            ],
            [
              5.531973061581511,
              50.49361079138146
            ],
            [
              5.5319400975347,
              50.49313176089623
            ],
            [
              5.531841632805642,
              50.492656380924174
            ],
            [
              5.5316784186972745,
              50.49218826922949
            ],
            [
              5.531451699175302,
              50.49173098815646
            ],
            [
              5.531163201345947,
              50.491288017526095
            ],
            [
              5.530815122262014,
              50.49086272816352
            ],
            [
              5.530410112159168,
              50.490458356257705
            ],
            [
              5.529951254251317,
              50.49007797874788
            ],
            [
              5.529442041239926,
              50.48972448992363
            ],
            [
              5.528886348716799,
              50.48940057941629
            ],
            [
              5.528288405663247,
              50.489108711748315
            ],
            [
              5.527652762270293,
              50.488851107596055
            ],
            [
              5.526984255324689,
              50.48862972690767
            ],
            [
              5.526287971423664,
              50.4884462540042
            ],
            [
              5.525569208297621,
              50.48830208477665
            ],
            [
              5.5248334345340515,
              50.48819831607602
            ],
            [
              5.524086248007916,
              50.4881357373767
            ],
            [
              5.523333333333333,
              50.48811482477618
            ],
            [
              5.522580418658751,
              50.4881357373767
            ],
            [
              5.521833232132616,
              50.48819831607602
            ],
            [
              5.521097458369046,
              50.48830208477665
            ],
            [
              5.520378695243004,
              50.4884462540042
            ],
            [
              5.519682411341978,
              50.48862972690767
            ],
            [
              5.519013904396374,
              50.488851107596055
            ],
            [
              5.518378261003421,
              50.489108711748315
            ],
            [
              5.517780317949868,
              50.48940057941629
            ],
            [
              5.517224625426741,
              50.48972448992363
            ],
            [
              5.51671541241535,
              50.49007797874788
            ],
            [
              5.516256554507499,
              50.490458356257705
            ],
            [
              5.5158515444046525,
              50.49086272816352
            ],
            [
              5.51550346532072,
              50.491288017526095
            ],
            [
              5.5152149674913655,
              50.49173098815646
            ],
            [
              5.514988247969392,
              50.49218826922949
            ],
            [
              5.514825033861025,
              50.492656380924174
            ],
            [
              5.514726569131967,
              50.49313176089623
            ],
            [
              5.514693605085156,
              50.49361079138146
            ],
            [
              5.514726394584363,
              50.49408982672409
            ],
            [
              5.514824690069358,
              50.4945652211208
            ],
            [
              5.514987745379599,
              50.495033356369085
            ],
            [
              5.515214321374379,
              50.49549066940897
            ],
            [
              5.515502695308478,
              50.495933679448214
            ],
            [
              5.5158506738935875,
              50.496359014464225
            ],
            [
              5.516255609947648,
              50.49676343688089
            ],
            [
              5.516714422506685,
              50.49714386822423
            ],
            [
              5.517223620247137,
              50.49749741256893
            ],
            [
              5.517779328041197,
              50.49782137859676
            ],
            [
              5.518377316443558,
              50.49811330009825
            ],
            [
              5.519013033885293,
              50.498370954761356
            ],
            [
              5.519681641329719,
              50.49859238110318
            ],
            [
              5.520378049125999,
              50.49877589341551
            ],
            [
              5.521096955779236,
              50.49892009460994
            ],
            [
              5.5218328883409376,
              50.499023886864165
            ],
            [
              5.522580244111142,
              50.49908647998814
            ],
            [
              5.523333333333333,
              50.49910739744606
            ]
          ]
        ]
      }
    },
    {
      "type": "Feature",
      "id": "EBR72",
      "properties": {
        "id": "EBR72",
        "name": "EBR72 - SINT-TRUIDEN 6 (NORTH)",
        "chapter": "ENR 5.1",
        "upperLimit": "2000FT AMSL",
        "lowerLimit": "GND",
        "verticalLimits": "2000FT AMSL / GND",
        "lateralLimits": "504836N 0050925E - 504902N 0051151E - 504835N 0051338E - 504822N 0051356E - 504622N 0050838E - 504709N 0050621E - 504836N 0050925E.",
        "restrictionOrHazard": "RPAS testing and training zone. Prohibited to non-participating aircraft.",
        "timeOfActivity": "activation announced by NOTAM ⁽¹⁾",
        "aipSource": "Belgium and Luxembourg AIP ENR 5.1",
        "aipPage": "ENR 5.1-12",
        "amendment": "AMDT 012/2024",
        "effectiveDate": "28-NOV-2024",
        "aipNotes": [
          "(1) Activation can be checked with EBST local authorities (see EBST AD 2.2)."
        ],
        "color": "#FF0000",
        "colorSource": "AIM Belgium Brussels FIR Structure, 09 JUL 2026",
        "areaType": "restricted",
        "footnoteReferences": {
          "timeOfActivity": [
            1
          ]
        }
      },
      "geometry": {
        "type": "Polygon",
        "coordinates": [
          [
            [
              5.156944444444445,
              50.809999999999995
            ],
            [
              5.197500000000001,
              50.81722222222223
            ],
            [
              5.227222222222222,
              50.80972222222222
            ],
            [
              5.232222222222222,
              50.80611111111111
            ],
            [
              5.143888888888889,
              50.772777777777776
            ],
            [
              5.105833333333333,
              50.78583333333333
            ],
            [
              5.156944444444445,
              50.809999999999995
            ]
          ]
        ]
      }
    },
    {
      "type": "Feature",
      "id": "EBR73",
      "properties": {
        "id": "EBR73",
        "name": "EBR73 - SINT-TRUIDEN 7 (SOUTH)",
        "chapter": "ENR 5.1",
        "upperLimit": "2000FT AMSL",
        "lowerLimit": "GND",
        "verticalLimits": "2000FT AMSL / GND",
        "lateralLimits": "504355N 0051545E - 504622N 0050838E - 504822N 0051356E - 504657N 0051555E - 504355N 0051545E.",
        "restrictionOrHazard": "RPAS testing and training zone. Prohibited to non-participating aircraft. Zone allowed for manned traffic when RPAS ACT in EBR72 after coordination with and approved by the Duty Aerodrome Commander (DAC) of EBST. Solo training flights prohibited. Permanent 2-way radio contact with EBST mandatory.",
        "timeOfActivity": "activation announced by NOTAM ⁽¹⁾",
        "aipSource": "Belgium and Luxembourg AIP ENR 5.1",
        "aipPage": "ENR 5.1-13",
        "amendment": "AMDT 012/2024",
        "effectiveDate": "28-NOV-2024",
        "aipNotes": [
          "(1) Activation can be checked with EBST local authorities (see EBST AD 2.2)."
        ],
        "color": "#FF0000",
        "colorSource": "AIM Belgium Brussels FIR Structure, 09 JUL 2026",
        "areaType": "restricted",
        "footnoteReferences": {
          "timeOfActivity": [
            1
          ]
        }
      },
      "geometry": {
        "type": "Polygon",
        "coordinates": [
          [
            [
              5.2625,
              50.731944444444444
            ],
            [
              5.143888888888889,
              50.772777777777776
            ],
            [
              5.232222222222222,
              50.80611111111111
            ],
            [
              5.2652777777777775,
              50.7825
            ],
            [
              5.2625,
              50.731944444444444
            ]
          ]
        ]
      }
    },
    {
      "type": "Feature",
      "id": "EBR74",
      "properties": {
        "id": "EBR74",
        "name": "EBR74 - SUMMIT1",
        "chapter": "ENR 5.1",
        "upperLimit": "700FT AMSL",
        "lowerLimit": "GND",
        "verticalLimits": "700FT AMSL / GND",
        "lateralLimits": "505356N 0042900E - 505314N 0042930E - 505154N 0042817E - 505115N 0042552E then a counter- clockwise arc radius 2.7 NM centered on 505039N 0042142E - 505219N 0042506E - 505339N 0042750E - 505356N 0042900E",
        "restrictionOrHazard": "Federal Police helicopter activity during international summits. Only Federal Police helicopters and MIL helicopters stationed at EBMB during QRH mission allowed. ⁽¹⁾",
        "timeOfActivity": "HX ⁽²⁾",
        "aipSource": "Belgium and Luxembourg AIP ENR 5.1",
        "aipPage": "ENR 5.1-13",
        "amendment": "AMDT 012/2024",
        "effectiveDate": "28-NOV-2024",
        "aipNotes": [
          "(1) Ground taxi at EBBR inside the EBR74 allowed.",
          "(2) Activation can be checked with Brussels TWR."
        ],
        "color": "#FF0000",
        "colorSource": "AIM Belgium Brussels FIR Structure, 09 JUL 2026",
        "areaType": "restricted",
        "footnoteReferences": {
          "restrictionOrHazard": [
            1
          ],
          "timeOfActivity": [
            2
          ]
        }
      },
      "geometry": {
        "type": "Polygon",
        "coordinates": [
          [
            [
              4.483333333333333,
              50.89888888888889
            ],
            [
              4.491666666666667,
              50.88722222222222
            ],
            [
              4.471388888888889,
              50.865
            ],
            [
              4.431111111111111,
              50.85416666666667
            ],
            [
              4.431841345324982,
              50.851864841974816
            ],
            [
              4.43238025944405,
              50.849542093612385
            ],
            [
              4.432726412979541,
              50.84720475370758
            ],
            [
              4.432878891429429,
              50.84485919321302
            ],
            [
              4.432837308456798,
              50.84251180452656
            ],
            [
              4.432601806624768,
              50.84016898406411
            ],
            [
              4.432173056689448,
              50.83783711483203
            ],
            [
              4.431552255456321,
              50.8355225490465
            ],
            [
              4.430741122209312,
              50.833231590847106
            ],
            [
              4.429741893725661,
              50.83097047915153
            ],
            [
              4.428557317893425,
              50.82874537069762
            ],
            [
              4.427190645952112,
              50.826562323318576
            ],
            [
              4.42564562338053,
              50.824427279496334
            ],
            [
              4.423926479459408,
              50.82234605023731
            ],
            [
              4.422037915539721,
              50.82032429931341
            ],
            [
              4.419985092050907,
              50.81836752791091
            ],
            [
              4.41777361428633,
              50.81648105972761
            ],
            [
              4.415409517006336,
              50.81467002655841
            ],
            [
              4.41289924790219,
              50.81293935440708
            ],
            [
              4.410249649966892,
              50.81129375016148
            ],
            [
              4.407467942821562,
              50.80973768886726
            ],
            [
              4.404561703048517,
              50.80827540163348
            ],
            [
              4.401538843584575,
              50.8069108642024
            ],
            [
              4.398407592230247,
              50.80564778621314
            ],
            [
              4.3951764693326325,
              50.80448960118773
            ],
            [
              4.391854264701664,
              50.80343945726545
            ],
            [
              4.38845001382114,
              50.802500208710086
            ],
            [
              4.3849729734176215,
              50.80167440821216
            ],
            [
              4.381432596451651,
              50.80096430000611
            ],
            [
              4.377838506597151,
              50.80037181382069
            ],
            [
              4.374200472275918,
              50.79989855967805
            ],
            [
              4.370528380315192,
              50.799545823555285
            ],
            [
              4.3668322092970815,
              50.79931456391963
            ],
            [
              4.363122002669323,
              50.7992054091463
            ],
            [
              4.359407841687379,
              50.79921865582578
            ],
            [
              4.355699818258261,
              50.79935426796489
            ],
            [
              4.352008007756656,
              50.79961187708374
            ],
            [
              4.348342441884039,
              50.79999078320834
            ],
            [
              4.344713081641306,
              50.80048995675616
            ],
            [
              4.3411297904852555,
              50.801108041309995
            ],
            [
              4.337602307738822,
              50.80184335727258
            ],
            [
              4.334140222324399,
              50.80269390639275
            ],
            [
              4.330752946888869,
              50.80365737715119
            ],
            [
              4.327449692388108,
              50.80473115099178
            ],
            [
              4.324239443197672,
              50.805912309382265
            ],
            [
              4.321130932815204,
              50.80719764168591
            ],
            [
              4.3181326202187815,
              50.808583653823426
            ],
            [
              4.315252666943884,
              50.81006657770261
            ],
            [
              4.312498914940094,
              50.81164238139092
            ],
            [
              4.309878865266759,
              50.813306780004474
            ],
            [
              4.307399657684991,
              50.81505524728452
            ],
            [
              4.30506805120122,
              50.8168830278313
            ],
            [
              4.30289040561531,
              50.81878514996281
            ],
            [
              4.3008726641238795,
              50.82075643916451
            ],
            [
              4.299020337026893,
              50.82279153209457
            ],
            [
              4.297338486583007,
              50.824884891107295
            ],
            [
              4.295831713056279,
              50.82703081925636
            ],
            [
              4.294504141993993,
              50.82922347573773
            ],
            [
              4.293359412772252,
              50.83145689173122
            ],
            [
              4.292400668442832,
              50.83372498659827
            ],
            [
              4.291630546911539,
              50.836021584392526
            ],
            [
              4.291051173474839,
              50.83834043063887
            ],
            [
              4.290664154738107,
              50.8406752093359
            ],
            [
              4.290470573935201,
              50.84301956013561
            ],
            [
              4.290470987665391,
              50.845367095654254
            ],
            [
              4.2906654240599345,
              50.84771141886714
            ],
            [
              4.29105338238671,
              50.85004614054013
            ],
            [
              4.291633834097489,
              50.85236489665053
            ],
            [
              4.29240522531843,
              50.85466136574956
            ],
            [
              4.293365480780432,
              50.85692928621899
            ],
            [
              4.294512009181946,
              50.859162473374695
            ],
            [
              4.295841709972851,
              50.8613548363698
            ],
            [
              4.297350981543936,
              50.86350039485111
            ],
            [
              4.299035730802525,
              50.86559329532263
            ],
            [
              4.300891384110782,
              50.867627827170935
            ],
            [
              4.3029128995592645,
              50.86959843830782
            ],
            [
              4.305094780544355,
              50.871499750386825
            ],
            [
              4.307431090614394,
              50.873326573551175
            ],
            [
              4.309915469545509,
              50.875073920671916
            ],
            [
              4.312541150604445,
              50.876737021036476
            ],
            [
              4.315300978952171,
              50.878311333449155
            ],
            [
              4.318187431138486,
              50.879792558706875
            ],
            [
              4.321192635634574,
              50.88117665141506
            ],
            [
              4.324308394347222,
              50.882459831110204
            ],
            [
              4.327526205055383,
              50.88363859265801
            ],
            [
              4.3308372847069245,
              50.884709715897365
            ],
            [
              4.334232593510652,
              50.88567027450324
            ],
            [
              4.337702859756259,
              50.886517644043046
            ],
            [
              4.341238605292534,
              50.88724950920377
            ],
            [
              4.344830171592041,
              50.88786387016941
            ],
            [
              4.348467746328695,
              50.88835904813043
            ],
            [
              4.352141390392949,
              50.88873368990968
            ],
            [
              4.3558410652679544,
              50.888986771691606
            ],
            [
              4.359556660688896,
              50.88911760184402
            ],
            [
              4.363278022506774,
              50.88912582282453
            ],
            [
              4.366994980677271,
              50.88901141216615
            ],
            [
              4.370697377294936,
              50.88877468253915
            ],
            [
              4.374375094592759,
              50.888416280889274
            ],
            [
              4.378018082827339,
              50.88793718665439
            ],
            [
              4.3816163879702,
              50.887338709065006
            ],
            [
              4.385160179126444,
              50.88662248353613
            ],
            [
              4.3886397756027975,
              50.88579046716086
            ],
            [
              4.392045673548231,
              50.884844933318384
            ],
            [
              4.395368572091698,
              50.88378846541202
            ],
            [
              4.398599398903155,
              50.882623949754716
            ],
            [
              4.401729335105814,
              50.88135456762259
            ],
            [
              4.404749839469704,
              50.87998378649872
            ],
            [
              4.407652671818822,
              50.87851535053234
            ],
            [
              4.410429915586651,
              50.87695327024006
            ],
            [
              4.413073999457512,
              50.87530181147871
            ],
            [
              4.415577718034014,
              50.87356548372034
            ],
            [
              4.417934251473932,
              50.8717490276631
            ],
            [
              4.4638888888888895,
              50.89416666666666
            ],
            [
              4.483333333333333,
              50.89888888888889
            ]
          ]
        ]
      }
    },
    {
      "type": "Feature",
      "id": "EBR75",
      "properties": {
        "id": "EBR75",
        "name": "EBR75 - SUMMIT2",
        "chapter": "ENR 5.1",
        "upperLimit": "700FT AMSL",
        "lowerLimit": "GND",
        "verticalLimits": "700FT AMSL / GND",
        "lateralLimits": "505427N 0042814E - 505413N 0042824E - 505252N 0042807E - 505136N 0042708E - 505115N 0042552E then a counter-clockwise arc radius 2.7 NM centered on 505039N 0042142E - 505307N 0042326E - 505427N 0042814E",
        "restrictionOrHazard": "Federal Police helicopter activity during international summits. Only Federal Police helicopters and MIL helicopters stationed at EBMB during QRH mission allowed. ⁽¹⁾",
        "timeOfActivity": "HX ⁽²⁾",
        "aipSource": "Belgium and Luxembourg AIP ENR 5.1",
        "aipPage": "ENR 5.1-13",
        "amendment": "AMDT 012/2024",
        "effectiveDate": "28-NOV-2024",
        "aipNotes": [
          "(1) Ground taxi at EBBR inside the EBR75 allowed.",
          "(2) Activation can be checked with Brussels TWR."
        ],
        "color": "#FF0000",
        "colorSource": "AIM Belgium Brussels FIR Structure, 09 JUL 2026",
        "areaType": "restricted",
        "footnoteReferences": {
          "restrictionOrHazard": [
            1
          ],
          "timeOfActivity": [
            2
          ]
        }
      },
      "geometry": {
        "type": "Polygon",
        "coordinates": [
          [
            [
              4.470555555555555,
              50.9075
            ],
            [
              4.473333333333334,
              50.90361111111111
            ],
            [
              4.4686111111111115,
              50.88111111111111
            ],
            [
              4.452222222222223,
              50.86
            ],
            [
              4.431111111111111,
              50.85416666666667
            ],
            [
              4.431838626560251,
              50.85187474221411
            ],
            [
              4.43237646286167,
              50.84956204600195
            ],
            [
              4.432723194614966,
              50.84723482892364
            ],
            [
              4.4328779134373875,
              50.84489938018266
            ],
            [
              4.432840230111103,
              50.84256201028275
            ],
            [
              4.432610275323691,
              50.84022903397077
            ],
            [
              4.432188699003231,
              50.83790675317834
            ],
            [
              4.431576668253152,
              50.83560144000821
            ],
            [
              4.430775863895754,
              50.83331931981137
            ],
            [
              4.429788475637008,
              50.831066554400294
            ],
            [
              4.428617195868858,
              50.82884922544318
            ],
            [
              4.427265212128793,
              50.82667331808382
            ],
            [
              4.425736198239924,
              50.8245447048307
            ],
            [
              4.424034304158145,
              50.82246912975809
            ],
            [
              4.422164144556257,
              50.82045219306136
            ],
            [
              4.42013078617805,
              50.81849933600711
            ],
            [
              4.417939733998421,
              50.81661582631821
            ],
            [
              4.4155969162285125,
              50.81480674403217
            ],
            [
              4.413108668207686,
              50.81307696786995
            ],
            [
              4.410481715226795,
              50.81143116215133
            ],
            [
              4.407723154329804,
              50.80987376429086
            ],
            [
              4.404840435143202,
              50.808408972907344
            ],
            [
              4.401841339784943,
              50.8070407365777
            ],
            [
              4.398733961906802,
              50.80577274326472
            ],
            [
              4.395526684925998,
              50.80460841044637
            ],
            [
              4.392228159503868,
              50.80355087597181
            ],
            [
              4.388847280331012,
              50.80260298966847
            ],
            [
              4.385393162279942,
              50.80176730572161
            ],
            [
              4.38187511598771,
              50.80104607584616
            ],
            [
              4.378302622932198,
              50.80044124326857
            ],
            [
              4.374685310066966,
              50.79995443753413
            ],
            [
              4.371032924080466,
              50.7995869701534
            ],
            [
              4.367355305346289,
              50.79933983109857
            ],
            [
              4.3636623616318,
              50.799213686159334
            ],
            [
              4.359964041633026,
              50.79920887516461
            ],
            [
              4.356270308404048,
              50.799325411074925
            ],
            [
              4.352591112749408,
              50.799562979947886
            ],
            [
              4.3489363666480685,
              50.79992094177655
            ],
            [
              4.345315916777441,
              50.80039833219882
            ],
            [
              4.341739518205771,
              50.800993865073245
            ],
            [
              4.338216808320769,
              50.80170593591473
            ],
            [
              4.334757281061888,
              50.802532626181225
            ],
            [
              4.331370261522988,
              50.803471708400274
            ],
            [
              4.328064880991258,
              50.80452065212233
            ],
            [
              4.324850052487364,
              50.80567663068528
            ],
            [
              4.321734446870623,
              50.8069365287728
            ],
            [
              4.318726469571777,
              50.80829695074692
            ],
            [
              4.315834238014488,
              50.809754229733095
            ],
            [
              4.313065559785167,
              50.811304437434416
            ],
            [
              4.310427911608998,
              50.812943394649146
            ],
            [
              4.3079284191882,
              50.814666682464505
            ],
            [
              4.3055738379565645,
              50.81646965409717
            ],
            [
              4.30337053480218,
              50.818347447349964
            ],
            [
              4.301324470807982,
              50.82029499765165
            ],
            [
              4.299441185057357,
              50.822307051646085
            ],
            [
              4.297725779549489,
              50.824378181294676
            ],
            [
              4.296182905266474,
              50.82650279845537
            ],
            [
              4.294816749431412,
              50.82867516989935
            ],
            [
              4.293631023993783,
              50.83088943272592
            ],
            [
              4.292628955375377,
              50.83313961013491
            ],
            [
              4.291813275506865,
              50.83541962751436
            ],
            [
              4.291186214181905,
              50.837723328800955
            ],
            [
              4.290749492752244,
              50.840044493069406
            ],
            [
              4.290504319183887,
              50.842376851306575
            ],
            [
              4.290451384490825,
              50.844714103325224
            ],
            [
              4.290590860559238,
              50.8470499347721
            ],
            [
              4.290922399371358,
              50.84937803418441
            ],
            [
              4.291445133634469,
              50.85169211004879
            ],
            [
              4.292157678816702,
              50.85398590781651
            ],
            [
              4.293058136587458,
              50.85625322682876
            ],
            [
              4.294144099656412,
              50.85848793710613
            ],
            [
              4.295412658001172,
              50.86068399595638
            ],
            [
              4.296860406469764,
              50.86283546435511
            ],
            [
              4.298483453740243,
              50.86493652305479
            ],
            [
              4.300277432615821,
              50.866981488377476
            ],
            [
              4.302237511630099,
              50.86896482764823
            ],
            [
              4.304358407933154,
              50.87088117422635
            ],
            [
              4.306634401425511,
              50.87272534209322
            ],
            [
              4.309059350103343,
              50.874492339956134
            ],
            [
              4.3116267065746285,
              50.876177384829134
            ],
            [
              4.3143295357025275,
              50.877775915053114
            ],
            [
              4.317160533328825,
              50.87928360271897
            ],
            [
              4.3201120460270195,
              50.88069636545908
            ],
            [
              4.3231760918314945,
              50.88201037757427
            ],
            [
              4.3263443818862415,
              50.88322208046509
            ],
            [
              4.3296083429537235,
              50.88432819233828
            ],
            [
              4.332959140721876,
              50.885325717161
            ],
            [
              4.3363877038446725,
              50.886211952837954
            ],
            [
              4.339884748649478,
              50.88698449858809
            ],
            [
              4.343440804442243,
              50.887641261500505
            ],
            [
              4.347046239339783,
              50.88818046225066
            ],
            [
              4.35069128655667,
              50.88860063996114
            ],
            [
              4.354366071072841,
              50.88890065619304
            ],
            [
              4.358060636606842,
              50.889079698056776
            ],
            [
              4.361764972818628,
              50.889137280433566
            ],
            [
              4.365469042665109,
              50.8890732473012
            ],
            [
              4.3691628098311766,
              50.88888777216048
            ],
            [
              4.3728362661586715,
              50.888581357561016
            ],
            [
              4.376479458995763,
              50.88815483372781
            ],
            [
              4.380082518389498,
              50.88760935629243
            ],
            [
              4.383635684044726,
              50.88694640313521
            ],
            [
              4.387129331973389,
              50.886167770347456
            ],
            [
              4.390554000759147,
              50.88527556732495
            ],
            [
              4.470555555555555,
              50.9075
            ]
          ]
        ]
      }
    },
    {
      "type": "Feature",
      "id": "EBR77",
      "properties": {
        "id": "EBR77",
        "name": "EBR77 - TEMPORARY VFR PROHIBITED ZONE",
        "chapter": "ENR 5.1",
        "upperLimit": "FL 195",
        "lowerLimit": "GND",
        "verticalLimits": "FL 195 / GND",
        "lateralLimits": "A circle radius 13 NM centered on 505218N 0042524E.",
        "restrictionOrHazard": "International summits.",
        "timeOfActivity": "HX ⁽³⁾",
        "aipSource": "Belgium and Luxembourg AIP ENR 5.1",
        "aipPage": "ENR 5.1-13",
        "amendment": "AMDT 012/2024",
        "effectiveDate": "28-NOV-2024",
        "aipNotes": [
          "(1) VFR flights prohibited, excl. SAR, State, medical, humanitarian, NATO flights and flights with a specific approval from the Crisis Cell of the Federal Public Service Interior. Those flights shall contact the appropriate ATS unit before entering.",
          "(2) Companies flying on State flight status shall contact CRC Beauvechain 30 MIN before departure on + 32 (0) 2 443 86 51 (or 650 or 653) and the Crisis Cell on + 32 (0) 506 47 11 and add STS/STATE in their flight plan. Those flights shall contact the appropriate ATS unit before entering.",
          "(3) Activated by NOTAM after coordination between Crisis Cell, skeyes and Defence."
        ],
        "geometryNote": "Circle sampled every 5 degrees from the published centre and radius.",
        "color": "#FF0000",
        "colorSource": "AIM Belgium Brussels FIR Structure, 09 JUL 2026",
        "areaType": "restricted",
        "footnoteReferences": {
          "timeOfActivity": [
            3
          ]
        }
      },
      "geometry": {
        "type": "Polygon",
        "coordinates": [
          [
            [
              4.423333333333334,
              51.08818703743699
            ],
            [
              4.45337617044461,
              51.08735927021689
            ],
            [
              4.483187166349928,
              51.084882356850734
            ],
            [
              4.512536343178812,
              51.080775410856475
            ],
            [
              4.541197432425217,
              51.075070117361115
            ],
            [
              4.568949686598523,
              51.067810478663674
            ],
            [
              4.595579639890093,
              51.059052461334886
            ],
            [
              4.620882801932359,
              51.04886354811073
            ],
            [
              4.6446652696139665,
              51.0373221986915
            ],
            [
              4.666745242983616,
              51.024517224358135
            ],
            [
              4.686954432503204,
              51.010547082053435
            ],
            [
              4.705139346270875,
              50.99551909423993
            ],
            [
              4.721162447297936,
              50.979548601431354
            ],
            [
              4.734903172460605,
              50.96275805479726
            ],
            [
              4.746258806328403,
              50.94527605665603
            ],
            [
              4.75514520466661,
              50.927236356999614
            ],
            [
              4.761497363993195,
              50.90877681443411
            ],
            [
              4.765269835115687,
              50.89003833007381
            ],
            [
              4.766436980058336,
              50.87116376299839
            ],
            [
              4.7649930731954315,
              50.85229683587399
            ],
            [
              4.760952248717311,
              50.833581039256465
            ],
            [
              4.754348297759549,
              50.81515854294415
            ],
            [
              4.7452343196149105,
              50.797169122533404
            ],
            [
              4.733682232417367,
              50.77974910906038
            ],
            [
              4.719782149536616,
              50.76303036929275
            ],
            [
              4.703641628652013,
              50.747139323873085
            ],
            [
              4.685384801091263,
              50.73219601011597
            ],
            [
              4.665151389528363,
              50.71831319583104
            ],
            [
              4.643095622546008,
              50.705595550088894
            ],
            [
              4.61938505488981,
              50.69413887637152
            ],
            [
              4.594199302486348,
              50.68402941305729
            ],
            [
              4.567728701475583,
              50.67534320568743
            ],
            [
              4.540172900632022,
              50.66814555494915
            ],
            [
              4.511739396629327,
              50.66249054379193
            ],
            [
              4.482642021650356,
              50.65842064657187
            ],
            [
              4.453099392868338,
              50.65596642259396
            ],
            [
              4.423333333333334,
              50.65514629589635
            ],
            [
              4.393567273798329,
              50.65596642259396
            ],
            [
              4.36402464501631,
              50.65842064657187
            ],
            [
              4.3349272700373405,
              50.66249054379193
            ],
            [
              4.306493766034645,
              50.66814555494915
            ],
            [
              4.278937965191084,
              50.67534320568743
            ],
            [
              4.252467364180319,
              50.68402941305729
            ],
            [
              4.227281611776857,
              50.69413887637152
            ],
            [
              4.203571044120658,
              50.705595550088894
            ],
            [
              4.181515277138304,
              50.71831319583104
            ],
            [
              4.161281865575404,
              50.73219601011597
            ],
            [
              4.143025038014654,
              50.747139323873085
            ],
            [
              4.126884517130051,
              50.76303036929275
            ],
            [
              4.1129844342493,
              50.77974910906038
            ],
            [
              4.101432347051757,
              50.797169122533404
            ],
            [
              4.092318368907119,
              50.81515854294415
            ],
            [
              4.085714417949356,
              50.833581039256465
            ],
            [
              4.081673593471236,
              50.85229683587399
            ],
            [
              4.08022968660833,
              50.87116376299839
            ],
            [
              4.08139683155098,
              50.89003833007381
            ],
            [
              4.085169302673473,
              50.90877681443411
            ],
            [
              4.091521462000057,
              50.927236356999614
            ],
            [
              4.100407860338264,
              50.94527605665603
            ],
            [
              4.111763494206063,
              50.96275805479726
            ],
            [
              4.1255042193687315,
              50.979548601431354
            ],
            [
              4.1415273203957925,
              50.99551909423993
            ],
            [
              4.159712234163463,
              51.010547082053435
            ],
            [
              4.1799214236830515,
              51.024517224358135
            ],
            [
              4.202001397052701,
              51.0373221986915
            ],
            [
              4.225783864734309,
              51.04886354811073
            ],
            [
              4.251087026776575,
              51.059052461334886
            ],
            [
              4.277716980068144,
              51.067810478663674
            ],
            [
              4.30546923424145,
              51.075070117361115
            ],
            [
              4.334130323487854,
              51.080775410856475
            ],
            [
              4.36347950031674,
              51.084882356850734
            ],
            [
              4.393290496222057,
              51.08735927021689
            ],
            [
              4.423333333333334,
              51.08818703743699
            ]
          ]
        ]
      }
    },
    {
      "type": "Feature",
      "id": "EBR78",
      "properties": {
        "id": "EBR78",
        "name": "EBR78 - TEMPORARY VFR RESTRICTED ZONE",
        "chapter": "ENR 5.1",
        "upperLimit": "FL 195",
        "lowerLimit": "GND",
        "verticalLimits": "FL 195 / GND",
        "lateralLimits": "511245N 0035029E along border BELGIUM_NETHERLANDS - 512220N 0042538E then a clockwise arc radius 30 NM centered on 505218N 0042524E - 511245N 0035029E.",
        "restrictionOrHazard": "International summits.",
        "timeOfActivity": "HX ⁽⁵⁾",
        "aipSource": "Belgium and Luxembourg AIP ENR 5.1",
        "aipPage": "ENR 5.1-14",
        "amendment": "AMDT 012/2024",
        "effectiveDate": "28-NOV-2024",
        "aipNotes": [
          "(1) VFR flights intending to enter this TRA shall submit a flight plan to Brussels ARO (EBBRZPZX) at least 60 MIN before departure. This flight plan shall additionally be send to Steenokkerzeel ATCC via AFTN (EDYYBAFA and EBMIZGZF). Add RMK/RSQ64XX to item 18 of the flight plan.",
          "(2) All flights shall be transponder mode A/C (designated SSR code given by Air Navigation Service Provider), mode S optional use.",
          "(3) All flights in airspace class G shall establish and maintain 2-way radio communication with BELGA Information on FREQ 129.325 MHZ. Flights must follow ATC instructions received from BELGA Information.",
          "(4) CIV aerobatic flights, CIV UAS, crop dusters, gliders, ULM, motorized delta planes, paramotors, banner towing, CIV paradrops and manned free balloons prohibited.",
          "(5) Activated by NOTAM after coordination between Crisis Cell, skeyes and Defence."
        ],
        "geometryNote": "Published border/coastline/river segments are represented by straight joins between their published anchor points.",
        "color": "#FF0000",
        "colorSource": "AIM Belgium Brussels FIR Structure, 09 JUL 2026",
        "areaType": "restricted",
        "footnoteReferences": {
          "timeOfActivity": [
            5
          ]
        }
      },
      "geometry": {
        "type": "Polygon",
        "coordinates": [
          [
            [
              3.841388888888889,
              51.212500000000006
            ],
            [
              4.427222222222222,
              51.37222222222222
            ],
            [
              4.468903458796077,
              51.37141031933265
            ],
            [
              4.510457384964724,
              51.36923205589527
            ],
            [
              4.5517679454074536,
              51.365693518082345
            ],
            [
              4.5927198299490595,
              51.36080459084775
            ],
            [
              4.633198825644907,
              51.354578927629056
            ],
            [
              4.673092164395818,
              51.347033908544844
            ],
            [
              4.712288864698087,
              51.338190587258424
            ],
            [
              4.750680066175257,
              51.328073626725214
            ],
            [
              4.788159355588689,
              51.31671122408477
            ],
            [
              4.8246230830829235,
              51.304135025000406
            ],
            [
              4.859970667488564,
              51.29038002778968
            ],
            [
              4.894104889579146,
              51.27548447772628
            ],
            [
              4.926932172258399,
              51.25948975192894
            ],
            [
              4.958362846739465,
              51.2424402352853
            ],
            [
              4.988311403867082,
              51.22438318788761
            ],
            [
              5.016696729826578,
              51.20536860448355
            ],
            [
              5.043442325578628,
              51.18544906646844
            ],
            [
              5.068476509455249,
              51.16467958696457
            ],
            [
              5.091732602449487,
              51.1431174495505
            ],
            [
              5.113149095827598,
              51.120822041215966
            ],
            [
              5.132669800787704,
              51.09785468012841
            ],
            [
              5.150243979981654,
              51.0742784388044
            ],
            [
              5.165826460806838,
              51.050157963282714
            ],
            [
              5.179377730460935,
              51.025559288897696
            ],
            [
              5.1908640128346635,
              51.00054965324909
            ],
            [
              5.200257327394937,
              50.9751973069612
            ],
            [
              5.207535530282937,
              50.94957132281696
            ],
            [
              5.212682337918248,
              50.92374140384397
            ],
            [
              5.2156873334610125,
              50.89777769091871
            ],
            [
              5.216545956538908,
              50.87175057044211
            ],
            [
              5.215259476694565,
              50.845730482625974
            ],
            [
              5.211834951051722,
              50.81978773091304
            ],
            [
              5.206285166735078,
              50.79399229303755
            ],
            [
              5.198628568609589,
              50.76841363421406
            ],
            [
              5.1888891729299385,
              50.74312052292437
            ],
            [
              5.177096467510388,
              50.718180849752116
            ],
            [
              5.163285299039535,
              50.693661449695064
            ],
            [
              5.14749574817374,
              50.669627928364434
            ],
            [
              5.129772993047856,
              50.646144492460216
            ],
            [
              5.110167161842312,
              50.623273784890976
            ],
            [
              5.088733175042396,
              50.60107672488564
            ],
            [
              5.065530578018885,
              50.579612353425034
            ],
            [
              5.040623364549418,
              50.5589376843004
            ],
            [
              5.014079791887729,
              50.53910756108683
            ],
            [
              4.985972187973369,
              50.52017452029964
            ],
            [
              4.956376751358229,
              50.50218866098388
            ],
            [
              4.9253733444085075,
              50.485197520968
            ],
            [
              4.89304528032206,
              50.46924595999544
            ],
            [
              4.859479104481673,
              50.4543760499309
            ],
            [
              4.824764370645157,
              50.440626972221075
            ],
            [
              4.7889934124533955,
              50.42803492277422
            ],
            [
              4.75226111071818,
              50.41663302440716
            ],
            [
              4.714664656932789,
              50.406451246993605
            ],
            [
              4.676303313430342,
              50.397516335433785
            ],
            [
              4.637278170598019,
              50.389851745551034
            ],
            [
              4.597691901539663,
              50.38347758800829
            ],
            [
              4.557648514565068,
              50.37841058032411
            ],
            [
              4.517253103871764,
              50.37466400705588
            ],
            [
              4.476611598774286,
              50.37224768820527
            ],
            [
              4.435830511827092,
              50.37116795588961
            ],
            [
              4.395016686180297,
              50.37142763931086
            ],
            [
              4.354277042502571,
              50.37302605804274
            ],
            [
              4.31371832580277,
              50.37595902364499
            ],
            [
              4.273446852481172,
              50.380218849602684
            ],
            [
              4.233568257942722,
              50.38579436957709
            ],
            [
              4.194187245108257,
              50.39267096394308
            ],
            [
              4.155407334165351,
              50.40083059457716
            ],
            [
              4.117330613908126,
              50.41025184784758
            ],
            [
              4.080057495025015,
              50.420909985746945
            ],
            [
              4.0436864657049005,
              50.432777005095076
            ],
            [
              4.00831384994529,
              50.44582170472712
            ],
            [
              3.9740335689608917,
              50.460009760569434
            ],
            [
              3.940936906107118,
              50.47530380849173
            ],
            [
              3.9091122757503953,
              50.49166353481056
            ],
            [
              3.8786449965354426,
              50.50904577430425
            ],
            [
              3.8496170695188,
              50.527404615584864
            ],
            [
              3.82210696165738,
              50.546691513656924
            ],
            [
              3.7961893951605616,
              50.56685540947637
            ],
            [
              3.7719351432339567,
              50.58784285630678
            ],
            [
              3.7494108327621225,
              50.60959815265229
            ],
            [
              3.7286787544958715,
              50.63206348152876
            ],
            [
              3.7097966813269876,
              50.655179055816376
            ],
            [
              3.692817695248838,
              50.67888326941772
            ],
            [
              3.677790023615036,
              50.703112853926186
            ],
            [
              3.664756885319671,
              50.72780304048938
            ],
            [
              3.653756347531214,
              50.7528877265323
            ],
            [
              3.644821193617625,
              50.77829964698456
            ],
            [
              3.6379788029020292,
              50.803970549635174
            ],
            [
              3.6332510428862195,
              50.829831374218315
            ],
            [
              3.6306541745727436,
              50.85581243481226
            ],
            [
              3.630198771505127,
              50.88184360511422
            ],
            [
              3.6318896531295577,
              50.907854506133255
            ],
            [
              3.6357258330597295,
              50.9337746958248
            ],
            [
              3.641700482799341,
              50.95953386017099
            ],
            [
              3.649800911443718,
              50.985062005194166
            ],
            [
              3.660008561843033,
              51.0102896493737
            ],
            [
              3.672299023664531,
              51.035148015921486
            ],
            [
              3.686642063740014,
              51.05956922435734
            ],
            [
              3.7030016740276905,
              51.08348648081404
            ],
            [
              3.721336137454337,
              51.106834266491084
            ],
            [
              3.7415981118350174,
              51.12954852366855
            ],
            [
              3.763734731993337,
              51.15156683868674
            ],
            [
              3.7876877301260214,
              51.17282862129412
            ],
            [
              3.8133935743718603,
              51.19327527976516
            ],
            [
              3.8407836254572354,
              51.21285039119245
            ],
            [
              3.841388888888889,
              51.212500000000006
            ]
          ]
        ]
      }
    },
    {
      "type": "Feature",
      "id": "EBR79A",
      "properties": {
        "id": "EBR79A",
        "name": "EBR79A - BEVERLO UAS 90",
        "chapter": "ENR 5.1",
        "upperLimit": "500FT AGL",
        "lowerLimit": "GND ⁽¹⁾",
        "verticalLimits": "500FT AGL / GND ⁽¹⁾",
        "lateralLimits": "510711N 0051719E - 510724N 0051930E - 510634N 0052038E - 510620N 0051803E - 510630N 0051728E - 510711N 0051719E.",
        "restrictionOrHazard": "BVLOS military UAS training zone. Entry prohibited to non- participating aircraft. ⁽²⁾⁽³⁾",
        "timeOfActivity": "HX ⁽⁴⁾",
        "aipSource": "Belgium and Luxembourg AIP ENR 5.1",
        "aipPage": "ENR 5.1-14",
        "amendment": "AMDT 012/2024",
        "effectiveDate": "28-NOV-2024",
        "aipNotes": [
          "(1) UAS maximum operating height is 300 FT AGL.",
          "(2) Except MIL aircraft transiting to/from Camp Beverlo, after coordination with Beverlo Planning Office, TEL +32 (0) 2 442 44 96 (during working hours) or +32 (0) 499 57 20 81 (outside working hours) and notification to EBBL TWR +32 (0) 443 31 35.",
          "(3) Implies the closure of EBLE AD.",
          "(4) Activation announced by NOTAM."
        ],
        "color": "#FF0000",
        "colorSource": "AIM Belgium Brussels FIR Structure, 09 JUL 2026",
        "areaType": "restricted",
        "footnoteReferences": {
          "verticalLimits": [
            1
          ],
          "lowerLimit": [
            1
          ],
          "restrictionOrHazard": [
            2,
            3
          ],
          "timeOfActivity": [
            4
          ]
        }
      },
      "geometry": {
        "type": "Polygon",
        "coordinates": [
          [
            [
              5.288611111111111,
              51.11972222222222
            ],
            [
              5.325,
              51.123333333333335
            ],
            [
              5.3438888888888885,
              51.10944444444445
            ],
            [
              5.300833333333333,
              51.105555555555554
            ],
            [
              5.291111111111111,
              51.108333333333334
            ],
            [
              5.288611111111111,
              51.11972222222222
            ]
          ]
        ]
      }
    },
    {
      "type": "Feature",
      "id": "EBR79B",
      "properties": {
        "id": "EBR79B",
        "name": "EBR79B - BEVERLO UAS 91",
        "chapter": "ENR 5.1",
        "upperLimit": "500FT AGL",
        "lowerLimit": "GND ⁽¹⁾",
        "verticalLimits": "500FT AGL / GND ⁽¹⁾",
        "lateralLimits": "510707N 0051635E - 510711N 0051719E - 510630N 0051728E - 510642N 0051640E - 510707N 0051635E.",
        "restrictionOrHazard": "BVLOS military UAS training zone. Entry prohibited to non- participating aircraft. ⁽²⁾⁽³⁾",
        "timeOfActivity": "HX ⁽⁴⁾",
        "aipSource": "Belgium and Luxembourg AIP ENR 5.1",
        "aipPage": "ENR 5.1-14",
        "amendment": "AMDT 012/2024",
        "effectiveDate": "28-NOV-2024",
        "aipNotes": [
          "(1) UAS maximum operating height is 300 FT AGL.",
          "(2) Except MIL aircraft transiting to/from Camp Beverlo, after coordination with Beverlo Planning Office, TEL +32 (0) 2 442 44 96 (during working hours) or +32 (0) 499 57 20 81 (outside working hours) and notification to EBBL TWR +32 (0) 443 31 35.",
          "(3) Implies the closure of EBLE AD.",
          "(4) Activation announced by NOTAM."
        ],
        "color": "#FF0000",
        "colorSource": "AIM Belgium Brussels FIR Structure, 09 JUL 2026",
        "areaType": "restricted",
        "footnoteReferences": {
          "verticalLimits": [
            1
          ],
          "lowerLimit": [
            1
          ],
          "restrictionOrHazard": [
            2,
            3
          ],
          "timeOfActivity": [
            4
          ]
        }
      },
      "geometry": {
        "type": "Polygon",
        "coordinates": [
          [
            [
              5.276388888888889,
              51.118611111111115
            ],
            [
              5.288611111111111,
              51.11972222222222
            ],
            [
              5.291111111111111,
              51.108333333333334
            ],
            [
              5.277777777777778,
              51.111666666666665
            ],
            [
              5.276388888888889,
              51.118611111111115
            ]
          ]
        ]
      }
    },
    {
      "type": "Feature",
      "id": "EBR79C",
      "properties": {
        "id": "EBR79C",
        "name": "EBR79C - BEVERLO UAS 20",
        "chapter": "ENR 5.1",
        "upperLimit": "500FT AGL",
        "lowerLimit": "GND ⁽¹⁾",
        "verticalLimits": "500FT AGL / GND ⁽¹⁾",
        "lateralLimits": "510634N 0052038E - 510620N 0051803E - 510546N 0051933E - 510613N 0052106E - 510634N 0052038E.",
        "restrictionOrHazard": "BVLOS military UAS training zone. Entry prohibited to non- participating aircraft. ⁽²⁾",
        "timeOfActivity": "HX ⁽³⁾",
        "aipSource": "Belgium and Luxembourg AIP ENR 5.1",
        "aipPage": "ENR 5.1-14",
        "amendment": "AMDT 012/2024",
        "effectiveDate": "28-NOV-2024",
        "aipNotes": [
          "(1) UAS maximum operating height is 300 FT AGL.",
          "(2) Except MIL aircraft transiting to/from Camp Beverlo, after coordination with Beverlo Planning Office, TEL +32 (0) 2 442 44 96 (during working hours) or +32 (0) 499 57 20 81 (outside working hours) and notification to EBBL TWR +32 (0) 443 31 35.",
          "(3) Activation announced by NOTAM."
        ],
        "color": "#FF0000",
        "colorSource": "AIM Belgium Brussels FIR Structure, 09 JUL 2026",
        "areaType": "restricted",
        "footnoteReferences": {
          "verticalLimits": [
            1
          ],
          "lowerLimit": [
            1
          ],
          "restrictionOrHazard": [
            2
          ],
          "timeOfActivity": [
            3
          ]
        }
      },
      "geometry": {
        "type": "Polygon",
        "coordinates": [
          [
            [
              5.3438888888888885,
              51.10944444444445
            ],
            [
              5.300833333333333,
              51.105555555555554
            ],
            [
              5.325833333333333,
              51.096111111111114
            ],
            [
              5.351666666666667,
              51.103611111111114
            ],
            [
              5.3438888888888885,
              51.10944444444445
            ]
          ]
        ]
      }
    },
    {
      "type": "Feature",
      "id": "EBR79D",
      "properties": {
        "id": "EBR79D",
        "name": "EBR79D - BEVERLO UAS 30",
        "chapter": "ENR 5.1",
        "upperLimit": "500FT AGL",
        "lowerLimit": "GND ⁽¹⁾",
        "verticalLimits": "500FT AGL / GND ⁽¹⁾",
        "lateralLimits": "510620N 0051803E - 510551N 0051612E - 510517N 0051645E - 510501N 0051859E - 510546N 0051933E - 510620N 0051803E.",
        "restrictionOrHazard": "BVLOS military UAS training zone. Entry prohibited to non- participating aircraft. ⁽²⁾",
        "timeOfActivity": "HX ⁽³⁾",
        "aipSource": "Belgium and Luxembourg AIP ENR 5.1",
        "aipPage": "ENR 5.1-15",
        "amendment": "AMDT 005/2026",
        "effectiveDate": "14-MAY-2026",
        "aipNotes": [
          "(1) UAS maximum operating height is 300 FT AGL.",
          "(2) Except MIL aircraft transiting to/from Camp Beverlo, after coordination with Beverlo Planning Office, TEL +32 (0) 2 442 44 96 (during working hours) or +32 (0) 499 57 20 81 (outside working hours) and notification to EBBL TWR +32 (0) 443 31 35.",
          "(3) Activation announced by NOTAM."
        ],
        "color": "#FF0000",
        "colorSource": "AIM Belgium Brussels FIR Structure, 09 JUL 2026",
        "areaType": "restricted",
        "footnoteReferences": {
          "verticalLimits": [
            1
          ],
          "lowerLimit": [
            1
          ],
          "restrictionOrHazard": [
            2
          ],
          "timeOfActivity": [
            3
          ]
        }
      },
      "geometry": {
        "type": "Polygon",
        "coordinates": [
          [
            [
              5.300833333333333,
              51.105555555555554
            ],
            [
              5.27,
              51.097500000000004
            ],
            [
              5.279166666666667,
              51.088055555555556
            ],
            [
              5.316388888888889,
              51.08361111111111
            ],
            [
              5.325833333333333,
              51.096111111111114
            ],
            [
              5.300833333333333,
              51.105555555555554
            ]
          ]
        ]
      }
    },
    {
      "type": "Feature",
      "id": "EBR79E",
      "properties": {
        "id": "EBR79E",
        "name": "EBR79E - BEVERLO UAS 40",
        "chapter": "ENR 5.1",
        "upperLimit": "500FT AGL",
        "lowerLimit": "GND ⁽¹⁾",
        "verticalLimits": "500FT AGL / GND ⁽¹⁾",
        "lateralLimits": "510546N 0051933E - 510613N 0052105E - 510436N 0052315E - 510247N 0052052E - 510410N 0051819E - 510501N 0051859E - 510546N 0051933E.",
        "restrictionOrHazard": "BVLOS military UAS training zone. Entry prohibited to non- participating aircraft. ⁽²⁾",
        "timeOfActivity": "HX ⁽³⁾",
        "aipSource": "Belgium and Luxembourg AIP ENR 5.1",
        "aipPage": "ENR 5.1-15",
        "amendment": "AMDT 005/2026",
        "effectiveDate": "14-MAY-2026",
        "aipNotes": [
          "(1) UAS maximum operating height is 300 FT AGL.",
          "(2) Except MIL aircraft transiting to/from Camp Beverlo, after coordination with Beverlo Planning Office, TEL +32 (0) 2 442 44 96 (during working hours) or +32 (0) 499 57 20 81 (outside working hours) and notification to EBBL TWR +32 (0) 443 31 35.",
          "(3) Activation announced by NOTAM."
        ],
        "color": "#FF0000",
        "colorSource": "AIM Belgium Brussels FIR Structure, 09 JUL 2026",
        "areaType": "restricted",
        "footnoteReferences": {
          "verticalLimits": [
            1
          ],
          "lowerLimit": [
            1
          ],
          "restrictionOrHazard": [
            2
          ],
          "timeOfActivity": [
            3
          ]
        }
      },
      "geometry": {
        "type": "Polygon",
        "coordinates": [
          [
            [
              5.325833333333333,
              51.096111111111114
            ],
            [
              5.351388888888889,
              51.103611111111114
            ],
            [
              5.3875,
              51.07666666666667
            ],
            [
              5.347777777777777,
              51.046388888888885
            ],
            [
              5.3052777777777775,
              51.06944444444445
            ],
            [
              5.316388888888889,
              51.08361111111111
            ],
            [
              5.325833333333333,
              51.096111111111114
            ]
          ]
        ]
      }
    },
    {
      "type": "Feature",
      "id": "EBD26",
      "properties": {
        "id": "EBD26",
        "name": "EBD26 - ARDENNES 05",
        "chapter": "ENR 5.1",
        "upperLimit": "4500FT AMSL",
        "lowerLimit": "1000FT AGL",
        "verticalLimits": "4500FT AMSL / 1000FT AGL",
        "lateralLimits": "501808N 0051710E- 500118N0054241E- 494735N0054237E- 494137N0051624E- along the Belgian-French border- 500656N0045209E- 500728N0045635E- an arc of circle, 8NM radius, centred on 501521N0045417E and traced counterclockwise to 501627N 0050641E- 501808N 0051710E.",
        "restrictionOrHazard": "High performance flights.⁽²⁾",
        "timeOfActivity": "HX⁽³⁾",
        "aipSource": "Belgium and Luxembourg AIP ENR 5.1",
        "aipPage": "ENR 5.1-15",
        "amendment": "AMDT 005/2026",
        "effectiveDate": "14-MAY-2026",
        "aipNotes": [
          "(1) Can be activated from MON to FRI (HOL excl) between 0800-2300 (0700-2200).",
          "(2) Flights within this area have to stay clear of controlled airspace, prohibited, restricted zones and conflicting TSA’s.",
          "(3) Announced by NOTAM. Activation can be checked with Steenokkerzeel ATCC."
        ],
        "geometryNote": "Published border/coastline/river segments are represented by straight joins between their published anchor points. Published circular arcs are geodesically sampled at maximum 3 degrees.",
        "color": "#FF0000",
        "colorSource": "AIM Belgium Brussels FIR Structure, 09 JUL 2026",
        "areaType": "danger",
        "footnoteReferences": {
          "restrictionOrHazard": [
            2
          ],
          "timeOfActivity": [
            3
          ]
        }
      },
      "geometry": {
        "type": "Polygon",
        "coordinates": [
          [
            [
              5.286111111111111,
              50.30222222222222
            ],
            [
              5.711388888888889,
              50.02166666666667
            ],
            [
              5.710277777777778,
              49.793055555555554
            ],
            [
              5.273333333333333,
              49.69361111111111
            ],
            [
              4.8691666666666675,
              50.11555555555556
            ],
            [
              4.9430555555555555,
              50.12444444444444
            ],
            [
              4.953421094873342,
              50.12585919917602
            ],
            [
              4.963661819789527,
              50.12760891962478
            ],
            [
              4.973751466971134,
              50.129689120986576
            ],
            [
              4.983664150976718,
              50.13209447074776
            ],
            [
              4.993374429236821,
              50.134818802028384
            ],
            [
              5.002857366035489,
              50.137855129021865
            ],
            [
              5.012088595345449,
              50.14119566449613
            ],
            [
              5.0210443823709,
              50.14483183931674
            ],
            [
              5.0297016836534265,
              50.14875432394738
            ],
            [
              5.038038205598348,
              50.152953051878775
            ],
            [
              5.046032461280876,
              50.15741724493235
            ],
            [
              5.053663825393672,
              50.16213544038025
            ],
            [
              5.0609125872000496,
              50.167095519819384
            ],
            [
              5.067760001359795,
              50.17228473973209
            ],
            [
              5.074188336497808,
              50.17768976366238
            ],
            [
              5.0801809213891325,
              50.18329669593214
            ],
            [
              5.085722188637776,
              50.18909111681799
            ],
            [
              5.090797715730779,
              50.19505811910506
            ],
            [
              5.095394263353491,
              50.20118234593086
            ],
            [
              5.099499810856812,
              50.207448029828114
            ],
            [
              5.1031035887723695,
              50.213839032872514
            ],
            [
              5.106196108277176,
              50.220338887837634
            ],
            [
              5.108769187515288,
              50.2269308402566
            ],
            [
              5.110815974690362,
              50.23359789128663
            ],
            [
              5.11233096784974,
              50.240322841270526
            ],
            [
              5.113310031287902,
              50.24708833388625
            ],
            [
              5.113750408504629,
              50.253876900773655
            ],
            [
              5.113650731661211,
              50.260671006525556
            ],
            [
              5.113011027486322,
              50.2674530939285
            ],
            [
              5.111832719591897,
              50.27420562933735
            ],
            [
              5.286111111111111,
              50.30222222222222
            ]
          ]
        ]
      }
    },
    {
      "type": "Feature",
      "id": "EBD29",
      "properties": {
        "id": "EBD29",
        "name": "EBD29 - ARDENNES 07",
        "chapter": "ENR 5.1",
        "upperLimit": "4500FT AMSL",
        "lowerLimit": "1000FT AGL",
        "verticalLimits": "4500FT AMSL / 1000FT AGL",
        "lateralLimits": "500723N0041207E- 501035N0043103E- 501059N0043322E- an arc of circle, 5NM radius, centred on 501436N0043845E and traced counterclockwise to 501218N0044540E- 501320N0045527E- 501918N0045328E- 502231N0045226E- 503001N0052456E- 502627N0053920E- 503042N0055956E- 501955N0055956E- 501324N0060343E- 501011N0060832E- along the Belgian-German border- 500748N0060816E- along the Belgian- Luxembourg border- 500120N0055102E- 500118N0054241E- 494735N0054237E- 494137N0051624E- along the Belgian-French border- 500723N0041207E.",
        "restrictionOrHazard": "CSAR exercises.⁽¹⁾",
        "timeOfActivity": "HX⁽²⁾",
        "aipSource": "Belgium and Luxembourg AIP ENR 5.1",
        "aipPage": "ENR 5.1-16",
        "amendment": "AMDT 005/2026",
        "effectiveDate": "14-MAY-2026",
        "aipNotes": [
          "(1) Flights within this area have to stay clear of controlled airspace, prohibited, restricted zones and conflicting TSA’s.",
          "(2) Announced by NOTAM. Activation can be checked with Steenokkerzeel ATCC."
        ],
        "geometryNote": "Published border/coastline/river segments are represented by straight joins between their published anchor points. Published circular arcs are geodesically sampled at maximum 3 degrees.",
        "color": "#FF0000",
        "colorSource": "AIM Belgium Brussels FIR Structure, 09 JUL 2026",
        "areaType": "danger",
        "footnoteReferences": {
          "restrictionOrHazard": [
            1
          ],
          "timeOfActivity": [
            2
          ]
        }
      },
      "geometry": {
        "type": "Polygon",
        "coordinates": [
          [
            [
              4.201944444444445,
              50.12305555555555
            ],
            [
              4.5175,
              50.17638888888889
            ],
            [
              4.556111111111111,
              50.183055555555555
            ],
            [
              4.561077999665705,
              50.180181751348094
            ],
            [
              4.56626872497469,
              50.17747525227563
            ],
            [
              4.5716695428123515,
              50.174943205546676
            ],
            [
              4.577266161094135,
              50.172592296587894
            ],
            [
              4.583043777472083,
              50.17042873161567
            ],
            [
              4.5889871181899125,
              50.16845822146677
            ],
            [
              4.595080478098899,
              50.166685966728124
            ],
            [
              4.601307761733593,
              50.165116644202215
            ],
            [
              4.6076525253444105,
              50.16375439474136
            ],
            [
              4.614098019782459,
              50.16260281248066
            ],
            [
              4.62062723413038,
              50.16166493549596
            ],
            [
              4.627222939971709,
              50.160943237909656
            ],
            [
              4.633867736190111,
              50.16043962346349
            ],
            [
              4.640544094188911,
              50.16015542057422
            ],
            [
              4.647234403420646,
              50.16009137888394
            ],
            [
              4.653921017115799,
              50.16024766731361
            ],
            [
              4.6605862980995445,
              50.16062387362447
            ],
            [
              4.667212664585179,
              50.16121900548838
            ],
            [
              4.673782635832967,
              50.16203149306456
            ],
            [
              4.680278877563323,
              50.16305919307637
            ],
            [
              4.6866842470137415,
              50.16429939437834
            ],
            [
              4.69298183752942,
              50.16574882499969
            ],
            [
              4.699155022578406,
              50.16740366064742
            ],
            [
              4.705187499083058,
              50.16925953464804
            ],
            [
              4.711063329960836,
              50.17131154930372
            ],
            [
              4.716766985768841,
              50.17355428863506
            ],
            [
              4.722283385348146,
              50.17598183247922
            ],
            [
              4.727597935365769,
              50.17858777190884
            ],
            [
              4.732696568654163,
              50.18136522593355
            ],
            [
              4.737565781250378,
              50.18430685944322
            ],
            [
              4.742192668039503,
              50.18740490234817
            ],
            [
              4.746564956909643,
              50.190651169869
            ],
            [
              4.750671041328676,
              50.194037083925544
            ],
            [
              4.75450001125611,
              50.197553695571415
            ],
            [
              4.758041682306761,
              50.20119170841802
            ],
            [
              4.761286623086567,
              50.20494150298914
            ],
            [
              4.924166666666667,
              50.22222222222222
            ],
            [
              4.891111111111111,
              50.32166666666667
            ],
            [
              4.87388888888889,
              50.375277777777775
            ],
            [
              5.415555555555556,
              50.500277777777775
            ],
            [
              5.655555555555556,
              50.44083333333333
            ],
            [
              5.998888888888889,
              50.51166666666666
            ],
            [
              5.998888888888889,
              50.331944444444446
            ],
            [
              6.061944444444444,
              50.223333333333336
            ],
            [
              6.142222222222222,
              50.16972222222222
            ],
            [
              6.137777777777778,
              50.13
            ],
            [
              5.850555555555555,
              50.02222222222222
            ],
            [
              5.711388888888889,
              50.02166666666667
            ],
            [
              5.710277777777778,
              49.793055555555554
            ],
            [
              5.273333333333333,
              49.69361111111111
            ],
            [
              4.201944444444445,
              50.12305555555555
            ]
          ]
        ]
      }
    },
    {
      "type": "Feature",
      "id": "EBD37",
      "properties": {
        "id": "EBD37",
        "name": "EBD37 - TRAINING SECTOR",
        "chapter": "ENR 5.1",
        "upperLimit": "2500FT AMSL",
        "lowerLimit": "GND⁽¹⁾",
        "verticalLimits": "2500FT AMSL / GND⁽¹⁾",
        "lateralLimits": "503941N 0044955E - 503457N 0044956E - 502758N 0045957E - 502902N 0050637E - an arc of circle, 6.5 NM radius, centred on 502912N 0051650E and traced clockwise to 503101N 0050701E - 503357N 0050551E - 504355N 0051545E - 504709N 0050621E - 504157N 0045525E - 503941N 0044955E.",
        "restrictionOrHazard": "MIL training sector for light aircraft.⁽²⁾",
        "timeOfActivity": "MON-FRI (HOL excl) 0730-1630 (0630- 1530)⁽³⁾",
        "aipSource": "Belgium and Luxembourg AIP ENR 5.1",
        "aipPage": "ENR 5.1-16",
        "amendment": "AMDT 005/2026",
        "effectiveDate": "14-MAY-2026",
        "aipNotes": [
          "(1) Military users: Minimum safety height is 500FT AGL, except for Practice Forced Landing (see ENR 1.2, § 2.4), in which case the minimum safety height will be 200FT AGL.",
          "(2) Mandatory RIS on EBBE APP for transiting OAT flights.",
          "(3) Additional activation will be announced by NOTAM. Activity can be checked with Steenokkerzeel ATCC, EBBE TWR or Brussels FIC."
        ],
        "geometryNote": "Published circular arcs are geodesically sampled at maximum 3 degrees.",
        "color": "#FF0000",
        "colorSource": "AIM Belgium Brussels FIR Structure, 09 JUL 2026",
        "areaType": "danger",
        "footnoteReferences": {
          "verticalLimits": [
            1
          ],
          "lowerLimit": [
            1
          ],
          "restrictionOrHazard": [
            2
          ],
          "timeOfActivity": [
            3
          ]
        }
      },
      "geometry": {
        "type": "Polygon",
        "coordinates": [
          [
            [
              4.831944444444444,
              50.66138888888889
            ],
            [
              4.832222222222222,
              50.5825
            ],
            [
              4.9991666666666665,
              50.46611111111111
            ],
            [
              5.110277777777777,
              50.48388888888889
            ],
            [
              5.110268552868096,
              50.4894647620516
            ],
            [
              5.110710133040865,
              50.49503355696363
            ],
            [
              5.111601508189047,
              50.50058052865176
            ],
            [
              5.112940475263115,
              50.50609098474377
            ],
            [
              5.114723642443945,
              50.51155032446174
            ],
            [
              5.116946436502902,
              50.516944077426835
            ],
            [
              5.0975,
              50.56583333333333
            ],
            [
              5.2625,
              50.731944444444444
            ],
            [
              5.105833333333333,
              50.78583333333333
            ],
            [
              4.923611111111112,
              50.69916666666666
            ],
            [
              4.831944444444444,
              50.66138888888889
            ]
          ]
        ]
      }
    },
    {
      "type": "Feature",
      "id": "EBD38",
      "properties": {
        "id": "EBD38",
        "name": "EBD38 - NORTH SEA",
        "chapter": "ENR 5.1",
        "upperLimit": "FL150",
        "lowerLimit": "SFC ⁽¹⁾",
        "verticalLimits": "FL150 / SFC ⁽¹⁾",
        "lateralLimits": "512100N 0020500E - 512100N 0021300E - 512200N 0021900E - 512819N 0021900E - 512833N 0021630E - 512907N 0020500E - 512100N 0020500E.",
        "restrictionOrHazard": "Gunnery area, parachuting, coastguard flights and UAS flights (NATO class III).",
        "timeOfActivity": "HX ⁽²⁾",
        "aipSource": "Belgium and Luxembourg AIP ENR 5.1",
        "aipPage": "ENR 5.1-16",
        "amendment": "AMDT 005/2026",
        "effectiveDate": "14-MAY-2026",
        "aipNotes": [
          "(1) Activation limited to 4500FT AMSL maximum when TSA13 is active (see NOTAM).",
          "(2) Announced by NOTAM, which must include a POC during the activation."
        ],
        "color": "#FF0000",
        "colorSource": "AIM Belgium Brussels FIR Structure, 09 JUL 2026",
        "areaType": "danger",
        "footnoteReferences": {
          "verticalLimits": [
            1
          ],
          "lowerLimit": [
            1
          ],
          "timeOfActivity": [
            2
          ]
        }
      },
      "geometry": {
        "type": "Polygon",
        "coordinates": [
          [
            [
              2.0833333333333335,
              51.35
            ],
            [
              2.216666666666667,
              51.35
            ],
            [
              2.3166666666666664,
              51.36666666666667
            ],
            [
              2.3166666666666664,
              51.471944444444446
            ],
            [
              2.275,
              51.475833333333334
            ],
            [
              2.0833333333333335,
              51.48527777777778
            ],
            [
              2.0833333333333335,
              51.35
            ]
          ]
        ]
      }
    },
    {
      "type": "Feature",
      "id": "EBD39",
      "properties": {
        "id": "EBD39",
        "name": "EBD39 - KOKSIJDE AREA",
        "chapter": "ENR 5.1",
        "upperLimit": "FL245",
        "lowerLimit": "2500FT AMSL ⁽²⁾",
        "verticalLimits": "FL245 / 2500FT AMSL ⁽²⁾",
        "lateralLimits": "512719N 0023000E - 512704N 0023246E - 512258N 0025030E - 511010N 0024630E - 510955N 0024539E - 511042N 0024029E - 511050N 0023815E - 511307N 0023000E - 512719N 0023000E.",
        "restrictionOrHazard": "Marshalling area for air exercises and UAS flights (NATO Class III).",
        "timeOfActivity": "HX ⁽³⁾",
        "aipSource": "Belgium and Luxembourg AIP ENR 5.1",
        "aipPage": "ENR 5.1-16",
        "amendment": "AMDT 005/2026",
        "effectiveDate": "14-MAY-2026",
        "aipNotes": [
          "(1) Flights in this danger area are subject to ATS provided by Steenokkerzeel ATCC.",
          "(2) First usable level is 3000FT AMSL.",
          "(3) Announced by NOTAM. May be active MON to FRI (HOL excl)."
        ],
        "color": "#FF0000",
        "colorSource": "AIM Belgium Brussels FIR Structure, 09 JUL 2026",
        "areaType": "danger",
        "footnoteReferences": {
          "verticalLimits": [
            2
          ],
          "lowerLimit": [
            2
          ],
          "timeOfActivity": [
            3
          ]
        }
      },
      "geometry": {
        "type": "Polygon",
        "coordinates": [
          [
            [
              2.5,
              51.45527777777778
            ],
            [
              2.546111111111111,
              51.45111111111111
            ],
            [
              2.841666666666667,
              51.382777777777775
            ],
            [
              2.775,
              51.169444444444444
            ],
            [
              2.7608333333333333,
              51.165277777777774
            ],
            [
              2.674722222222222,
              51.17833333333333
            ],
            [
              2.6375,
              51.18055555555555
            ],
            [
              2.5,
              51.218611111111116
            ],
            [
              2.5,
              51.45527777777778
            ]
          ]
        ]
      }
    }
  ],
  "prohibitedAreas": "NIL"
}
