{
  "type": "FeatureCollection",
  "name": "Brussels UIR",
  "features": [
    {
      "type": "Feature",
      "properties": {
        "name": "Brussels UIR",
        "lowerLimit": "FL 195",
        "upperLimit": "UNL",
        "aipSource": "Belgium AIP ENR 2.1, AMDT 012/2025, effective 27-NOV-2025",
        "borderGeometrySource": "Eurostat/GISCO Countries 2024, CNTR_BN_01M, EPSG:4326",
        "note": "Published AIP anchor points joined along the specified international boundaries."
      },
      "geometry": {
        "type": "Polygon",
        "coordinates": [
          [
            [
              2.54555556,
              51.08916667
            ],
            [
              2,
              51.11666667
            ],
            [
              2,
              51.5
            ],
            [
              3.36305556,
              51.37305556
            ],
            [
              3.373970230000054,
              51.359681022000075
            ],
            [
              3.374312390000057,
              51.35217662400004
            ],
            [
              3.374455806000071,
              51.34903117500005
            ],
            [
              3.376935784000068,
              51.346742505000066
            ],
            [
              3.38299070000005,
              51.34115467100003
            ],
            [
              3.384711236000044,
              51.33573178600005
            ],
            [
              3.372431525000025,
              51.325868513000046
            ],
            [
              3.359694115000025,
              51.31563760800003
            ],
            [
              3.364504819000047,
              51.311728137000046
            ],
            [
              3.370919009000033,
              51.30651557600004
            ],
            [
              3.375965756000028,
              51.30232570000004
            ],
            [
              3.370138066000038,
              51.29872505600008
            ],
            [
              3.367078405000029,
              51.29683464200008
            ],
            [
              3.372899198000027,
              51.29235160500008
            ],
            [
              3.379903256000034,
              51.28695724500005
            ],
            [
              3.38105095100002,
              51.28242715400006
            ],
            [
              3.378352555000049,
              51.27976375900005
            ],
            [
              3.376371939000023,
              51.27780883300005
            ],
            [
              3.380737262000025,
              51.27425920100006
            ],
            [
              3.386959407000063,
              51.273012358000074
            ],
            [
              3.39714439200003,
              51.265437621000046
            ],
            [
              3.407776840000054,
              51.257530099000064
            ],
            [
              3.410889956000062,
              51.25804707800006
            ],
            [
              3.416127309000046,
              51.258916819000035
            ],
            [
              3.421788374000073,
              51.25607866400003
            ],
            [
              3.425374586000032,
              51.250259164000056
            ],
            [
              3.428507789000037,
              51.24517478300004
            ],
            [
              3.449292196000044,
              51.24176120000004
            ],
            [
              3.475020341000061,
              51.24267199900004
            ],
            [
              3.525596682000071,
              51.24709040100004
            ],
            [
              3.523215571000037,
              51.25774945200004
            ],
            [
              3.517325637000056,
              51.284115764000035
            ],
            [
              3.518730090000076,
              51.287028054000075
            ],
            [
              3.527429738000023,
              51.287994508000054
            ],
            [
              3.533666289000053,
              51.285834254000065
            ],
            [
              3.536979151000025,
              51.28468672500003
            ],
            [
              3.539428852000071,
              51.28651318800007
            ],
            [
              3.544255380000038,
              51.290111781000064
            ],
            [
              3.554748819000054,
              51.29071114300007
            ],
            [
              3.562732222000022,
              51.29481788600003
            ],
            [
              3.57532242000002,
              51.290742099000056
            ],
            [
              3.581444130000023,
              51.28876033600005
            ],
            [
              3.584207792000029,
              51.293036305000044
            ],
            [
              3.584029887000042,
              51.294769803000065
            ],
            [
              3.583533284000055,
              51.299608671000044
            ],
            [
              3.590266238000027,
              51.30438400300005
            ],
            [
              3.600222587000076,
              51.301239483000074
            ],
            [
              3.639196997000056,
              51.28893016900008
            ],
            [
              3.651664491000076,
              51.28971553800005
            ],
            [
              3.657452815000056,
              51.290080164000074
            ],
            [
              3.665733665000062,
              51.28656378100004
            ],
            [
              3.67883192100004,
              51.28100173300004
            ],
            [
              3.687064698000029,
              51.280853646000025
            ],
            [
              3.693956974000059,
              51.276073653000026
            ],
            [
              3.73193307400004,
              51.271733880000056
            ],
            [
              3.754386074000024,
              51.26916803200004
            ],
            [
              3.758838066000067,
              51.26570666100008
            ],
            [
              3.764268971000035,
              51.26148419700007
            ],
            [
              3.772735787000045,
              51.26259331300008
            ],
            [
              3.775886468000067,
              51.26300603800007
            ],
            [
              3.793912900000066,
              51.25617659200003
            ],
            [
              3.791830933000028,
              51.25025786000003
            ],
            [
              3.789400084000022,
              51.24334730700008
            ],
            [
              3.790755489000048,
              51.21438998200006
            ],
            [
              3.802131630000076,
              51.21050513600005
            ],
            [
              3.807714067000063,
              51.21290353200004
            ],
            [
              3.823902059000034,
              51.209119240000064
            ],
            [
              3.840716774000043,
              51.21205799200004
            ],
            [
              3.84576585700006,
              51.212940434000075
            ],
            [
              3.849699929000053,
              51.21179948200006
            ],
            [
              3.852327984000055,
              51.21340198000007
            ],
            [
              3.85633948800006,
              51.21105609500006
            ],
            [
              3.860024803000044,
              51.21237483600004
            ],
            [
              3.887735799000041,
              51.222290849000046
            ],
            [
              3.891827724000052,
              51.21661682900003
            ],
            [
              3.884053271000028,
              51.211260148000065
            ],
            [
              3.878935938000041,
              51.207734250000044
            ],
            [
              3.886468979000028,
              51.201182449000044
            ],
            [
              3.901975177000054,
              51.202536973000065
            ],
            [
              3.918488836000051,
              51.20818693200005
            ],
            [
              3.917276131000051,
              51.212775141000066
            ],
            [
              3.91695308200002,
              51.21399738000008
            ],
            [
              3.919854150000049,
              51.21668244500006
            ],
            [
              3.929279448000045,
              51.219246646000045
            ],
            [
              3.934203816000036,
              51.215640706000045
            ],
            [
              3.938451861000033,
              51.21253001300005
            ],
            [
              3.958236120000038,
              51.21650359100005
            ],
            [
              3.961193197000057,
              51.21936167500007
            ],
            [
              3.965860595000038,
              51.22387282400007
            ],
            [
              3.97766651400002,
              51.225132114000075
            ],
            [
              3.985424752000029,
              51.23292550700006
            ],
            [
              4.005676622000067,
              51.24182249000006
            ],
            [
              4.017763837000075,
              51.245223648000035
            ],
            [
              4.020708565000064,
              51.24405865300008
            ],
            [
              4.025755961000073,
              51.242061801000034
            ],
            [
              4.034843224000042,
              51.24460022300008
            ],
            [
              4.03566457200003,
              51.24482965700008
            ],
            [
              4.03602617100006,
              51.24464554700006
            ],
            [
              4.041521945000056,
              51.24184735100005
            ],
            [
              4.052782335000074,
              51.24274988800005
            ],
            [
              4.071155739000062,
              51.25002645300003
            ],
            [
              4.165675408000027,
              51.292692266000074
            ],
            [
              4.206818699000053,
              51.32574285800007
            ],
            [
              4.231869623000023,
              51.34588393100006
            ],
            [
              4.234817405000058,
              51.348254205000046
            ],
            [
              4.243657894000023,
              51.37473701400006
            ],
            [
              4.279565169000023,
              51.376017380000064
            ],
            [
              4.332711816000028,
              51.37740342600006
            ],
            [
              4.33563947600004,
              51.37115376600008
            ],
            [
              4.341665024000065,
              51.358291060000056
            ],
            [
              4.368138903000045,
              51.35603364500008
            ],
            [
              4.394777548000036,
              51.35580440500007
            ],
            [
              4.409600931000057,
              51.36098185000003
            ],
            [
              4.419809495000038,
              51.36454745100008
            ],
            [
              4.422493448000068,
              51.36453698100007
            ],
            [
              4.429957333000061,
              51.36450786300003
            ],
            [
              4.42634580400005,
              51.37064386600008
            ],
            [
              4.426078025000038,
              51.37109882400006
            ],
            [
              4.426335423000069,
              51.37136221600008
            ],
            [
              4.430247509000026,
              51.375365413000054
            ],
            [
              4.420233172000053,
              51.38400724300004
            ],
            [
              4.390423174000034,
              51.409731656000076
            ],
            [
              4.384403330000055,
              51.42063511100008
            ],
            [
              4.391536957000028,
              51.42478189000008
            ],
            [
              4.395133649000059,
              51.42687264800003
            ],
            [
              4.397589808000021,
              51.43410273200004
            ],
            [
              4.395901040000069,
              51.440893697000035
            ],
            [
              4.39113554100004,
              51.44397964400008
            ],
            [
              4.385487238000053,
              51.44763726100007
            ],
            [
              4.391183077000051,
              51.451370111000074
            ],
            [
              4.441115803000059,
              51.468206499000075
            ],
            [
              4.457768611000063,
              51.47039838500007
            ],
            [
              4.464163995000035,
              51.47124016200007
            ],
            [
              4.469626755000036,
              51.474222171000065
            ],
            [
              4.476027571000031,
              51.47771624500007
            ],
            [
              4.486697532000051,
              51.47736062900003
            ],
            [
              4.535604708000051,
              51.48214467100007
            ],
            [
              4.548236064000037,
              51.47322858800004
            ],
            [
              4.541655939000066,
              51.46488964100007
            ],
            [
              4.535604708000051,
              51.45686943100003
            ],
            [
              4.534801640000069,
              51.45580505700008
            ],
            [
              4.532992648000061,
              51.45340744600003
            ],
            [
              4.530044452000027,
              51.44950107300008
            ],
            [
              4.531959805000042,
              51.44007255000008
            ],
            [
              4.532481221000069,
              51.43750691000008
            ],
            [
              4.533912117000057,
              51.430462101000046
            ],
            [
              4.535438207000027,
              51.422949119000066
            ],
            [
              4.559185132000039,
              51.428426451000064
            ],
            [
              4.576126539000029,
              51.43233406000007
            ],
            [
              4.584218657000065,
              51.43113511400003
            ],
            [
              4.63827499100006,
              51.423126007000064
            ],
            [
              4.66954411100005,
              51.426384047000056
            ],
            [
              4.667376425000043,
              51.44428039300004
            ],
            [
              4.692894157000069,
              51.45249484200008
            ],
            [
              4.704386120000038,
              51.46647250500007
            ],
            [
              4.715338612000039,
              51.46902993300006
            ],
            [
              4.734006367000063,
              51.48559155400005
            ],
            [
              4.745704665000062,
              51.48944315600005
            ],
            [
              4.750968033000049,
              51.49818987900005
            ],
            [
              4.759925819000046,
              51.50246461300003
            ],
            [
              4.776398430000029,
              51.504713105000064
            ],
            [
              4.785085472000048,
              51.49943929800003
            ],
            [
              4.812860336000028,
              51.495354373000055
            ],
            [
              4.816372987000022,
              51.49085846200006
            ],
            [
              4.822383101000071,
              51.483166
            ],
            [
              4.831995491000043,
              51.48192554800005
            ],
            [
              4.841390519000072,
              51.48071314600003
            ],
            [
              4.837326847000043,
              51.464903064000055
            ],
            [
              4.84131426700003,
              51.45896148800006
            ],
            [
              4.833697580000035,
              51.45620553300006
            ],
            [
              4.833407159000046,
              51.456100449000076
            ],
            [
              4.824699800000076,
              51.44760642800003
            ],
            [
              4.827026980000028,
              51.43048315200008
            ],
            [
              4.828057930000057,
              51.42289746900008
            ],
            [
              4.813327615000048,
              51.42600379100003
            ],
            [
              4.78548554300005,
              51.431875113000046
            ],
            [
              4.769907095000065,
              51.426435954000056
            ],
            [
              4.772964503000026,
              51.41545692700004
            ],
            [
              4.78789421700003,
              51.41000432300007
            ],
            [
              4.815579274000072,
              51.41243651600007
            ],
            [
              4.835521135000022,
              51.414188453000065
            ],
            [
              4.842900611000061,
              51.413305956000045
            ],
            [
              4.846174158000053,
              51.41291447900005
            ],
            [
              4.850039369000058,
              51.413533131000065
            ],
            [
              4.852512973000046,
              51.41392904700007
            ],
            [
              4.854186435000031,
              51.41366510200004
            ],
            [
              4.858392450000053,
              51.41300171200004
            ],
            [
              4.859726470000055,
              51.41139992800004
            ],
            [
              4.867408860000069,
              51.409118973000034
            ],
            [
              4.869729301000064,
              51.41309408300003
            ],
            [
              4.875732613000025,
              51.41435076000005
            ],
            [
              4.883665665000024,
              51.41601139100004
            ],
            [
              4.899937438000052,
              51.41351992700004
            ],
            [
              4.911621080000032,
              51.404248841000026
            ],
            [
              4.916633857000022,
              51.40027115300006
            ],
            [
              4.914105526000071,
              51.39502387700003
            ],
            [
              4.920862953000039,
              51.39368792300007
            ],
            [
              4.927639358000022,
              51.39542462400004
            ],
            [
              4.941809612000043,
              51.405967614000076
            ],
            [
              4.963669268000046,
              51.42223169400006
            ],
            [
              4.990459705000035,
              51.43692422100003
            ],
            [
              5.001429502000065,
              51.44294032500005
            ],
            [
              5.010374136000053,
              51.45825205400007
            ],
            [
              5.009252147000041,
              51.46262640800006
            ],
            [
              5.008305393000057,
              51.46631756200003
            ],
            [
              5.016353434000052,
              51.47555891500008
            ],
            [
              5.022609268000053,
              51.48145804100005
            ],
            [
              5.036698250000029,
              51.48693196500005
            ],
            [
              5.039456545000064,
              51.485584817000074
            ],
            [
              5.039141140000027,
              51.48021323200004
            ],
            [
              5.039047006000033,
              51.47861006200003
            ],
            [
              5.049744013000065,
              51.47112307300006
            ],
            [
              5.06079716000005,
              51.47083785800004
            ],
            [
              5.079385100000025,
              51.47035821500003
            ],
            [
              5.102720321000049,
              51.43370547000006
            ],
            [
              5.102137094000057,
              51.42895604100005
            ],
            [
              5.096069095000075,
              51.42302286700004
            ],
            [
              5.094868940000026,
              51.42164257100006
            ],
            [
              5.093627831000049,
              51.42021458200003
            ],
            [
              5.091770912000072,
              51.41807765400006
            ],
            [
              5.088430656000071,
              51.41423398500007
            ],
            [
              5.084294791000048,
              51.40917536000006
            ],
            [
              5.076795196000035,
              51.40000149600007
            ],
            [
              5.072981970000058,
              51.39563808500003
            ],
            [
              5.071045140000024,
              51.39342085200008
            ],
            [
              5.084907839000039,
              51.38358911900008
            ],
            [
              5.115002737000054,
              51.36224515200007
            ],
            [
              5.131070070000021,
              51.34721966600006
            ],
            [
              5.132513399000061,
              51.333728561000044
            ],
            [
              5.13446456500003,
              51.31549060100008
            ],
            [
              5.162679369000045,
              51.31081328600004
            ],
            [
              5.174322278000034,
              51.31447249400003
            ],
            [
              5.200244843000064,
              51.32261960500006
            ],
            [
              5.241098058000034,
              51.30566287600004
            ],
            [
              5.230605467000032,
              51.27903475000005
            ],
            [
              5.22682465500003,
              51.269439797000075
            ],
            [
              5.237716348000049,
              51.26160036400006
            ],
            [
              5.263516742000036,
              51.26660095900007
            ],
            [
              5.295439695000027,
              51.261790648000044
            ],
            [
              5.336000114000058,
              51.263452037000036
            ],
            [
              5.342270392000046,
              51.26624218400008
            ],
            [
              5.348088639000025,
              51.27524956900004
            ],
            [
              5.417375001000039,
              51.26222604900005
            ],
            [
              5.428662604000067,
              51.27201298600005
            ],
            [
              5.432269617000031,
              51.27514045400005
            ],
            [
              5.436876385000062,
              51.27584146800007
            ],
            [
              5.438299550000067,
              51.27605803100005
            ],
            [
              5.438905729000055,
              51.27678735400008
            ],
            [
              5.443318249000072,
              51.28209626700004
            ],
            [
              5.45353766900007,
              51.28360736800005
            ],
            [
              5.465571274000069,
              51.28538672500008
            ],
            [
              5.478616615000021,
              51.29529678000006
            ],
            [
              5.484878348000052,
              51.30005358300008
            ],
            [
              5.515765233000025,
              51.29532461900004
            ],
            [
              5.520148881000068,
              51.28977637000003
            ],
            [
              5.523077389000036,
              51.28606984700008
            ],
            [
              5.539176901000076,
              51.27603341000008
            ],
            [
              5.556669157000044,
              51.265128735000076
            ],
            [
              5.556271699000035,
              51.25711701700004
            ],
            [
              5.555609869000023,
              51.24377622900005
            ],
            [
              5.560063487000036,
              51.22287434700007
            ],
            [
              5.566283615000032,
              51.220836500000075
            ],
            [
              5.653097358000025,
              51.19702776500003
            ],
            [
              5.651935920000028,
              51.194034110000075
            ],
            [
              5.651352744000064,
              51.19253095000005
            ],
            [
              5.658263781000073,
              51.18475949200007
            ],
            [
              5.688936011000067,
              51.18499722300004
            ],
            [
              5.71004967500005,
              51.18117114200004
            ],
            [
              5.733198930000071,
              51.18656862800003
            ],
            [
              5.745651094000038,
              51.18947197700004
            ],
            [
              5.775388295000027,
              51.17876015100006
            ],
            [
              5.77545064100002,
              51.17094096000005
            ],
            [
              5.774750686000061,
              51.170467304000056
            ],
            [
              5.769853978000071,
              51.16715372900006
            ],
            [
              5.777408441000034,
              51.16373839100004
            ],
            [
              5.778739438000059,
              51.16313665300004
            ],
            [
              5.778222468000024,
              51.16167743200003
            ],
            [
              5.775879082000074,
              51.15506288600005
            ],
            [
              5.778261680000071,
              51.15210815300003
            ],
            [
              5.788210063000065,
              51.155821066000044
            ],
            [
              5.805021088000046,
              51.16209523800006
            ],
            [
              5.813871401000029,
              51.15992862200005
            ],
            [
              5.814504298000031,
              51.15977368400007
            ],
            [
              5.814864628000066,
              51.16008760500006
            ],
            [
              5.821839531000023,
              51.16616417800003
            ],
            [
              5.826551128000062,
              51.16672219800006
            ],
            [
              5.837530919000073,
              51.15695214800007
            ],
            [
              5.838166146000049,
              51.15426108200006
            ],
            [
              5.838426249000065,
              51.15315918400006
            ],
            [
              5.840504422000038,
              51.15203620200003
            ],
            [
              5.854312384000025,
              51.144574798000065
            ],
            [
              5.850472762000038,
              51.14255128500008
            ],
            [
              5.846288430000072,
              51.14034610700003
            ],
            [
              5.845420678000039,
              51.13903632500006
            ],
            [
              5.840648873000021,
              51.131833776000065
            ],
            [
              5.831767511000066,
              51.130015496000055
            ],
            [
              5.824573182000051,
              51.12854260300003
            ],
            [
              5.813638341000058,
              51.12090533700007
            ],
            [
              5.808913518000054,
              51.115812306000066
            ],
            [
              5.809665881000058,
              51.11070002900004
            ],
            [
              5.821131642000068,
              51.10817491900008
            ],
            [
              5.829243939000037,
              51.10638834400004
            ],
            [
              5.833199077000074,
              51.09974892100007
            ],
            [
              5.825479508000058,
              51.09323537400007
            ],
            [
              5.814866453000036,
              51.09456224200005
            ],
            [
              5.806910617000028,
              51.09555689900003
            ],
            [
              5.798231026000053,
              51.09233087900003
            ],
            [
              5.79728558100004,
              51.08754219700006
            ],
            [
              5.800838266000028,
              51.08286225300003
            ],
            [
              5.803992298000026,
              51.07870745400004
            ],
            [
              5.80002500300003,
              51.07556459600005
            ],
            [
              5.797416902000066,
              51.07349848000007
            ],
            [
              5.799129207000021,
              51.067526342000065
            ],
            [
              5.800084344000027,
              51.06419503500007
            ],
            [
              5.798274119000041,
              51.05985338200003
            ],
            [
              5.772983756000031,
              51.06102107300006
            ],
            [
              5.771481721000043,
              51.05414536300003
            ],
            [
              5.770656616000053,
              51.050368365000054
            ],
            [
              5.766635476000033,
              51.04460012700008
            ],
            [
              5.759419879000063,
              51.03424951000005
            ],
            [
              5.761215640000046,
              51.030609422000055
            ],
            [
              5.769014308000067,
              51.02766344400004
            ],
            [
              5.774233817000038,
              51.025691753000046
            ],
            [
              5.773411483000075,
              51.018817596000076
            ],
            [
              5.766074106000076,
              51.008594294000034
            ],
            [
              5.765072018000069,
              50.99722077800004
            ],
            [
              5.748910982000041,
              50.98248295800005
            ],
            [
              5.745662737000032,
              50.98127095000007
            ],
            [
              5.738007233000076,
              50.97841447600007
            ],
            [
              5.72109623800003,
              50.961649856000065
            ],
            [
              5.722445042000061,
              50.95790987600003
            ],
            [
              5.728954790000046,
              50.955545794000045
            ],
            [
              5.738547800000049,
              50.95862581700004
            ],
            [
              5.745614197000066,
              50.96089462100008
            ],
            [
              5.753896867000037,
              50.958323146000055
            ],
            [
              5.757608016000063,
              50.95172198200004
            ],
            [
              5.749882454000044,
              50.94646466300003
            ],
            [
              5.745539220000069,
              50.943509050000046
            ],
            [
              5.728361023000048,
              50.92512673500005
            ],
            [
              5.725549551000029,
              50.916257975000065
            ],
            [
              5.723732659000063,
              50.910526608000055
            ],
            [
              5.715379520000056,
              50.90850891200006
            ],
            [
              5.709965837000027,
              50.910501553000074
            ],
            [
              5.707244655000068,
              50.91150315200008
            ],
            [
              5.699221677000025,
              50.90985957300006
            ],
            [
              5.696616650000067,
              50.90269316300004
            ],
            [
              5.694290815000045,
              50.89629480800005
            ],
            [
              5.68779117400004,
              50.89163836700004
            ],
            [
              5.682338654000034,
              50.88773209900006
            ],
            [
              5.680642223000063,
              50.884408965000034
            ],
            [
              5.679131849000044,
              50.88145029900005
            ],
            [
              5.67446807500005,
              50.88124371600003
            ],
            [
              5.668625071000065,
              50.880984898000065
            ],
            [
              5.645754966000027,
              50.87208110500006
            ],
            [
              5.648137919000021,
              50.86831515100005
            ],
            [
              5.645963781000034,
              50.86663065400006
            ],
            [
              5.644531236000034,
              50.86552073400003
            ],
            [
              5.642348810000044,
              50.86382981600008
            ],
            [
              5.639799555000025,
              50.84703154600004
            ],
            [
              5.64512425700002,
              50.837104915000054
            ],
            [
              5.649506083000063,
              50.83154054000005
            ],
            [
              5.65485999200007,
              50.824741739000046
            ],
            [
              5.655059165000068,
              50.82352668100003
            ],
            [
              5.655683399000054,
              50.81971852500004
            ],
            [
              5.687622129000033,
              50.81192397800004
            ],
            [
              5.693788718000064,
              50.80972401500003
            ],
            [
              5.693544491000068,
              50.80011536300003
            ],
            [
              5.69397600800005,
              50.79663602800008
            ],
            [
              5.694594814000027,
              50.79414395500004
            ],
            [
              5.697676860000058,
              50.78704836500003
            ],
            [
              5.698585342000058,
              50.78374488800006
            ],
            [
              5.698803597000051,
              50.78113307600006
            ],
            [
              5.698540392000041,
              50.778671442000075
            ],
            [
              5.697649890000037,
              50.775966494000045
            ],
            [
              5.695371943000055,
              50.772714034000046
            ],
            [
              5.692645998000046,
              50.76991556200005
            ],
            [
              5.690336087000048,
              50.76768456100007
            ],
            [
              5.686408103000076,
              50.76462548400008
            ],
            [
              5.685060999000029,
              50.763576372000045
            ],
            [
              5.682367018000036,
              50.76007093800007
            ],
            [
              5.682000429000027,
              50.75744643000007
            ],
            [
              5.696972476000042,
              50.755634429000054
            ],
            [
              5.720391327000073,
              50.76311836900004
            ],
            [
              5.730613413000071,
              50.75772861300004
            ],
            [
              5.738102995000077,
              50.757548487000065
            ],
            [
              5.746210720000022,
              50.76963031100007
            ],
            [
              5.765056306000076,
              50.781874378000055
            ],
            [
              5.771372547000055,
              50.78301767100004
            ],
            [
              5.776582520000034,
              50.78144356900003
            ],
            [
              5.784332200000051,
              50.76855900400005
            ],
            [
              5.793819054000039,
              50.769184358000075
            ],
            [
              5.808849452000061,
              50.75628551400007
            ],
            [
              5.830421998000077,
              50.75877718000004
            ],
            [
              5.844916845000057,
              50.76538490400003
            ],
            [
              5.849429458000031,
              50.75466896200004
            ],
            [
              5.862913774000049,
              50.76312286900003
            ],
            [
              5.885941317000061,
              50.76936443400007
            ],
            [
              5.892072996000024,
              50.75523758400004
            ],
            [
              5.901031698000054,
              50.752160581000055
            ],
            [
              5.913142078000021,
              50.75527418300004
            ],
            [
              5.918461993000051,
              50.75091105300004
            ],
            [
              5.936111141000026,
              50.756801891000066
            ],
            [
              5.959681167000042,
              50.76197552000008
            ],
            [
              5.971311266000043,
              50.75977706700007
            ],
            [
              5.975517545000059,
              50.755226709000056
            ],
            [
              5.982813467000028,
              50.75315556000004
            ],
            [
              6.02111111,
              50.75416667
            ],
            [
              6.039646357000038,
              50.74501864000007
            ],
            [
              6.039496290000045,
              50.73808770000005
            ],
            [
              6.03754826100004,
              50.73518833400004
            ],
            [
              6.034046935000049,
              50.729977104000056
            ],
            [
              6.03760972200007,
              50.72015266600005
            ],
            [
              6.041566229000068,
              50.71998137400004
            ],
            [
              6.043281085000046,
              50.72332637900007
            ],
            [
              6.045508330000075,
              50.72767085300006
            ],
            [
              6.059505351000041,
              50.72403340900007
            ],
            [
              6.070196911000039,
              50.72184834600006
            ],
            [
              6.073943427000074,
              50.721082661000025
            ],
            [
              6.08185852400004,
              50.72120797000008
            ],
            [
              6.115459986000076,
              50.72173993900003
            ],
            [
              6.123536857000033,
              50.712134881000054
            ],
            [
              6.123869748000061,
              50.710113868000064
            ],
            [
              6.124498624000069,
              50.706295898000064
            ],
            [
              6.142487639000024,
              50.68921278100004
            ],
            [
              6.145310026000061,
              50.68081244900003
            ],
            [
              6.15939922900003,
              50.67242606100007
            ],
            [
              6.161074812000038,
              50.67142869500003
            ],
            [
              6.16446271600006,
              50.667054980000046
            ],
            [
              6.171834617000059,
              50.65753800600004
            ],
            [
              6.175991729000032,
              50.654825609000056
            ],
            [
              6.183924450000063,
              50.649649734000036
            ],
            [
              6.194652939000036,
              50.65731669200005
            ],
            [
              6.193239971000025,
              50.66407763500007
            ],
            [
              6.196042874000057,
              50.65949769200006
            ],
            [
              6.194727846000035,
              50.65578515200008
            ],
            [
              6.180869066000071,
              50.64561078400004
            ],
            [
              6.174635624000075,
              50.64439856700005
            ],
            [
              6.169253601000037,
              50.64335192600004
            ],
            [
              6.177036655000052,
              50.63669407500004
            ],
            [
              6.182057058000055,
              50.63239947500006
            ],
            [
              6.181460784000024,
              50.63166768600007
            ],
            [
              6.176888167000072,
              50.626055852000036
            ],
            [
              6.183512911000037,
              50.624753174000034
            ],
            [
              6.187906890000022,
              50.62801666300004
            ],
            [
              6.19489147400003,
              50.633204241000044
            ],
            [
              6.217282573000034,
              50.63188039100004
            ],
            [
              6.234283864000076,
              50.62630712300006
            ],
            [
              6.235452663000046,
              50.625923974000045
            ],
            [
              6.238866174000066,
              50.62613821100007
            ],
            [
              6.251808832000052,
              50.62695051000003
            ],
            [
              6.261820539000041,
              50.62820085800007
            ],
            [
              6.268511766000074,
              50.62542629100005
            ],
            [
              6.268388539000057,
              50.61892981200003
            ],
            [
              6.261715729000059,
              50.61161446500006
            ],
            [
              6.250849663000054,
              50.60526080200003
            ],
            [
              6.249047965000045,
              50.60420730300007
            ],
            [
              6.248920115000033,
              50.602545795000026
            ],
            [
              6.248511032000067,
              50.597229465000055
            ],
            [
              6.241068141000028,
              50.58827215500003
            ],
            [
              6.236313879000022,
              50.58881992200003
            ],
            [
              6.226030132000062,
              50.59000477300003
            ],
            [
              6.209717311000077,
              50.57596012100004
            ],
            [
              6.201646140000037,
              50.569011182000054
            ],
            [
              6.189312373000064,
              50.56609405700004
            ],
            [
              6.175597799000059,
              50.557284450000054
            ],
            [
              6.178940918000023,
              50.54217384100008
            ],
            [
              6.19751115400004,
              50.53532578100004
            ],
            [
              6.188392662000069,
              50.52741850700005
            ],
            [
              6.192200636000052,
              50.521055484000044
            ],
            [
              6.207709676000036,
              50.51861400900003
            ],
            [
              6.22592048000007,
              50.49627656800004
            ],
            [
              6.248204646000033,
              50.50178205200007
            ],
            [
              6.261060401000066,
              50.500168992000056
            ],
            [
              6.271811462000073,
              50.50329771300005
            ],
            [
              6.285005628000022,
              50.498964992000026
            ],
            [
              6.297331238000027,
              50.49792939000008
            ],
            [
              6.308205853000061,
              50.500478230000056
            ],
            [
              6.315555889000052,
              50.49704261100004
            ],
            [
              6.336053953000032,
              50.48928316100006
            ],
            [
              6.33908161200003,
              50.489032148000035
            ],
            [
              6.347446769000044,
              50.488338620000036
            ],
            [
              6.343315071000063,
              50.48219817200004
            ],
            [
              6.338264422000066,
              50.474691998000026
            ],
            [
              6.342790702000059,
              50.469392809000055
            ],
            [
              6.342995840000071,
              50.46915264200004
            ],
            [
              6.342708956000024,
              50.467396507000046
            ],
            [
              6.341799409000032,
              50.46182880300006
            ],
            [
              6.350982535000071,
              50.457027036000056
            ],
            [
              6.358165266000071,
              50.45627499700004
            ],
            [
              6.371515832000057,
              50.45487717900005
            ],
            [
              6.374398998000061,
              50.45160571800005
            ],
            [
              6.377210797000032,
              50.43775511300004
            ],
            [
              6.369046644000036,
              50.42235742200006
            ],
            [
              6.367413288000023,
              50.41927689200003
            ],
            [
              6.367993708000029,
              50.41520744600007
            ],
            [
              6.368986797000048,
              50.40824469700004
            ],
            [
              6.355923682000025,
              50.390974895000056
            ],
            [
              6.354194593000045,
              50.38950471100003
            ],
            [
              6.352530414000057,
              50.38808971700007
            ],
            [
              6.343347717000029,
              50.38028198900008
            ],
            [
              6.359422364000068,
              50.371589716000074
            ],
            [
              6.360758360000034,
              50.37086728400004
            ],
            [
              6.361182720000045,
              50.37032222100004
            ],
            [
              6.369813724000039,
              50.35923625400005
            ],
            [
              6.390426423000065,
              50.34926611000003
            ],
            [
              6.397283471000037,
              50.34594942900003
            ],
            [
              6.398603513000069,
              50.343378425000026
            ],
            [
              6.400822025000025,
              50.33905750000008
            ],
            [
              6.401257333000046,
              50.33878075500007
            ],
            [
              6.407086889000027,
              50.33507464100006
            ],
            [
              6.405028615000049,
              50.32330853700006
            ],
            [
              6.383371822000072,
              50.32146964000003
            ],
            [
              6.376180698000042,
              50.31560320600005
            ],
            [
              6.373794907000047,
              50.31365690600006
            ],
            [
              6.369360191000055,
              50.313781436000056
            ],
            [
              6.361257016000025,
              50.31400898000004
            ],
            [
              6.36029196800007,
              50.31135929700008
            ],
            [
              6.359092841000063,
              50.308066917000076
            ],
            [
              6.355863216000046,
              50.30938654600004
            ],
            [
              6.349129884000035,
              50.31226401600003
            ],
            [
              6.335347326000033,
              50.318153953000035
            ],
            [
              6.328529889000038,
              50.324069845000054
            ],
            [
              6.318549375000032,
              50.319824674000074
            ],
            [
              6.317932604000021,
              50.31983240100004
            ],
            [
              6.312837494000064,
              50.319896232000076
            ],
            [
              6.307292492000045,
              50.31996569900008
            ],
            [
              6.308187466000049,
              50.314807520000045
            ],
            [
              6.308785477000072,
              50.31136088900007
            ],
            [
              6.30400910000003,
              50.31023496700004
            ],
            [
              6.297431673000062,
              50.30868448800004
            ],
            [
              6.29682893100005,
              50.302377421000074
            ],
            [
              6.296698421000031,
              50.301011766000045
            ],
            [
              6.293210765000026,
              50.29841791700005
            ],
            [
              6.287061359000063,
              50.293844464000074
            ],
            [
              6.28611789100006,
              50.28452426300004
            ],
            [
              6.286941622000029,
              50.28373873800007
            ],
            [
              6.292090188000032,
              50.27882897000006
            ],
            [
              6.278267679000066,
              50.266730953000035
            ],
            [
              6.276985116000048,
              50.266133953000065
            ],
            [
              6.259105905000069,
              50.26687805900008
            ],
            [
              6.257338663000041,
              50.266951609000046
            ],
            [
              6.247775498000067,
              50.264328705000025
            ],
            [
              6.227225883000074,
              50.258692531000065
            ],
            [
              6.223981019000064,
              50.258661559000075
            ],
            [
              6.222829809000075,
              50.25724862000004
            ],
            [
              6.207397940000021,
              50.252272909000055
            ],
            [
              6.199755201000073,
              50.24176599300006
            ],
            [
              6.197033207000061,
              50.23802391000004
            ],
            [
              6.190471352000031,
              50.237403904000075
            ],
            [
              6.179594069000075,
              50.23637614900008
            ],
            [
              6.173622720000026,
              50.23191520600005
            ],
            [
              6.174603507000029,
              50.22818283400005
            ],
            [
              6.174930923000034,
              50.226936855000076
            ],
            [
              6.173483938000061,
              50.22556754000004
            ],
            [
              6.168446329000062,
              50.220800334000046
            ],
            [
              6.172394128000064,
              50.21863990500003
            ],
            [
              6.177765934000035,
              50.215700189000074
            ],
            [
              6.184303975000034,
              50.20725758900005
            ],
            [
              6.185551044000022,
              50.19291669300003
            ],
            [
              6.192752018000022,
              50.181873996000036
            ],
            [
              6.184315113000025,
              50.17858342800008
            ],
            [
              6.172408738000058,
              50.17862194800006
            ],
            [
              6.164821541000038,
              50.178646495000066
            ],
            [
              6.162788428000056,
              50.17639359000003
            ],
            [
              6.161191888000076,
              50.174624453000035
            ],
            [
              6.157365083000059,
              50.172070087000066
            ],
            [
              6.152628114000038,
              50.174040149000064
            ],
            [
              6.146538029000055,
              50.176572960000044
            ],
            [
              6.146369112000059,
              50.17259037300005
            ],
            [
              6.146289420000073,
              50.17071144300007
            ],
            [
              6.143562785000029,
              50.16941470100005
            ],
            [
              6.140671566000037,
              50.16803968500005
            ],
            [
              6.142082132000041,
              50.16578683300003
            ],
            [
              6.14620347400006,
              50.15920453000007
            ],
            [
              6.138179695000076,
              50.15622515600006
            ],
            [
              6.133439619000058,
              50.15446508100007
            ],
            [
              6.140903446000038,
              50.14890255600005
            ],
            [
              6.144063731000074,
              50.14921623300006
            ],
            [
              6.152871713000025,
              50.15009047600006
            ],
            [
              6.153132812000024,
              50.14033051800004
            ],
            [
              6.144569423000064,
              50.13668374400004
            ],
            [
              6.13976499000006,
              50.13463774600007
            ],
            [
              6.138362973000028,
              50.131322115000046
            ],
            [
              6.13777778,
              50.13
            ],
            [
              6.128407131000074,
              50.11718512900006
            ],
            [
              6.132849682000028,
              50.11370710700004
            ],
            [
              6.133802464000041,
              50.112961185000074
            ],
            [
              6.131854825000062,
              50.10838182700007
            ],
            [
              6.134398346000069,
              50.10398861300007
            ],
            [
              6.129276184000048,
              50.10164510300007
            ],
            [
              6.126520052000046,
              50.10038410700008
            ],
            [
              6.128091702000063,
              50.09764699600004
            ],
            [
              6.130591667000033,
              50.09329317500004
            ],
            [
              6.126554914000053,
              50.09245971400003
            ],
            [
              6.120632494000063,
              50.091236922000064
            ],
            [
              6.121198097000047,
              50.08143282200007
            ],
            [
              6.117300476000025,
              50.07509414500004
            ],
            [
              6.119905646000063,
              50.07296873000007
            ],
            [
              6.120932754000023,
              50.073482643000034
            ],
            [
              6.125548088000073,
              50.07579192400004
            ],
            [
              6.127898333000076,
              50.07286138900008
            ],
            [
              6.119829591000041,
              50.06558297600003
            ],
            [
              6.118498645000045,
              50.06526653900005
            ],
            [
              6.113851444000034,
              50.06416164900003
            ],
            [
              6.113128063000033,
              50.05978443500004
            ],
            [
              6.116835600000059,
              50.05671084200003
            ],
            [
              6.119586551000054,
              50.05790505700003
            ],
            [
              6.122698028000059,
              50.05925577900007
            ],
            [
              6.122481686000071,
              50.053741391000074
            ],
            [
              6.133468459000028,
              50.04191802200006
            ],
            [
              6.132476461000067,
              50.03774695000004
            ],
            [
              6.13062151400004,
              50.029947425000046
            ],
            [
              6.140336382000044,
              50.02545507600007
            ],
            [
              6.145436546000042,
              50.02309665800004
            ],
            [
              6.142430294000064,
              50.020505667000066
            ],
            [
              6.136217786000032,
              50.01515130900003
            ],
            [
              6.132677898000054,
              50.02018710700003
            ],
            [
              6.128348222000056,
              50.01863186400004
            ],
            [
              6.132894497000052,
              50.01494362500006
            ],
            [
              6.135533033000058,
              50.015108516000055
            ],
            [
              6.135895285000061,
              50.01480697800008
            ],
            [
              6.137515423000025,
              50.01172397500005
            ],
            [
              6.144130737000069,
              50.00961998000008
            ],
            [
              6.147107361000053,
              50.00867326700006
            ],
            [
              6.145563229000061,
              50.00436991300006
            ],
            [
              6.145136582000021,
              50.00318088600005
            ],
            [
              6.14293849400002,
              49.99705501600005
            ],
            [
              6.153522484000064,
              49.989421366000045
            ],
            [
              6.15927040300005,
              49.987940656000035
            ],
            [
              6.167516889000069,
              49.98581629600005
            ],
            [
              6.168425282000044,
              49.980691344000036
            ],
            [
              6.167507804000024,
              49.97906832900003
            ],
            [
              6.166236235000042,
              49.97681892700007
            ],
            [
              6.166425408000066,
              49.96850972900006
            ],
            [
              6.174564282000063,
              49.96234458100008
            ],
            [
              6.175964333000024,
              49.961284051000064
            ],
            [
              6.177060579000056,
              49.95822694600008
            ],
            [
              6.17843562500002,
              49.95439235200007
            ],
            [
              6.184150232000036,
              49.954293162000056
            ],
            [
              6.186195453000039,
              49.95636088100008
            ],
            [
              6.184023601000035,
              49.962133605000076
            ],
            [
              6.182917062000058,
              49.96507475400006
            ],
            [
              6.191297629000076,
              49.96786782500004
            ],
            [
              6.194990730000029,
              49.95662423600004
            ],
            [
              6.197729315000061,
              49.948286659000075
            ],
            [
              6.201093230000026,
              49.95156098600006
            ],
            [
              6.204656177000061,
              49.95502904500006
            ],
            [
              6.212804025000025,
              49.950449879000075
            ],
            [
              6.223907602000054,
              49.949939484000026
            ],
            [
              6.218848523000077,
              49.944495998000036
            ],
            [
              6.226067497000031,
              49.93718138700007
            ],
            [
              6.22616756900004,
              49.92938907000007
            ],
            [
              6.221596716000022,
              49.92572336000006
            ],
            [
              6.218166036000071,
              49.92297204100004
            ],
            [
              6.222997923000037,
              49.921927338000046
            ],
            [
              6.228916412000046,
              49.920647700000075
            ],
            [
              6.23382398800004,
              49.91418847700004
            ],
            [
              6.229972021000037,
              49.910880716000065
            ],
            [
              6.229292947000033,
              49.910297581000066
            ],
            [
              6.235510598000076,
              49.899188339000034
            ],
            [
              6.241225426000028,
              49.89706636900007
            ],
            [
              6.245090861000051,
              49.895631097000035
            ],
            [
              6.250995611000064,
              49.89056180000006
            ],
            [
              6.25911364500007,
              49.883592374000045
            ],
            [
              6.273595629000056,
              49.87759902600004
            ],
            [
              6.276460991000022,
              49.87767119800003
            ],
            [
              6.282961588000035,
              49.87783493200004
            ],
            [
              6.290993851000053,
              49.87385789700005
            ],
            [
              6.291978012000072,
              49.872700638000026
            ],
            [
              6.29682262700004,
              49.86700393400008
            ],
            [
              6.305325452000034,
              49.86842505900006
            ],
            [
              6.310746349000055,
              49.869331084000066
            ],
            [
              6.314284883000028,
              49.86027507500006
            ],
            [
              6.314476599000045,
              49.859784424000054
            ],
            [
              6.314633569000023,
              49.85963546700003
            ],
            [
              6.321323925000058,
              49.85328664600007
            ],
            [
              6.321015674000023,
              49.84792854700004
            ],
            [
              6.320597994000025,
              49.84066831900003
            ],
            [
              6.329786441000067,
              49.83624337700007
            ],
            [
              6.336915904000023,
              49.83984759200007
            ],
            [
              6.338864249000039,
              49.84331515000008
            ],
            [
              6.341786287000048,
              49.848515631000055
            ],
            [
              6.362381321000043,
              49.85064457200008
            ],
            [
              6.384637568000073,
              49.83278961000008
            ],
            [
              6.391355938000061,
              49.82817215400007
            ],
            [
              6.394043640000064,
              49.826027887000066
            ],
            [
              6.40115779000007,
              49.820352170000035
            ],
            [
              6.413379874000043,
              49.81791079700008
            ],
            [
              6.423884144000056,
              49.81581256000004
            ],
            [
              6.42651513900006,
              49.81381726700005
            ],
            [
              6.429646156000047,
              49.81144276800006
            ],
            [
              6.440083195000057,
              49.81366667900005
            ],
            [
              6.451925057000039,
              49.81142395200004
            ],
            [
              6.453641634000064,
              49.81135337000006
            ],
            [
              6.464425493000022,
              49.81907791400005
            ],
            [
              6.467010511000069,
              49.82092957800006
            ],
            [
              6.474962738000045,
              49.82127507800004
            ],
            [
              6.487132159000055,
              49.812795720000054
            ],
            [
              6.503812800000048,
              49.80972962900006
            ],
            [
              6.511162696000042,
              49.802898956000035
            ],
            [
              6.517211711000073,
              49.80879637600003
            ],
            [
              6.520926083000063,
              49.81241766100004
            ],
            [
              6.529003727000031,
              49.809142664000035
            ],
            [
              6.529773258000034,
              49.80521065800008
            ],
            [
              6.52347809500003,
              49.799176644000056
            ],
            [
              6.514544753000052,
              49.794283207000035
            ],
            [
              6.506877776000067,
              49.790083450000054
            ],
            [
              6.510964681000075,
              49.786710249000066
            ],
            [
              6.51578640300005,
              49.78273055400007
            ],
            [
              6.512805611000033,
              49.778079277000074
            ],
            [
              6.510594563000041,
              49.77462912100003
            ],
            [
              6.514285700000073,
              49.771140066000044
            ],
            [
              6.516972334000059,
              49.768600519000074
            ],
            [
              6.518619811000065,
              49.762449564000065
            ],
            [
              6.509528097000043,
              49.757085148000044
            ],
            [
              6.50124969500007,
              49.75220061300007
            ],
            [
              6.501972767000041,
              49.73318223200005
            ],
            [
              6.502796167000042,
              49.73263952000008
            ],
            [
              6.515835460000062,
              49.72404518700006
            ],
            [
              6.511467440000047,
              49.72183971900006
            ],
            [
              6.503054687000031,
              49.725926051000044
            ],
            [
              6.502164119000042,
              49.72635862700008
            ],
            [
              6.497266598000067,
              49.72528328400006
            ],
            [
              6.50338488500006,
              49.71735116900004
            ],
            [
              6.50701831300006,
              49.712640574000034
            ],
            [
              6.498782858000027,
              49.71042180300003
            ],
            [
              6.496882006000021,
              49.709909681000056
            ],
            [
              6.490877281000053,
              49.70529629500004
            ],
            [
              6.479330344000061,
              49.696424868000065
            ],
            [
              6.475841790000061,
              49.69554817300008
            ],
            [
              6.461464267000053,
              49.69193501400008
            ],
            [
              6.449794945000065,
              49.680668135000076
            ],
            [
              6.426083718000029,
              49.663741747000074
            ],
            [
              6.431822587000056,
              49.66046344500006
            ],
            [
              6.433276016000036,
              49.660166900000036
            ],
            [
              6.438564805000055,
              49.65908782200006
            ],
            [
              6.440153578000036,
              49.65475330000004
            ],
            [
              6.422795703000077,
              49.62229507600006
            ],
            [
              6.401288608000073,
              49.60407358200007
            ],
            [
              6.396642796000037,
              49.60212318200007
            ],
            [
              6.392384286000038,
              49.60033537800007
            ],
            [
              6.383749129000023,
              49.59846826000006
            ],
            [
              6.374093585000026,
              49.58994897300005
            ],
            [
              6.376656739000055,
              49.58546752900003
            ],
            [
              6.380836745000067,
              49.578159165000045
            ],
            [
              6.368010101000039,
              49.57826173500007
            ],
            [
              6.367112132000045,
              49.57826891600007
            ],
            [
              6.358385967000061,
              49.57217540500005
            ],
            [
              6.367854604000058,
              49.56655106900007
            ],
            [
              6.375674513000035,
              49.561906072000056
            ],
            [
              6.381213950000074,
              49.55704037600003
            ],
            [
              6.380052606000049,
              49.551105033000056
            ],
            [
              6.361043910000035,
              49.53636792700007
            ],
            [
              6.357462942000041,
              49.52941271700007
            ],
            [
              6.367371750000075,
              49.50199093900005
            ],
            [
              6.36722222,
              49.46944444
            ],
            [
              6.366799959000048,
              49.465996063000034
            ],
            [
              6.368847165000034,
              49.45985386500007
            ],
            [
              6.364389161000076,
              49.45952209500007
            ],
            [
              6.358193105000055,
              49.46367651800006
            ],
            [
              6.358001081000054,
              49.46380524700004
            ],
            [
              6.355258893000041,
              49.465643562000025
            ],
            [
              6.353130778000036,
              49.467024665000054
            ],
            [
              6.350817870000071,
              49.466653345000054
            ],
            [
              6.347103034000042,
              49.466057085000045
            ],
            [
              6.342481713000041,
              49.46912367200008
            ],
            [
              6.337044018000029,
              49.467772111000045
            ],
            [
              6.336111852000045,
              49.467540418000056
            ],
            [
              6.333768977000034,
              49.46692307200004
            ],
            [
              6.328402359000052,
              49.47098854800004
            ],
            [
              6.320531860000074,
              49.47695083600007
            ],
            [
              6.313665951000075,
              49.478146080000045
            ],
            [
              6.297434607000071,
              49.48097169500005
            ],
            [
              6.298189081000032,
              49.485663258000045
            ],
            [
              6.298484233000067,
              49.487498610000046
            ],
            [
              6.295386990000054,
              49.487024244000054
            ],
            [
              6.289211632000047,
              49.48607844300005
            ],
            [
              6.285643967000055,
              49.48944093700004
            ],
            [
              6.287019440000051,
              49.491088397000055
            ],
            [
              6.288462779000042,
              49.49281714300008
            ],
            [
              6.286296681000067,
              49.49379544100003
            ],
            [
              6.283828447000076,
              49.493064883000045
            ],
            [
              6.280810948000067,
              49.49410388600006
            ],
            [
              6.280561109000075,
              49.49418991200008
            ],
            [
              6.280549353000026,
              49.49423094400004
            ],
            [
              6.277994171000046,
              49.503149532000066
            ],
            [
              6.26421530500005,
              49.50450293400007
            ],
            [
              6.254997292000041,
              49.50961449600004
            ],
            [
              6.249217946000044,
              49.509448733000056
            ],
            [
              6.246968584000058,
              49.50938421700005
            ],
            [
              6.243535519000034,
              49.51176069200005
            ],
            [
              6.240045965000036,
              49.514176270000064
            ],
            [
              6.238780933000044,
              49.51247611100007
            ],
            [
              6.238046670000074,
              49.51145568100003
            ],
            [
              6.235630963000062,
              49.508098490000066
            ],
            [
              6.225661545000037,
              49.50976402400005
            ],
            [
              6.217947357000071,
              49.509209156000054
            ],
            [
              6.216725151000048,
              49.50684340600003
            ],
            [
              6.179625230000056,
              49.50709539800005
            ],
            [
              6.177229329000056,
              49.508076112000026
            ],
            [
              6.174487584000076,
              49.50919839100004
            ],
            [
              6.156240983000032,
              49.50354017400008
            ],
            [
              6.155069984000022,
              49.500185473000045
            ],
            [
              6.158666761000063,
              49.49601766200004
            ],
            [
              6.160951527000066,
              49.49337016000004
            ],
            [
              6.144599983000035,
              49.48777385200003
            ],
            [
              6.141084923000051,
              49.48646146900006
            ],
            [
              6.141738494000037,
              49.49087690300007
            ],
            [
              6.141850065000028,
              49.491630661000045
            ],
            [
              6.138618466000025,
              49.49102671400004
            ],
            [
              6.133092380000051,
              49.489993955000045
            ],
            [
              6.131110127000056,
              49.49138723300007
            ],
            [
              6.127876060000062,
              49.49366038200003
            ],
            [
              6.126072153000052,
              49.48730559400008
            ],
            [
              6.122152413000038,
              49.47349716900004
            ],
            [
              6.112697279000031,
              49.47205287300005
            ],
            [
              6.104574212000045,
              49.47081205300003
            ],
            [
              6.09954091700007,
              49.46624347800008
            ],
            [
              6.100328205000039,
              49.457947166000054
            ],
            [
              6.100806064000039,
              49.452911560000075
            ],
            [
              6.086452551000036,
              49.45568287900005
            ],
            [
              6.083252658000049,
              49.45871205100008
            ],
            [
              6.078412894000053,
              49.46329360300007
            ],
            [
              6.071014894000029,
              49.46509022400005
            ],
            [
              6.056966906000071,
              49.46551580000005
            ],
            [
              6.049810216000026,
              49.45973148100006
            ],
            [
              6.047565544000065,
              49.456250047000026
            ],
            [
              6.042141811000022,
              49.44783796400003
            ],
            [
              6.032897171000059,
              49.44936763100003
            ],
            [
              6.02756047400004,
              49.44956626700008
            ],
            [
              6.027436549000072,
              49.45020224900003
            ],
            [
              6.026500261000024,
              49.45500726000006
            ],
            [
              6.01082602200006,
              49.45268000900006
            ],
            [
              6.008627469000032,
              49.452353576000064
            ],
            [
              6.006213547000073,
              49.45336804300007
            ],
            [
              5.999183248000065,
              49.45632257300008
            ],
            [
              5.994982761000074,
              49.45504331700005
            ],
            [
              5.982033176000073,
              49.45109952900003
            ],
            [
              5.979964302000042,
              49.45486123300003
            ],
            [
              5.986080208000033,
              49.45753527000005
            ],
            [
              5.986332669000035,
              49.45931837900008
            ],
            [
              5.986802830000045,
              49.46263908100008
            ],
            [
              5.982729181000025,
              49.46234594600003
            ],
            [
              5.978555081000025,
              49.46204558200003
            ],
            [
              5.97315849000006,
              49.46703092800004
            ],
            [
              5.971470142000044,
              49.47489819300006
            ],
            [
              5.972737448000032,
              49.47732607100005
            ],
            [
              5.974196150000068,
              49.480120621000026
            ],
            [
              5.970933517000049,
              49.48460285500005
            ],
            [
              5.969813720000047,
              49.48614124200003
            ],
            [
              5.970342419000076,
              49.48698725400004
            ],
            [
              5.97237132500004,
              49.490233860000046
            ],
            [
              5.960824704000061,
              49.49234796500008
            ],
            [
              5.955325108000068,
              49.49335490200008
            ],
            [
              5.947240597000075,
              49.49745923300003
            ],
            [
              5.941056100000026,
              49.50059896800008
            ],
            [
              5.936189054000067,
              49.499984633000054
            ],
            [
              5.918461993000051,
              49.50064122500004
            ],
            [
              5.911178952000057,
              49.50190538800007
            ],
            [
              5.906453879000026,
              49.50034207700003
            ],
            [
              5.893386024000051,
              49.496944631000076
            ],
            [
              5.86610502800005,
              49.500089125000045
            ],
            [
              5.836016819000065,
              49.51998159400006
            ],
            [
              5.835646798000028,
              49.52625029400008
            ],
            [
              5.838851695000074,
              49.52724321000005
            ],
            [
              5.846243858000037,
              49.529533392000076
            ],
            [
              5.835627794000061,
              49.541676109000036
            ],
            [
              5.823080298000036,
              49.53851546700008
            ],
            [
              5.817180929000074,
              49.537029450000034
            ],
            [
              5.810562846000039,
              49.54343354200006
            ],
            [
              5.81522811800005,
              49.54496735300006
            ],
            [
              5.81861111,
              49.54638889
            ],
            [
              5.793622976000051,
              49.55146867900004
            ],
            [
              5.770756344000063,
              49.56294199600006
            ],
            [
              5.75909682200006,
              49.56015191600005
            ],
            [
              5.757128232000071,
              49.54258738200008
            ],
            [
              5.740339077000044,
              49.53905645400005
            ],
            [
              5.734526862000052,
              49.545770762000075
            ],
            [
              5.718450369000038,
              49.539687625000056
            ],
            [
              5.701238868000075,
              49.53955099900003
            ],
            [
              5.697497523000038,
              49.54177322500004
            ],
            [
              5.690792628000054,
              49.545755694000036
            ],
            [
              5.669207766000056,
              49.54853806600005
            ],
            [
              5.660886468000058,
              49.55301108700007
            ],
            [
              5.644523609000032,
              49.55030318100006
            ],
            [
              5.635442607000073,
              49.544883421000065
            ],
            [
              5.632778094000059,
              49.53958891900004
            ],
            [
              5.624011997000025,
              49.53374735800003
            ],
            [
              5.622631911000042,
              49.53282769500004
            ],
            [
              5.617758498000057,
              49.52958014500007
            ],
            [
              5.619015639000054,
              49.52560689400008
            ],
            [
              5.620673851000049,
              49.52036603600004
            ],
            [
              5.617399828000032,
              49.51437764000008
            ],
            [
              5.610967038000069,
              49.50595445000005
            ],
            [
              5.607082891000061,
              49.50701496800008
            ],
            [
              5.602408645000025,
              49.512158989000056
            ],
            [
              5.594353043000069,
              49.521024202000035
            ],
            [
              5.570013818000064,
              49.527623394000045
            ],
            [
              5.552526573000023,
              49.52771261500004
            ],
            [
              5.546543954000072,
              49.52407019100008
            ],
            [
              5.545918048000033,
              49.52298764100004
            ],
            [
              5.542252695000059,
              49.51664814900005
            ],
            [
              5.533421944000054,
              49.51343888300005
            ],
            [
              5.532675281000024,
              49.51310358500007
            ],
            [
              5.531161864000069,
              49.51242122900004
            ],
            [
              5.503066386000057,
              49.507054794000055
            ],
            [
              5.499509690000025,
              49.50706168200003
            ],
            [
              5.485227900000041,
              49.50708933900006
            ],
            [
              5.470883033000064,
              49.49723787000005
            ],
            [
              5.464988895000033,
              49.500304131000064
            ],
            [
              5.464603946000068,
              49.50363894000003
            ],
            [
              5.46397593100005,
              49.509079437000025
            ],
            [
              5.454262013000061,
              49.51418178600005
            ],
            [
              5.447172106000039,
              49.51790584200006
            ],
            [
              5.455433025000048,
              49.52170507900007
            ],
            [
              5.46570409800006,
              49.52642879500007
            ],
            [
              5.464926582000032,
              49.53663540600007
            ],
            [
              5.450797859000033,
              49.54524922400003
            ],
            [
              5.44252481500007,
              49.550293028000056
            ],
            [
              5.441328156000054,
              49.55216586800003
            ],
            [
              5.447073493000062,
              49.55471590600007
            ],
            [
              5.449259600000062,
              49.55741594500006
            ],
            [
              5.456757863000064,
              49.566676974000075
            ],
            [
              5.446780835000027,
              49.56875714300003
            ],
            [
              5.438001851000024,
              49.570587524000075
            ],
            [
              5.429597074000071,
              49.58751476000003
            ],
            [
              5.430380789000026,
              49.59036606800004
            ],
            [
              5.43094179600007,
              49.592407121000065
            ],
            [
              5.428662603000021,
              49.59417089600004
            ],
            [
              5.411640644000045,
              49.60734349900008
            ],
            [
              5.39351124500007,
              49.61711089600004
            ],
            [
              5.375484948000064,
              49.62287907900003
            ],
            [
              5.370529089000058,
              49.62304778500004
            ],
            [
              5.36483989900006,
              49.62324145500003
            ],
            [
              5.356983524000043,
              49.62654695700007
            ],
            [
              5.347476334000021,
              49.630547025000055
            ],
            [
              5.344274247000044,
              49.625584235000076
            ],
            [
              5.338676726000074,
              49.61690885400003
            ],
            [
              5.321935961000065,
              49.614212148000036
            ],
            [
              5.31494979100006,
              49.61204913900008
            ],
            [
              5.305700132000027,
              49.62440358400005
            ],
            [
              5.304892063000068,
              49.63007742900004
            ],
            [
              5.318952886000034,
              49.64657882800003
            ],
            [
              5.323184998000045,
              49.64874910800006
            ],
            [
              5.331334847000051,
              49.652928452000026
            ],
            [
              5.319128108000029,
              49.66369241500007
            ],
            [
              5.309916390000069,
              49.66882202000005
            ],
            [
              5.286533138000038,
              49.681843136000055
            ],
            [
              5.283008209000059,
              49.68487990500006
            ],
            [
              5.282181016000038,
              49.68559254200005
            ],
            [
              5.281726723000077,
              49.685644652000065
            ],
            [
              5.281147174000068,
              49.68571113000007
            ],
            [
              5.280942009000057,
              49.68611294300007
            ],
            [
              5.278921113000024,
              49.69007084000003
            ],
            [
              5.26751093300004,
              49.69603157000006
            ],
            [
              5.256622536000066,
              49.69389815000005
            ],
            [
              5.248890156000073,
              49.68925133600004
            ],
            [
              5.24441904300005,
              49.68656439700004
            ],
            [
              5.238114154000073,
              49.68840887300007
            ],
            [
              5.230617872000039,
              49.69060188700007
            ],
            [
              5.224950149000051,
              49.68952608400008
            ],
            [
              5.217464994000068,
              49.68810531100007
            ],
            [
              5.21373593900006,
              49.69047781900008
            ],
            [
              5.206350117000056,
              49.69517684500005
            ],
            [
              5.199690764000025,
              49.69238138800006
            ],
            [
              5.191089759000022,
              49.69458209900006
            ],
            [
              5.176605486000028,
              49.69362903100006
            ],
            [
              5.16624874300004,
              49.692947556000036
            ],
            [
              5.164005954000061,
              49.69848789900004
            ],
            [
              5.164289177000057,
              49.70256707200008
            ],
            [
              5.164882832000046,
              49.71111729200004
            ],
            [
              5.153738464000071,
              49.71792598900004
            ],
            [
              5.143607818000021,
              49.70932409900007
            ],
            [
              5.138733407000075,
              49.71330247000003
            ],
            [
              5.126777763000064,
              49.713113175000046
            ],
            [
              5.123038870000073,
              49.71732698100004
            ],
            [
              5.124402557000053,
              49.72461216700003
            ],
            [
              5.124841849000063,
              49.72695898200004
            ],
            [
              5.120221394000055,
              49.73324121600007
            ],
            [
              5.118425041000023,
              49.73568363900006
            ],
            [
              5.118445095000027,
              49.73690712600006
            ],
            [
              5.118468991000043,
              49.73836502800003
            ],
            [
              5.116915732000052,
              49.73988657800004
            ],
            [
              5.096569035000073,
              49.75980757800005
            ],
            [
              5.08880244300002,
              49.76530580800005
            ],
            [
              5.082519642000022,
              49.764456805000066
            ],
            [
              5.064615988000071,
              49.762037460000045
            ],
            [
              5.059487886000056,
              49.76709712100006
            ],
            [
              5.046799813000064,
              49.77015692900005
            ],
            [
              5.014872095000044,
              49.77952947400007
            ],
            [
              5.008960376000061,
              49.78266614100005
            ],
            [
              5.002727044000039,
              49.792193076000046
            ],
            [
              5.001752798000041,
              49.79368210000007
            ],
            [
              4.996017656000049,
              49.80019486500004
            ],
            [
              4.969431021000048,
              49.80182612700003
            ],
            [
              4.964670453000053,
              49.79835002600004
            ],
            [
              4.962116670000057,
              49.79924604400003
            ],
            [
              4.956855017000066,
              49.80109214200007
            ],
            [
              4.949535580000031,
              49.799283571000046
            ],
            [
              4.944831860000022,
              49.79314895400006
            ],
            [
              4.942950199000052,
              49.790694882000025
            ],
            [
              4.941629670000054,
              49.792019405000076
            ],
            [
              4.941206008000051,
              49.79244434900005
            ],
            [
              4.937801775000025,
              49.792333830000075
            ],
            [
              4.93277600600004,
              49.78978548100008
            ],
            [
              4.932303703000059,
              49.788729739000075
            ],
            [
              4.931408135000027,
              49.78672787000005
            ],
            [
              4.887225151000052,
              49.78805894900006
            ],
            [
              4.881646966000062,
              49.79182381000004
            ],
            [
              4.880696968000052,
              49.79246498800006
            ],
            [
              4.875542744000029,
              49.793377099000054
            ],
            [
              4.870099844000038,
              49.79343255400005
            ],
            [
              4.870174439000039,
              49.79299475100004
            ],
            [
              4.870767096000066,
              49.78951638800004
            ],
            [
              4.861711245000038,
              49.789294873000074
            ],
            [
              4.854960240000025,
              49.793716275000065
            ],
            [
              4.862576305000061,
              49.80255579700008
            ],
            [
              4.863032468000029,
              49.80308523900004
            ],
            [
              4.863292710000053,
              49.803846048000025
            ],
            [
              4.866560824000032,
              49.81340029100005
            ],
            [
              4.869635483000025,
              49.81526943700004
            ],
            [
              4.875897296000062,
              49.819076117000066
            ],
            [
              4.871513277000076,
              49.82225920600007
            ],
            [
              4.869313301000034,
              49.82385653400007
            ],
            [
              4.868494738000038,
              49.82894293100003
            ],
            [
              4.866581282000027,
              49.840832789000046
            ],
            [
              4.862815027000067,
              49.841519093000045
            ],
            [
              4.857644808000032,
              49.84246123300005
            ],
            [
              4.855064195000068,
              49.849036858000034
            ],
            [
              4.852210901000035,
              49.86265540800008
            ],
            [
              4.858441365000033,
              49.865954808000026
            ],
            [
              4.861510338000073,
              49.867580012000076
            ],
            [
              4.866589420000025,
              49.87673152900004
            ],
            [
              4.872478329000046,
              49.887342199000045
            ],
            [
              4.879212959000029,
              49.89342758200007
            ],
            [
              4.885330818000057,
              49.898955655000066
            ],
            [
              4.882441246000042,
              49.90170816800003
            ],
            [
              4.88075658300005,
              49.903312923000044
            ],
            [
              4.883053214000029,
              49.90555380400008
            ],
            [
              4.887677047000068,
              49.91006539600005
            ],
            [
              4.875831920000053,
              49.92474341700006
            ],
            [
              4.866012212000044,
              49.929316021000034
            ],
            [
              4.858596444000057,
              49.93276921700004
            ],
            [
              4.851921451000067,
              49.94180707700008
            ],
            [
              4.846798652000075,
              49.948743284000045
            ],
            [
              4.835792290000029,
              49.949249157000054
            ],
            [
              4.830627618000051,
              49.94948653500006
            ],
            [
              4.819742456000029,
              49.95259162900004
            ],
            [
              4.813807932000032,
              49.95428450700007
            ],
            [
              4.797625658000072,
              49.95719916400003
            ],
            [
              4.790869140000041,
              49.95841610900004
            ],
            [
              4.790320885000028,
              49.96875411600007
            ],
            [
              4.794346699000073,
              49.981503442000076
            ],
            [
              4.804569539000056,
              49.98362778000006
            ],
            [
              4.81075800800005,
              49.98872271700003
            ],
            [
              4.817428722000045,
              49.99421468400004
            ],
            [
              4.816593199000067,
              49.99974468900007
            ],
            [
              4.816248664000057,
              50.00202503500003
            ],
            [
              4.817261104000067,
              50.00436991300006
            ],
            [
              4.817886783000063,
              50.005819028000076
            ],
            [
              4.820061917000032,
              50.010856784000055
            ],
            [
              4.819340255000043,
              50.012644160000036
            ],
            [
              4.817523165000068,
              50.01714463500008
            ],
            [
              4.820638491000068,
              50.026072844000055
            ],
            [
              4.829539081000064,
              50.03145089900005
            ],
            [
              4.838956154000073,
              50.03714103200008
            ],
            [
              4.841247679000048,
              50.042770579000035
            ],
            [
              4.83932324400007,
              50.045994793000034
            ],
            [
              4.832329352000045,
              50.048575268000036
            ],
            [
              4.828307080000059,
              50.05005933000007
            ],
            [
              4.826993734000041,
              50.05841244100003
            ],
            [
              4.819182908000073,
              50.06067654200007
            ],
            [
              4.82073317000004,
              50.06528439500005
            ],
            [
              4.828122726000061,
              50.06655471200003
            ],
            [
              4.837763755000026,
              50.06821207300004
            ],
            [
              4.84191886800005,
              50.076487272000065
            ],
            [
              4.841177365000021,
              50.07965144700006
            ],
            [
              4.84043908600006,
              50.082801869000036
            ],
            [
              4.841996150000057,
              50.08339437600006
            ],
            [
              4.845681293000041,
              50.08479667800003
            ],
            [
              4.843061480000074,
              50.08826434200006
            ],
            [
              4.838924601000031,
              50.093740042000036
            ],
            [
              4.850080780000042,
              50.10019312800006
            ],
            [
              4.858923204000064,
              50.09922805200006
            ],
            [
              4.861781574000076,
              50.09327562400006
            ],
            [
              4.862455518000047,
              50.09187216500004
            ],
            [
              4.872252803000038,
              50.08897724000008
            ],
            [
              4.874399553000046,
              50.09394211400007
            ],
            [
              4.869991903000027,
              50.09730716400003
            ],
            [
              4.868935950000036,
              50.098113338000076
            ],
            [
              4.87027370800007,
              50.10165815200003
            ],
            [
              4.872895389000064,
              50.108605124000064
            ],
            [
              4.871039148000023,
              50.113476297000034
            ],
            [
              4.868420998000033,
              50.12034688400007
            ],
            [
              4.879237200000034,
              50.13029500600004
            ],
            [
              4.88659479100005,
              50.13275572500004
            ],
            [
              4.894888537000043,
              50.13552953700008
            ],
            [
              4.895311089000074,
              50.13977797600006
            ],
            [
              4.885571939000044,
              50.14115460700003
            ],
            [
              4.882721592000053,
              50.14155750400005
            ],
            [
              4.880511392000074,
              50.14610545800008
            ],
            [
              4.876919701000077,
              50.153496121000046
            ],
            [
              4.871967751000057,
              50.15356460300006
            ],
            [
              4.850522714000022,
              50.15368315300003
            ],
            [
              4.83341251500002,
              50.153777740000066
            ],
            [
              4.824823270000024,
              50.161154716000055
            ],
            [
              4.824142391000066,
              50.164304736000076
            ],
            [
              4.823244713000065,
              50.16845775000007
            ],
            [
              4.811408751000045,
              50.15804041300004
            ],
            [
              4.805790330000036,
              50.15309540000004
            ],
            [
              4.796697108000046,
              50.14867816000003
            ],
            [
              4.779636229000062,
              50.14134996000007
            ],
            [
              4.771332200000074,
              50.13882159800005
            ],
            [
              4.763364781000064,
              50.13639572500006
            ],
            [
              4.755916812000066,
              50.121650498000065
            ],
            [
              4.750367423000057,
              50.12109248200005
            ],
            [
              4.751005650000025,
              50.11466360500003
            ],
            [
              4.751293992000058,
              50.11175913100004
            ],
            [
              4.742012395000074,
              50.10887389800007
            ],
            [
              4.739291943000069,
              50.10802860200005
            ],
            [
              4.735006700000042,
              50.10669657400007
            ],
            [
              4.720072483000024,
              50.10205440900006
            ],
            [
              4.716955228000074,
              50.099718540000026
            ],
            [
              4.713358008000057,
              50.09702301600004
            ],
            [
              4.705673628000056,
              50.09535748900004
            ],
            [
              4.701460277000024,
              50.09444428000006
            ],
            [
              4.691655947000072,
              50.08243471800006
            ],
            [
              4.690462084000046,
              50.07956213800003
            ],
            [
              4.687230164000027,
              50.07178574100004
            ],
            [
              4.686311966000062,
              50.07114222900003
            ],
            [
              4.681087363000074,
              50.067480610000075
            ],
            [
              4.687393479000036,
              50.058016672000065
            ],
            [
              4.690821718000052,
              50.05847397900004
            ],
            [
              4.696980862000032,
              50.05929557400003
            ],
            [
              4.69865012200006,
              50.052065697000046
            ],
            [
              4.69512476500006,
              50.044173243000046
            ],
            [
              4.690586029000031,
              50.03401206800004
            ],
            [
              4.687263753000025,
              50.028438367000035
            ],
            [
              4.684905895000043,
              50.02677155300006
            ],
            [
              4.687082955000051,
              50.02460091800003
            ],
            [
              4.685755942000071,
              50.020389640000076
            ],
            [
              4.685893788000044,
              50.01432043600005
            ],
            [
              4.687853659000041,
              50.012113999000064
            ],
            [
              4.688502864000043,
              50.01138311900007
            ],
            [
              4.686467135000044,
              50.00436991300006
            ],
            [
              4.68633711800004,
              50.003921999000056
            ],
            [
              4.694556080000041,
              49.99650955000004
            ],
            [
              4.675534359000039,
              49.99676670500003
            ],
            [
              4.669014341000036,
              49.996854849000044
            ],
            [
              4.657273910000072,
              49.993809217000035
            ],
            [
              4.633338281000022,
              49.98759998100007
            ],
            [
              4.612935553000057,
              49.98662811600008
            ],
            [
              4.600076965000028,
              49.98601560900005
            ],
            [
              4.597349521000069,
              49.986196404000054
            ],
            [
              4.588358098000072,
              49.984138904000076
            ],
            [
              4.58168607600004,
              49.98344395300006
            ],
            [
              4.575996952000025,
              49.98112844500008
            ],
            [
              4.573628107000047,
              49.980254881000064
            ],
            [
              4.573699348000048,
              49.97865301200005
            ],
            [
              4.573771945000033,
              49.97702063300005
            ],
            [
              4.572236167000028,
              49.97466659200006
            ],
            [
              4.570150005000073,
              49.97363295000008
            ],
            [
              4.561047969000072,
              49.96969193500007
            ],
            [
              4.555242394000061,
              49.969375039000056
            ],
            [
              4.541175169000041,
              49.96860718200003
            ],
            [
              4.527690047000021,
              49.95552497700004
            ],
            [
              4.523698443000058,
              49.95165263700005
            ],
            [
              4.51127798400006,
              49.946811506000074
            ],
            [
              4.505632735000063,
              49.94740529100005
            ],
            [
              4.504769778000025,
              49.94749606000005
            ],
            [
              4.498709070000075,
              49.94813336100003
            ],
            [
              4.495178027000065,
              49.948504875000026
            ],
            [
              4.485989325000048,
              49.94606009300003
            ],
            [
              4.480582884000057,
              49.94768889000005
            ],
            [
              4.47040155600007,
              49.94461656500005
            ],
            [
              4.445755916000053,
              49.937179478000076
            ],
            [
              4.439918374000058,
              49.941133696000065
            ],
            [
              4.432493779000026,
              49.94161597200008
            ],
            [
              4.418445703000032,
              49.94669688000005
            ],
            [
              4.399139160000061,
              49.948398499000064
            ],
            [
              4.390630334000036,
              49.948108379000075
            ],
            [
              4.38079742900004,
              49.953539231000036
            ],
            [
              4.349324988000035,
              49.952240104000055
            ],
            [
              4.33495119600002,
              49.96274579000004
            ],
            [
              4.305992552000021,
              49.96797610800007
            ],
            [
              4.291635449000069,
              49.964044830000034
            ],
            [
              4.256165483000075,
              49.963631458000066
            ],
            [
              4.233054695000021,
              49.957830612000066
            ],
            [
              4.227724269000021,
              49.957973983000045
            ],
            [
              4.225692046000063,
              49.95908764600006
            ],
            [
              4.222760831000073,
              49.95767965700003
            ],
            [
              4.219242983000072,
              49.95732656100006
            ],
            [
              4.216150240000047,
              49.95701613400007
            ],
            [
              4.215214494000065,
              49.95717954400004
            ],
            [
              4.212177692000068,
              49.95770986100007
            ],
            [
              4.20979686000004,
              49.95713791500003
            ],
            [
              4.205925199000035,
              49.95750454000006
            ],
            [
              4.202716623000072,
              49.956723440000076
            ],
            [
              4.198919051000075,
              49.955798955000034
            ],
            [
              4.197321841000075,
              49.95449434100004
            ],
            [
              4.195263469000054,
              49.95767966000005
            ],
            [
              4.195667890000038,
              49.96112229500005
            ],
            [
              4.196384634000026,
              49.96722358800008
            ],
            [
              4.173847949000049,
              49.976068431000044
            ],
            [
              4.164161812000032,
              49.97551478300005
            ],
            [
              4.153602034000073,
              49.974911199000076
            ],
            [
              4.140853127000071,
              49.97876015200006
            ],
            [
              4.155512943000076,
              49.98620495700004
            ],
            [
              4.162492831000066,
              49.99751123900006
            ],
            [
              4.160255932000041,
              50.00094709500007
            ],
            [
              4.14997044100005,
              50.002754320000065
            ],
            [
              4.147883786000023,
              50.00312095800007
            ],
            [
              4.146588389000044,
              50.00436991300006
            ],
            [
              4.135377764000054,
              50.01517861800005
            ],
            [
              4.137435355000036,
              50.02121931900007
            ],
            [
              4.160735844000044,
              50.04752736100005
            ],
            [
              4.17101682200007,
              50.047004591000075
            ],
            [
              4.173942292000049,
              50.04739987200003
            ],
            [
              4.19351081700006,
              50.050043911000046
            ],
            [
              4.199708251000061,
              50.05634168500006
            ],
            [
              4.22156267400004,
              50.06296898200003
            ],
            [
              4.230168307000042,
              50.07128692600003
            ],
            [
              4.227497023000069,
              50.07968156700008
            ],
            [
              4.213175289000048,
              50.09468763800004
            ],
            [
              4.212034661000075,
              50.09513138800003
            ],
            [
              4.203453521000029,
              50.09846979500003
            ],
            [
              4.202375428000039,
              50.10148452800007
            ],
            [
              4.206033393000041,
              50.10521065700004
            ],
            [
              4.197606023000048,
              50.10944340000003
            ],
            [
              4.201807522000024,
              50.11440163100008
            ],
            [
              4.203196232000039,
              50.11604046100007
            ],
            [
              4.201792831000034,
              50.12311997000006
            ],
            [
              4.198734431000048,
              50.12758702700006
            ],
            [
              4.199523670000076,
              50.13293537100003
            ],
            [
              4.196081068000069,
              50.13500236600004
            ],
            [
              4.159927794000055,
              50.135131063000074
            ],
            [
              4.154455669000072,
              50.130934327000034
            ],
            [
              4.151513331000046,
              50.12867776000007
            ],
            [
              4.12687479300007,
              50.134922137000046
            ],
            [
              4.134817206000037,
              50.14290304200006
            ],
            [
              4.138908951000076,
              50.15225746400006
            ],
            [
              4.144957480000073,
              50.155834155000036
            ],
            [
              4.152935311000022,
              50.160551706000035
            ],
            [
              4.155018751000057,
              50.16713355300004
            ],
            [
              4.154399191000039,
              50.17152005100007
            ],
            [
              4.152471820000073,
              50.17265155300004
            ],
            [
              4.149341727000035,
              50.17448913700008
            ],
            [
              4.15331635900003,
              50.18022899500005
            ],
            [
              4.154596341000058,
              50.18207744700004
            ],
            [
              4.156619,
              50.18499841700003
            ],
            [
              4.156196931000068,
              50.19284057300007
            ],
            [
              4.159606756000073,
              50.19374977000007
            ],
            [
              4.159889025000041,
              50.201023028000066
            ],
            [
              4.15601851100007,
              50.204473473000064
            ],
            [
              4.15279313800005,
              50.20734879400004
            ],
            [
              4.150810967000041,
              50.21342096800004
            ],
            [
              4.159465585000021,
              50.21432932300007
            ],
            [
              4.166002941000045,
              50.21501545900003
            ],
            [
              4.171742675000075,
              50.21812415000005
            ],
            [
              4.178411229000062,
              50.22640839200005
            ],
            [
              4.183104530000037,
              50.23223880900008
            ],
            [
              4.199013945000047,
              50.24045554500003
            ],
            [
              4.203763870000046,
              50.242572335000034
            ],
            [
              4.21360339000006,
              50.24695728900008
            ],
            [
              4.221174017000067,
              50.25539035700007
            ],
            [
              4.204320498000072,
              50.27415835000005
            ],
            [
              4.182254234000027,
              50.27506364300007
            ],
            [
              4.178887849000034,
              50.27520175300003
            ],
            [
              4.175649499000031,
              50.27802637500008
            ],
            [
              4.175630521000073,
              50.27852283800007
            ],
            [
              4.17542915100006,
              50.28379059400004
            ],
            [
              4.163213702000064,
              50.28817406700006
            ],
            [
              4.15078098400005,
              50.275661125000056
            ],
            [
              4.158897529000058,
              50.27282812300007
            ],
            [
              4.162466150000057,
              50.271582530000046
            ],
            [
              4.167498834000071,
              50.26606940000005
            ],
            [
              4.167340977000038,
              50.260747898000034
            ],
            [
              4.163608125000053,
              50.25729013100005
            ],
            [
              4.134910787000024,
              50.25909038200007
            ],
            [
              4.137799237000024,
              50.26149485900004
            ],
            [
              4.136908683000058,
              50.26628690900003
            ],
            [
              4.135555344000068,
              50.27356919700003
            ],
            [
              4.132233537000047,
              50.27348477500004
            ],
            [
              4.124071934000028,
              50.27327735100005
            ],
            [
              4.124821599000029,
              50.284896210000056
            ],
            [
              4.12509314700003,
              50.28910486800004
            ],
            [
              4.12260734900002,
              50.29696696800005
            ],
            [
              4.116748080000036,
              50.30282440800005
            ],
            [
              4.109619512000052,
              50.30280723200008
            ],
            [
              4.097682404000068,
              50.31259535600003
            ],
            [
              4.086262164000061,
              50.31057355300004
            ],
            [
              4.078786187000048,
              50.309250030000044
            ],
            [
              4.078618874000028,
              50.310428588000036
            ],
            [
              4.07792732300004,
              50.31409617500003
            ],
            [
              4.076596509000069,
              50.32115404400008
            ],
            [
              4.065053055000021,
              50.33002934800004
            ],
            [
              4.056242944000076,
              50.33273577500006
            ],
            [
              4.053239975000054,
              50.33864179300008
            ],
            [
              4.042493861000025,
              50.33983237700005
            ],
            [
              4.037566882000021,
              50.34290702900006
            ],
            [
              4.027774357000055,
              50.35833051100008
            ],
            [
              4.018599582000036,
              50.35647584800006
            ],
            [
              4.018206758000076,
              50.35611325900004
            ],
            [
              4.01239144300007,
              50.35074554800008
            ],
            [
              3.991708278000033,
              50.347635152000066
            ],
            [
              3.986821754000061,
              50.34245696800008
            ],
            [
              3.975184813000055,
              50.34614310100005
            ],
            [
              3.973428676000026,
              50.34669937700005
            ],
            [
              3.97217653000007,
              50.34544594400006
            ],
            [
              3.967308123000066,
              50.34057253000003
            ],
            [
              3.96757529000007,
              50.344379625000045
            ],
            [
              3.967819259000066,
              50.347856155000045
            ],
            [
              3.965597940000066,
              50.34935877400005
            ],
            [
              3.927588250000042,
              50.335112794000054
            ],
            [
              3.919752919000075,
              50.33217612200008
            ],
            [
              3.906006135000041,
              50.32812214000006
            ],
            [
              3.886014231000047,
              50.327057025000045
            ],
            [
              3.888863588000049,
              50.33083434500003
            ],
            [
              3.889294692000021,
              50.33140584900008
            ],
            [
              3.887449850000053,
              50.339944082000045
            ],
            [
              3.873402191000025,
              50.33829968600003
            ],
            [
              3.872507588000076,
              50.33819496500007
            ],
            [
              3.861616574000038,
              50.34354003900006
            ],
            [
              3.858700698000064,
              50.34334466700005
            ],
            [
              3.858070226000052,
              50.34570253100003
            ],
            [
              3.857478212000046,
              50.34791656900006
            ],
            [
              3.853231971000071,
              50.35132193600003
            ],
            [
              3.846917048000023,
              50.35314635600008
            ],
            [
              3.84377506900006,
              50.35360364500008
            ],
            [
              3.838778169000022,
              50.35432796900005
            ],
            [
              3.825641415000064,
              50.35296780800007
            ],
            [
              3.822830845000055,
              50.34814732700005
            ],
            [
              3.821791451000024,
              50.346364634000054
            ],
            [
              3.811611116000051,
              50.344871374000036
            ],
            [
              3.812208707000025,
              50.34661224200005
            ],
            [
              3.813970749000021,
              50.351745322000056
            ],
            [
              3.806408652000073,
              50.35507688900003
            ],
            [
              3.79812043000004,
              50.35157712400007
            ],
            [
              3.767080682000028,
              50.35208306700008
            ],
            [
              3.76403414400005,
              50.34865972600005
            ],
            [
              3.763511023000035,
              50.34807190500004
            ],
            [
              3.758843302000059,
              50.348880344000065
            ],
            [
              3.749342922000039,
              50.35052578900007
            ],
            [
              3.740648142000055,
              50.347696908000046
            ],
            [
              3.734767089000059,
              50.33876838800006
            ],
            [
              3.734461080000074,
              50.332320862000074
            ],
            [
              3.730061144000047,
              50.32814483800007
            ],
            [
              3.731277113000033,
              50.32215177000006
            ],
            [
              3.731514443000037,
              50.32098205800003
            ],
            [
              3.728727271000025,
              50.31444119500003
            ],
            [
              3.731694181000023,
              50.311900868000066
            ],
            [
              3.72427295500006,
              50.310509988000035
            ],
            [
              3.721857047000071,
              50.31305217000005
            ],
            [
              3.717896021000058,
              50.31722023200007
            ],
            [
              3.710917855000048,
              50.31885872700008
            ],
            [
              3.710554470000034,
              50.31519196200003
            ],
            [
              3.715287353000065,
              50.30975508900008
            ],
            [
              3.716994625000041,
              50.30779387000007
            ],
            [
              3.715577590000066,
              50.30456157800006
            ],
            [
              3.710389058000032,
              50.303165396000054
            ],
            [
              3.707680577000076,
              50.30521829800006
            ],
            [
              3.701436153000031,
              50.31096530600007
            ],
            [
              3.694956083000022,
              50.31348944900003
            ],
            [
              3.694686503000071,
              50.316380845000026
            ],
            [
              3.690665800000033,
              50.31868516500003
            ],
            [
              3.693308247000061,
              50.32166439200006
            ],
            [
              3.68592151100006,
              50.32523011700005
            ],
            [
              3.684878148000053,
              50.327549
            ],
            [
              3.673632751000071,
              50.33491494400005
            ],
            [
              3.676283463000061,
              50.34006497400003
            ],
            [
              3.676458858000046,
              50.340405747000034
            ],
            [
              3.675074186000074,
              50.34135269600006
            ],
            [
              3.666043961000071,
              50.34752828100005
            ],
            [
              3.66624162200003,
              50.35337670700005
            ],
            [
              3.666514734000032,
              50.361457614000074
            ],
            [
              3.662580350000042,
              50.36552909800008
            ],
            [
              3.657756045000042,
              50.370521514000075
            ],
            [
              3.661880770000039,
              50.37566847900007
            ],
            [
              3.665258137000023,
              50.37988286700005
            ],
            [
              3.668452557000023,
              50.38446062600008
            ],
            [
              3.672770757000023,
              50.38950471100003
            ],
            [
              3.673389025000063,
              50.40963740400008
            ],
            [
              3.670764514000041,
              50.41649418900005
            ],
            [
              3.672282764000045,
              50.42205037900004
            ],
            [
              3.668869090000044,
              50.42332860000005
            ],
            [
              3.668792176000068,
              50.43644356200008
            ],
            [
              3.661366262000058,
              50.44363598000007
            ],
            [
              3.660601473000042,
              50.444376721000026
            ],
            [
              3.660833791000073,
              50.44528166400005
            ],
            [
              3.663125739000066,
              50.454209426000034
            ],
            [
              3.655510062000076,
              50.46173548400003
            ],
            [
              3.643605903000037,
              50.46316142500007
            ],
            [
              3.639196997000056,
              50.46875522700003
            ],
            [
              3.629480793000027,
              50.48108266500003
            ],
            [
              3.615081371000031,
              50.49039897400007
            ],
            [
              3.606258460000049,
              50.49640829200007
            ],
            [
              3.596615406000069,
              50.49364488900005
            ],
            [
              3.585925047000046,
              50.49058136100007
            ],
            [
              3.574184587000047,
              50.49758774000003
            ],
            [
              3.569768711000052,
              50.50022301100006
            ],
            [
              3.564273524000043,
              50.49932988900008
            ],
            [
              3.55858618700006,
              50.49840553700005
            ],
            [
              3.551885459000061,
              50.49774497900006
            ],
            [
              3.522770007000076,
              50.494874777000064
            ],
            [
              3.518890902000066,
              50.493496254000036
            ],
            [
              3.506630914000027,
              50.48913940600005
            ],
            [
              3.500190812000028,
              50.489489555000034
            ],
            [
              3.498014578000038,
              50.49859305700005
            ],
            [
              3.51099419600007,
              50.509431207000034
            ],
            [
              3.514140776000033,
              50.512058642000056
            ],
            [
              3.51650881300003,
              50.51861400900003
            ],
            [
              3.517786365000063,
              50.52215062100004
            ],
            [
              3.499059899000031,
              50.52989215200006
            ],
            [
              3.494280873000037,
              50.52911881300008
            ],
            [
              3.490824899000074,
              50.52855957000003
            ],
            [
              3.4877777777777776,
              50.529444444444444
            ],
            [
              3.485245422000048,
              50.52966513400003
            ],
            [
              3.470356068000058,
              50.532615434000036
            ],
            [
              3.454618709000044,
              50.51861400900003
            ],
            [
              3.452720516000056,
              50.51388432400006
            ],
            [
              3.450041835000036,
              50.50720991700007
            ],
            [
              3.439774653000029,
              50.50723633400003
            ],
            [
              3.439474278000034,
              50.50723710700004
            ],
            [
              3.436091483000041,
              50.50952555400005
            ],
            [
              3.428238304000047,
              50.50466950400005
            ],
            [
              3.424923,
              50.50380851400007
            ],
            [
              3.405514238000023,
              50.49876802400007
            ],
            [
              3.401655335000044,
              50.498438244000056
            ],
            [
              3.39141991200006,
              50.497563531000026
            ],
            [
              3.385060018000047,
              50.49460798000007
            ],
            [
              3.377232933000073,
              50.490970599000036
            ],
            [
              3.370154419000073,
              50.496329004000074
            ],
            [
              3.360534605000055,
              50.50361116100004
            ],
            [
              3.343485245000068,
              50.50643125800008
            ],
            [
              3.334672132000037,
              50.507889015000046
            ],
            [
              3.328822188000061,
              50.508110085000055
            ],
            [
              3.327144069000042,
              50.50938788700006
            ],
            [
              3.327632764000043,
              50.51243616000005
            ],
            [
              3.327655496000034,
              50.51257795400005
            ],
            [
              3.319426714000031,
              50.51839410600007
            ],
            [
              3.317616970000074,
              50.51861400900003
            ],
            [
              3.308351591000076,
              50.51973984700004
            ],
            [
              3.305371433000062,
              50.52010196700007
            ],
            [
              3.286492129000067,
              50.527569079000045
            ],
            [
              3.28026288600006,
              50.53936521800006
            ],
            [
              3.280831513000066,
              50.54842181200007
            ],
            [
              3.281263988000035,
              50.55530989400006
            ],
            [
              3.280148819000033,
              50.55527014300003
            ],
            [
              3.278994032000071,
              50.55522897900005
            ],
            [
              3.276016868000056,
              50.55825413000008
            ],
            [
              3.279690199000072,
              50.55987071200008
            ],
            [
              3.283798270000034,
              50.56167861800003
            ],
            [
              3.27918586200002,
              50.564929876000065
            ],
            [
              3.278654800000027,
              50.56530421900004
            ],
            [
              3.279026659000067,
              50.56652690200008
            ],
            [
              3.281785091000074,
              50.57559671700005
            ],
            [
              3.277682887000026,
              50.58000671800005
            ],
            [
              3.276133238000057,
              50.58167264100007
            ],
            [
              3.276999881000052,
              50.58685818200007
            ],
            [
              3.278312153000059,
              50.59471014300004
            ],
            [
              3.275859315000048,
              50.59829957300008
            ],
            [
              3.270942056000024,
              50.60549538300006
            ],
            [
              3.269386854000061,
              50.61018953700005
            ],
            [
              3.268600783000068,
              50.61256218200003
            ],
            [
              3.267685504000042,
              50.613298816000054
            ],
            [
              3.256381902000044,
              50.622396165000055
            ],
            [
              3.258668811000064,
              50.62815507600004
            ],
            [
              3.250621829000067,
              50.636127499000054
            ],
            [
              3.245405383000048,
              50.640740736000055
            ],
            [
              3.248720954000021,
              50.64774829900006
            ],
            [
              3.245047077000038,
              50.65140900100005
            ],
            [
              3.246176926000032,
              50.65260650400006
            ],
            [
              3.246314157000029,
              50.652751952000074
            ],
            [
              3.24569974700006,
              50.653478567000036
            ],
            [
              3.241166079000038,
              50.65884018100007
            ],
            [
              3.242077905000031,
              50.66666812300008
            ],
            [
              3.249058264000041,
              50.672396853000066
            ],
            [
              3.25803634500005,
              50.675048926000045
            ],
            [
              3.264019176000033,
              50.676816220000035
            ],
            [
              3.2602777777777776,
              50.68
            ],
            [
              3.260205905000021,
              50.68207484200008
            ],
            [
              3.253646939000021,
              50.691119865000076
            ],
            [
              3.258587331000058,
              50.691874152000025
            ],
            [
              3.260078390000047,
              50.69210180300007
            ],
            [
              3.260187114000075,
              50.700890721000064
            ],
            [
              3.245380278000027,
              50.713005880000026
            ],
            [
              3.237037991000022,
              50.71208690900005
            ],
            [
              3.222118472000034,
              50.710443403000056
            ],
            [
              3.208282608000047,
              50.71264248700004
            ],
            [
              3.20800146800002,
              50.71684515100003
            ],
            [
              3.207908555000074,
              50.71823408200004
            ],
            [
              3.206444640000029,
              50.71881942700003
            ],
            [
              3.192094507000036,
              50.72455731500003
            ],
            [
              3.196768163000058,
              50.73109055000003
            ],
            [
              3.197893718000046,
              50.73266394700005
            ],
            [
              3.196317190000059,
              50.737033935000056
            ],
            [
              3.18922384800004,
              50.74065779400007
            ],
            [
              3.188484767000034,
              50.74103537700006
            ],
            [
              3.187591902000065,
              50.74272732900005
            ],
            [
              3.184267194000029,
              50.74902754800007
            ],
            [
              3.176995843000043,
              50.75616461000004
            ],
            [
              3.171682798000063,
              50.75861005300004
            ],
            [
              3.171543015000054,
              50.76188525900005
            ],
            [
              3.171535962000064,
              50.762050517000034
            ],
            [
              3.170842549000042,
              50.76262012900003
            ],
            [
              3.168536324000058,
              50.764514606000034
            ],
            [
              3.165015633000053,
              50.767406906000076
            ],
            [
              3.161578122000037,
              50.772251002000075
            ],
            [
              3.152705203000039,
              50.78108950400008
            ],
            [
              3.152452444000062,
              50.78191348400003
            ],
            [
              3.150092595000046,
              50.78960646400003
            ],
            [
              3.141839259000051,
              50.788670428000046
            ],
            [
              3.126294333000033,
              50.78690743000004
            ],
            [
              3.119993084000043,
              50.790781441000036
            ],
            [
              3.115134505000071,
              50.79376849800008
            ],
            [
              3.110443989000032,
              50.79246209200005
            ],
            [
              3.10581022100007,
              50.78434652400006
            ],
            [
              3.104972987000053,
              50.782880195000075
            ],
            [
              3.098480837000068,
              50.77901914200004
            ],
            [
              3.090169152000044,
              50.77437945600008
            ],
            [
              3.086843879000071,
              50.77294554800005
            ],
            [
              3.081418959000075,
              50.77265560200004
            ],
            [
              3.076940977000049,
              50.774485576000075
            ],
            [
              3.07501363700004,
              50.77527357300005
            ],
            [
              3.070548709000036,
              50.77709817900006
            ],
            [
              3.06751104600005,
              50.77833952900005
            ],
            [
              3.06196626000002,
              50.77982095700003
            ],
            [
              3.058718899000041,
              50.780689076000044
            ],
            [
              3.041192681000041,
              50.77538487000004
            ],
            [
              3.04081715500007,
              50.77505346500004
            ],
            [
              3.035247204000029,
              50.77013793000003
            ],
            [
              3.018708739000033,
              50.773533013000076
            ],
            [
              2.983271954000031,
              50.75717155400008
            ],
            [
              2.972276321000038,
              50.75024372900003
            ],
            [
              2.956712287000073,
              50.75292898600003
            ],
            [
              2.940102835000062,
              50.74535005200005
            ],
            [
              2.938186046000055,
              50.74003884800004
            ],
            [
              2.943936233000045,
              50.732117447000064
            ],
            [
              2.93720048800003,
              50.73004064100007
            ],
            [
              2.930854110000041,
              50.726513090000026
            ],
            [
              2.929900541000052,
              50.71162327700006
            ],
            [
              2.922302784000067,
              50.702793102000044
            ],
            [
              2.91108317100003,
              50.70308192700003
            ],
            [
              2.909190184000067,
              50.69390730900005
            ],
            [
              2.90040282700005,
              50.69327162400003
            ],
            [
              2.896111111111111,
              50.696666666666665
            ],
            [
              2.886375194000038,
              50.70537534300007
            ],
            [
              2.870144239000069,
              50.70290001700005
            ],
            [
              2.86434913100004,
              50.707492942000044
            ],
            [
              2.846892586000024,
              50.72172952300008
            ],
            [
              2.827538079000021,
              50.718970994000074
            ],
            [
              2.813247005000051,
              50.716934138000056
            ],
            [
              2.790973727000051,
              50.72614058600004
            ],
            [
              2.782974529000057,
              50.74127680700008
            ],
            [
              2.782804767000073,
              50.74504603200006
            ],
            [
              2.78256327400004,
              50.750407917000075
            ],
            [
              2.776256316000058,
              50.752675554000064
            ],
            [
              2.764204372000052,
              50.75700877300005
            ],
            [
              2.762785204000068,
              50.76176971400008
            ],
            [
              2.757669250000049,
              50.76343699100005
            ],
            [
              2.758829954000021,
              50.766299023000045
            ],
            [
              2.760702799000057,
              50.77091703000008
            ],
            [
              2.754281089000074,
              50.774589485000035
            ],
            [
              2.748155793000024,
              50.77903923300005
            ],
            [
              2.741082479000056,
              50.78017353000007
            ],
            [
              2.738531241000032,
              50.78058265400006
            ],
            [
              2.733054977000052,
              50.78626749500006
            ],
            [
              2.725846011000044,
              50.793751033000035
            ],
            [
              2.722233384000049,
              50.80197856600006
            ],
            [
              2.722579696000025,
              50.80315621900007
            ],
            [
              2.724343701000066,
              50.80915481400007
            ],
            [
              2.712383045000024,
              50.81499510400005
            ],
            [
              2.681924894000076,
              50.813591761000055
            ],
            [
              2.680621674000065,
              50.81353171600006
            ],
            [
              2.680481325000073,
              50.813638627000046
            ],
            [
              2.678669988000024,
              50.815018413000075
            ],
            [
              2.670140407000076,
              50.82151582400007
            ],
            [
              2.662292183000034,
              50.81627247200004
            ],
            [
              2.658694423000043,
              50.81434594800004
            ],
            [
              2.657241843000065,
              50.81356812200005
            ],
            [
              2.634949827000071,
              50.81274384800008
            ],
            [
              2.632222222222222,
              50.816944444444445
            ],
            [
              2.629650260000062,
              50.82550367500005
            ],
            [
              2.625440558000037,
              50.83563942200004
            ],
            [
              2.62279314500006,
              50.83696814100006
            ],
            [
              2.617849885000055,
              50.83944912900006
            ],
            [
              2.616285839000057,
              50.84381814500006
            ],
            [
              2.614858859000037,
              50.84780428200003
            ],
            [
              2.608842628000048,
              50.848193250000065
            ],
            [
              2.60129511100007,
              50.84868122000006
            ],
            [
              2.599138961000051,
              50.853278868000075
            ],
            [
              2.605699607000076,
              50.85906607800007
            ],
            [
              2.611476813000024,
              50.86416220900003
            ],
            [
              2.609553738000045,
              50.868018075000066
            ],
            [
              2.607277839000062,
              50.87258137400005
            ],
            [
              2.608949686000074,
              50.87873602600007
            ],
            [
              2.609180164000065,
              50.879584496000064
            ],
            [
              2.60886565200002,
              50.88022707700003
            ],
            [
              2.605128209000043,
              50.88786305700006
            ],
            [
              2.608071992000021,
              50.89430930700007
            ],
            [
              2.60897023900003,
              50.89627627400006
            ],
            [
              2.607806861000029,
              50.899013627000045
            ],
            [
              2.604694235000068,
              50.90633743700005
            ],
            [
              2.607036110000024,
              50.91268938500008
            ],
            [
              2.605032855000047,
              50.913932904000035
            ],
            [
              2.60366089300004,
              50.91640095200006
            ],
            [
              2.601563898000052,
              50.91578257900005
            ],
            [
              2.598925200000053,
              50.91500446500004
            ],
            [
              2.59352824900003,
              50.91455103100003
            ],
            [
              2.591641863000063,
              50.915767421000055
            ],
            [
              2.589983222000058,
              50.91909052700004
            ],
            [
              2.594710888000066,
              50.92073738300007
            ],
            [
              2.594799824000063,
              50.920768363000036
            ],
            [
              2.600044945000036,
              50.92516590100007
            ],
            [
              2.603058068000053,
              50.92769253500006
            ],
            [
              2.608974937000028,
              50.931018882000046
            ],
            [
              2.617291974000068,
              50.93491783500008
            ],
            [
              2.619031881000069,
              50.94119216100006
            ],
            [
              2.631577421000031,
              50.94587014200005
            ],
            [
              2.62024421700005,
              50.96237734600004
            ],
            [
              2.607809301000032,
              50.98048923300007
            ],
            [
              2.608230219000063,
              50.98172998200005
            ],
            [
              2.609555786000044,
              50.985637387000054
            ],
            [
              2.604782662000048,
              50.99064585800005
            ],
            [
              2.596864625000023,
              50.99219509000005
            ],
            [
              2.593341470000041,
              50.99288442500006
            ],
            [
              2.576964334000024,
              51.00133356100008
            ],
            [
              2.572455865000052,
              51.01308439100006
            ],
            [
              2.574443059000032,
              51.01364244500007
            ],
            [
              2.575892014000033,
              51.01404934800007
            ],
            [
              2.569178538000074,
              51.03590554900006
            ],
            [
              2.566034062000028,
              51.04615030400004
            ],
            [
              2.562709197000061,
              51.05776222600008
            ],
            [
              2.559194228000024,
              51.07003807800004
            ],
            [
              2.54555556,
              51.08916667
            ]
          ]
        ]
      }
    }
  ]
}
